arm,time_s,target_timestamp_ns,source_timestamp_ns,source_index,age_ms,fx,fy,fz,tx,ty,tz
left,0.01,1787652110631508096,1787652110627208553,6,4.299543,29.289753173322897,12.141702035681414,73.73739358761719,-0.15173270789377047,4.269243668472436,-0.8378566831599848
left,0.02,1787652110641508096,1787652110636894913,13,4.613183,28.8590764150379,12.164046545873344,73.9358604683486,-0.1505501713896168,4.254784000099583,-0.8391973937412861
left,0.03,1787652110651508096,1787652110647372432,23,4.135664,29.07656830876335,12.5301282078868,73.69015577603031,-0.14921376365255543,4.2610946758759916,-0.8486327119564183
left,0.04,1787652110661508096,1787652110656944607,31,4.563489,28.983626501613557,12.134944325314127,73.9768199818171,-0.1503610702724264,4.262174431762929,-0.8401952230147891
left,0.05,1787652110671508096,1787652110667006268,39,4.501828,29.32870129099793,12.521112530906304,73.99896173826697,-0.14945007197210142,4.276751089312772,-0.8496681227521259
left,0.06,1787652110681508096,1787652110676931020,44,4.577076,29.319099718301963,12.165424781272296,73.97332030902916,-0.14876670496454059,4.272726555692664,-0.8425092647378379
left,0.07,1787652110691508096,1787652110687325530,52,4.182566,28.87555097244836,12.54724001816051,73.92571163764805,-0.1478717830391995,4.250135770051325,-0.8491750748741286
left,0.08,1787652110701508096,1787652110697387034,61,4.121062,29.260666595877307,12.54117664204727,73.9668849754252,-0.14998449631009877,4.2685845413585515,-0.8504031378051992
left,0.09,1787652110711508096,1787652110706847962,69,4.660134,28.990585896929076,12.518223147960702,73.64269013510362,-0.153093437359741,4.249266638562224,-0.8473995460300942
left,0.1,1787652110721508096,1787652110717185918,77,4.322178,29.264766800871193,12.495994157755476,73.94799343863792,-0.15286204939641737,4.27121920311776,-0.8499958476050941
left,0.11,1787652110731508096,1787652110726950683,86,4.557413,29.016845654593315,12.071006293423704,73.62894651814211,-0.14946215642531252,4.256232195753109,-0.8402342844719657
left,0.12,1787652110741508096,1787652110737196227,93,4.311869,28.93293078303866,12.079252263680381,73.91186703840519,-0.1480645418958495,4.257828048567536,-0.8375192006548318
left,0.13,1787652110751508096,1787652110747373799,100,4.134297,28.995168730511665,12.120335281247701,73.63532762258889,-0.15038545230204642,4.259228726649545,-0.838061510566046
left,0.14,1787652110761508096,1787652110756922860,108,4.585236,28.96956199151373,12.483441973208508,73.66458610156434,-0.14972945084558142,4.256982477476482,-0.8473159878721257
left,0.15,1787652110771508096,1787652110767248622,119,4.259474,28.90805406109661,12.090552519964263,73.93215577252927,-0.1515001511029445,4.255774043031524,-0.8387162899167642
left,0.16,1787652110781508096,1787652110776867303,124,4.640793,29.295532793432123,12.504967151481724,73.94437383241929,-0.1523468142118098,4.271195105524241,-0.8476504185172615
left,0.17,1787652110791508096,1787652110787487929,135,4.020167,29.355397540679075,12.49290598260772,73.70305689281395,-0.15357389952663758,4.276547504277571,-0.8453156312698368
left,0.18,1787652110801508096,1787652110797459234,140,4.048862,28.864401369036194,12.069301954489873,73.96372448402238,-0.15373294572312185,4.259035957319325,-0.8363238651507213
left,0.19,1787652110811508096,1787652110806916175,149,4.591921,29.270870188013195,12.134546991271993,73.9894513006643,-0.1525622357914777,4.274346759038743,-0.8377224327831634
left,0.2,1787652110821508096,1787652110817235662,157,4.272434,29.27338899106741,12.174162847161304,73.9706047865074,-0.15262585625955932,4.273217675954854,-0.8399396832157939
left,0.21,1787652110831508096,1787652110827185482,164,4.322614,28.890709793194592,12.42405267289055,74.00327051534441,-0.14969214841608522,4.255985130501612,-0.8465554243198733
left,0.22,1787652110841508096,1787652110836884186,172,4.62391,28.952725125241717,12.334597394656987,73.98040234113805,-0.14722422870822782,4.257887077962292,-0.8406940600317914
left,0.23,1787652110851508096,1787652110846944837,180,4.563259,29.160671373908492,12.36428558335772,73.65307257773794,-0.14855734418229183,4.260820911173361,-0.841507893870136
left,0.24,1787652110861508096,1787652110857112101,188,4.395995,29.4803082599725,12.45499945340594,73.69692931958448,-0.1514171018773708,4.2750791441401645,-0.8464459536036044
left,0.25,1787652110871508096,1787652110867234476,199,4.27362,29.33258825447989,12.433960505806283,73.97229222270077,-0.15297805512676882,4.274464875148233,-0.8490229825249822
left,0.26,1787652110881508096,1787652110877223385,204,4.284711,29.36742792455543,12.062782278115636,73.9369880430711,-0.14838694087277493,4.271650609556262,-0.8419292343954011
left,0.27,1787652110891508096,1787652110887090488,215,4.417608,29.014019349457705,12.102977611914014,73.86436983270411,-0.14791665773281198,4.252844421916703,-0.8406428477821796
left,0.28,1787652110901508096,1787652110897613218,220,3.894878,29.388292404660508,12.179300324278403,73.91543633528242,-0.1503996920644199,4.268783046545067,-0.842689753525031
left,0.29,1787652110911508096,1787652110906935418,229,4.572678,29.073913162319233,12.154447741639935,73.93429450887017,-0.15084664501785072,4.251113002708293,-0.8458351098554296
left,0.3,1787652110921508096,1787652110917315645,236,4.192451,29.445406336916072,12.212005628304519,73.93579729227454,-0.15223529334794655,4.272823225408873,-0.8467009822612117
left,0.31,1787652110931508096,1787652110927701446,244,3.80665,29.38343620801117,12.228602971661406,73.96636922975176,-0.15418226740050456,4.266888606893871,-0.8435619468728931
left,0.32,1787652110941508096,1787652110936959807,254,4.548289,29.334981220289354,12.211550393692614,73.89099986420554,-0.15270575213787313,4.265206721832068,-0.843716618399016
left,0.33,1787652110951508096,1787652110947137618,260,4.370478,28.998936399852756,12.561858039332222,73.56197318573284,-0.1478003477918062,4.246318841372586,-0.8519368629759151
left,0.34,1787652110961508096,1787652110956988077,268,4.520019,28.944578627540405,12.190136450895622,73.88224963363133,-0.15213100687497746,4.249269587103213,-0.8439326499463047
left,0.35,1787652110971508096,1787652110967502018,276,4.006078,29.003171617455557,12.197729981781496,73.92660216818705,-0.1546963667749795,4.249000922359119,-0.8433387917564584
left,0.36,1787652110981508096,1787652110977117091,285,4.391005,29.144014281360143,12.061403237413094,73.59725009118836,-0.15543988308096005,4.251371060360042,-0.839009222602239
left,0.37,1787652110991508096,1787652110987030755,293,4.477341,29.12877315263527,12.078241112666415,73.62121135566842,-0.15033181863250716,4.25391959736425,-0.8360226744899963
left,0.38,1787652111001508096,1787652110997589341,300,3.918755,29.45763485523911,12.495598265219687,73.70503972170343,-0.148247751744025,4.270248851475145,-0.8450379569054915
left,0.39,1787652111011508096,1787652111006947250,311,4.560846,29.41126494169254,12.100813016384615,73.7222626990861,-0.14919310035845953,4.265844642602437,-0.8384526179950207
left,0.4,1787652111021508096,1787652111017103573,319,4.404523,28.915705249855353,12.12435062923235,73.93689689123052,-0.1524499819602947,4.2490312402198,-0.841720903786373
left,0.41,1787652111031508096,1787652111027073074,325,4.435022,29.32951374766202,12.22321680558517,73.99049332815241,-0.15594796696514146,4.266419740366434,-0.8417263647625305
left,0.42,1787652111041508096,1787652111037064036,332,4.44406,29.2798469675358,12.565041997059307,73.91259838648594,-0.1564985175239228,4.271814340573845,-0.8505465944962105
left,0.43,1787652111051508096,1787652111047383404,341,4.124692,29.046927634548858,12.51275503780461,73.59833705001923,-0.1562009662344968,4.25813944190979,-0.8497812241338737
left,0.44,1787652111061508096,1787652111056907959,349,4.600137,29.022798198802708,12.515204849432324,74.00269099187318,-0.15090649308536563,4.261203756410828,-0.8478505619967587
left,0.45,1787652111071508096,1787652111067018878,356,4.489218,29.14122282097728,12.506753964813578,73.72910491075369,-0.14896913087230454,4.265782662810226,-0.8467122319851133
left,0.46,1787652111081508096,1787652111076950761,365,4.557335,29.234258046210588,12.49507881598676,73.81218468992738,-0.1519024819526636,4.264061812149543,-0.8485995835076495
left,0.47,1787652111091508096,1787652111087117434,372,4.390662,29.62174188333775,12.15669766412494,73.80786502251058,-0.15392430729776302,4.281910870970374,-0.8388803656810392
left,0.48,1787652111101508096,1787652111097046150,380,4.461946,29.412511875776197,12.506825864081074,74.05995388760701,-0.153387703205303,4.277254438650544,-0.8483323318623839
left,0.49,1787652111111508096,1787652111106912620,388,4.595476,29.33342190775685,12.497459427244788,74.01375221796255,-0.15314860103644912,4.270574238493693,-0.847893105088822
left,0.5,1787652111121508096,1787652111117142734,396,4.365362,29.036836258971245,12.042717597383218,73.66868525958921,-0.15226666826324992,4.250610212888553,-0.8342714454284293
left,0.51,1787652111131508096,1787652111126984370,404,4.523726,28.98507265260299,12.243670777716813,74.01553928110474,-0.1542599935751052,4.251119242531529,-0.8366144191008924
left,0.52,1787652111141508096,1787652111137084783,412,4.423313,29.422650219000122,12.31634104129609,74.0128467578191,-0.15478590396439545,4.274455262422389,-0.8395551383183052
left,0.53,1787652111151508096,1787652111147488122,420,4.019974,29.401586170123913,12.331536575932045,73.68124159793607,-0.15487956706585745,4.270573315160363,-0.8424268722539682
left,0.54,1787652111161508096,1787652111157134717,431,4.373379,29.205094761953173,12.221973230356932,73.9523824320931,-0.1533205410769302,4.26522071252598,-0.8382446547156964
left,0.55,1787652111171508096,1787652111167169608,437,4.338488,28.836005028859432,12.308174730309347,73.90723844227988,-0.14825728207760835,4.247168296327743,-0.8419197733806503
left,0.56,1787652111181508096,1787652111176857559,446,4.650537,28.976996864870685,12.350931283332791,73.68249683400846,-0.14993529590340063,4.256654377938684,-0.8442292062189956
left,0.57,1787652111191508096,1787652111187138345,452,4.369751,28.932898671026745,12.354440898708544,73.73352795739018,-0.15126906504144294,4.254054840811413,-0.8438711915563094
left,0.58,1787652111201508096,1787652111196900079,460,4.608017,29.227390265805074,12.438324035568943,74.01832204346245,-0.15308511928040444,4.273086944859736,-0.8513432517826562
left,0.59,1787652111211508096,1787652111206924043,471,4.584053,29.34562435798168,12.130640078581527,73.70277929616475,-0.1511180466688356,4.270536221552617,-0.844345805544318
left,0.6,1787652111221508096,1787652111217455637,479,4.052459,29.221544840548116,12.1463572838678,73.99051868574047,-0.15107139127139357,4.2690066399292546,-0.8429188659706701
left,0.61,1787652111231508096,1787652111226945890,485,4.562206,28.813246170112603,12.500490115884626,73.93960609077732,-0.15012537436274526,4.248393229346645,-0.850965805616442
left,0.62,1787652111241508096,1787652111237002872,495,4.505224,28.995122851405274,12.164349954729733,73.69849291411268,-0.1536166536952423,4.246991446609525,-0.8406751223878909
left,0.63,1787652111251508096,1787652111247188527,500,4.319569,29.404065053074238,12.590216816577586,73.71140625763388,-0.15385211561383766,4.26779691852134,-0.8493225901532038
left,0.64,1787652111261508096,1787652111256885980,510,4.622116,29.27966438944813,12.552762195672884,74.05324055940251,-0.15338262867617647,4.269508602966116,-0.8514830216375371
left,0.65,1787652111271508096,1787652111267327583,516,4.180513,29.32782432807049,12.53923135870483,73.69343757737697,-0.15422276592001938,4.272952927537675,-0.8491635791293131
left,0.66,1787652111281508096,1787652111276913401,526,4.594695,29.178725502564976,12.484300229900857,74.01318502014126,-0.1528325940262727,4.26688889240931,-0.8504256457588567
left,0.67,1787652111291508096,1787652111286926407,534,4.581689,28.906897192510243,12.458399246481793,73.6700559137901,-0.1518585777481237,4.256317881433221,-0.8475063201515542
left,0.68,1787652111301508096,1787652111297016912,542,4.491184,28.994966542408676,12.058150714987212,73.68005534594046,-0.15307084106368585,4.2591738246986655,-0.8379881849265514
left,0.69,1787652111311508096,1787652111306885853,549,4.622243,28.92206295156752,12.05358899584084,73.96906121854312,-0.15516324762586614,4.258506049973588,-0.8398347222894853
left,0.7,1787652111321508096,1787652111317356621,556,4.151475,29.024070117792967,12.088701682748482,73.7411174757611,-0.15390263291406434,4.256702905771892,-0.8375287798601017
left,0.71,1787652111331508096,1787652111326900016,566,4.60808,29.29449632417615,12.167498082060817,74.06321527056396,-0.15176593630221058,4.273330181946093,-0.8413334560103424
left,0.72,1787652111341508096,1787652111336957891,572,4.550205,28.966755542157568,12.494752286420779,73.96952638221758,-0.14936173850218498,4.267380664978164,-0.8493088685222839
left,0.73,1787652111351508096,1787652111347426908,580,4.081188,29.002590588975703,12.314973970659688,73.9675911728282,-0.14916426684204165,4.27349436959159,-0.842962239080057
left,0.74,1787652111361508096,1787652111356898792,588,4.609304,28.950113183256246,11.93083547689416,73.99866940394102,-0.14714971657394962,4.279885340995898,-0.8350816462403586
left,0.75,1787652111371508096,1787652111367303839,597,4.204257,29.010667730897712,12.035712210494752,74.00661873376377,-0.14533435579330056,4.293434278990281,-0.843789354262007
left,0.76,1787652111381508096,1787652111377092194,606,4.415902,29.240955075417475,12.455912051452243,74.21898974785772,-0.14280674718536981,4.313767308775287,-0.8540457456578934
left,0.77,1787652111391508096,1787652111386929171,612,4.578925,29.621872052412993,12.13064422334668,74.06416199050969,-0.13172888521694764,4.342266723045411,-0.8486557697669428
left,0.78,1787652111401508096,1787652111397007190,620,4.500906,29.766327933404774,12.314774927232218,74.19221414064684,-0.128373900697614,4.366170690151166,-0.8528212749745698
left,0.79,1787652111411508096,1787652111406894810,630,4.613286,29.804626064338287,11.56380758265932,74.51828918941361,-0.12241872511901104,4.38419609415506,-0.827436346391265
left,0.8,1787652111421508096,1787652111417292900,638,4.215196,29.870486101635834,11.036580078216781,74.22268502390418,-0.10869437670396825,4.393922119578404,-0.8131054375960621
left,0.81,1787652111431508096,1787652111426887191,645,4.620905,30.02746602986981,10.511641099956936,74.28391123491467,-0.0786998357487727,4.412065817004386,-0.7962885699704028
left,0.82,1787652111441508096,1787652111437130433,654,4.377663,29.637250261344743,10.3864561783258,74.24092581744443,-0.03292278914522527,4.401112461483865,-0.7875908437712141
left,0.83,1787652111451508096,1787652111446916198,660,4.591898,29.181063205930602,10.645461687788615,74.40799028090312,0.02239430206452909,4.380945452338444,-0.791923534090031
left,0.84,1787652111461508096,1787652111457132693,670,4.375403,28.85562802712673,10.14286887550246,74.05188188317844,0.06308350943735168,4.368569459807321,-0.7770424861044708
left,0.85,1787652111471508096,1787652111468375134,677,3.132962,28.6134439486444,10.408839415576319,74.07471725976767,0.08487364009859912,4.359331883003086,-0.7777738107105675
left,0.86,1787652111481508096,1787652111476850852,686,4.657244,28.362709500799863,9.97892178931329,73.99014773515539,0.09412392247691878,4.338249299071939,-0.7665306051330605
left,0.87,1787652111491508096,1787652111486883025,694,4.625071,27.93167607983017,10.154993113414376,73.84179669787389,0.09826388888046259,4.302317112075147,-0.7722929930664291
left,0.88,1787652111501508096,1787652111497061268,700,4.446828,27.508718977229528,10.382014472243808,73.66029438166518,0.10510524628459153,4.260136746042408,-0.7782069032774752
left,0.89,1787652111511508096,1787652111506904876,710,4.60322,27.127873695852,10.924020080192328,73.45007015167477,0.11148806869209246,4.214671180060866,-0.7959686112124366
left,0.9,1787652111521508096,1787652111517391042,718,4.117054,26.842734587712386,11.290084569125531,73.5119240203956,0.12380886589258995,4.1719042323977416,-0.8062295543264291
left,0.91,1787652111531508096,1787652111526933588,726,4.574508,26.90435873551635,11.487172126589211,73.16110053075533,0.1388113226333183,4.122508009230695,-0.8121524995347719
left,0.92,1787652111541508096,1787652111537081428,732,4.426668,26.92710742036733,11.6753443634547,72.71450697482669,0.1520399726836555,4.084240731193246,-0.8120518182220586
left,0.93,1787652111551508096,1787652111546984044,740,4.524052,27.10824805443469,11.955170166066152,72.92395111178244,0.17454003281656466,4.075870171639883,-0.8181636961947502
left,0.94,1787652111561508096,1787652111556894819,749,4.613277,27.447739226077466,12.192615178451629,72.62906461927605,0.20342435979347395,4.076827194251576,-0.8211582332310102
left,0.95,1787652111571508096,1787652111567721605,758,3.786491,27.660700055691343,11.521931388617217,72.6286247825669,0.24009337927305052,4.079108414793044,-0.8064336089849041
left,0.96,1787652111581508096,1787652111577044381,765,4.463715,28.220390378408233,10.5676138365395,72.78661595957634,0.2754847754851644,4.104569131486609,-0.777957775283989
left,0.97,1787652111591508096,1787652111586919100,772,4.588996,28.322471389514302,9.219609298713635,72.78692774025436,0.30845224700967927,4.110906667970047,-0.7296613338535716
left,0.98,1787652111601508096,1787652111597119120,780,4.388976,28.46801524922536,7.278345804418515,72.8130835685052,0.3342763456330264,4.110933695474391,-0.6545015033432506
left,0.99,1787652111611508096,1787652111607088501,790,4.419595,28.610475170259686,5.349737284829159,72.84976720817998,0.3514833257538118,4.110960087481717,-0.5948393884935377
left,1.0,1787652111621508096,1787652111617281149,796,4.226947,28.296168305304484,3.9106641762254193,72.80161676976243,0.3656423060582175,4.092336037002744,-0.5719198874954705
left,1.01,1787652111631508096,1787652111626955391,804,4.552705,28.433741842908287,2.888189924974036,72.8235681541472,0.3729712268124694,4.097643408258358,-0.5750422113174422
left,1.02,1787652111641508096,1787652111636906373,815,4.601723,28.45318791523149,2.2170206120242986,72.79281101773255,0.37135968446374656,4.091727440655988,-0.5728928169882869
left,1.03,1787652111651508096,1787652111646856971,820,4.651125,28.7668649635734,2.2594800101826213,72.79691515228244,0.3566599703074421,4.0983875124994436,-0.5793329299577327
left,1.04,1787652111661508096,1787652111656919701,829,4.588395,28.744267721124796,1.0515578403364332,72.70886499900675,0.33023236305690085,4.069828807270153,-0.5334661313994806
left,1.05,1787652111671508096,1787652111666987163,838,4.520933,28.554176656711935,1.1056311024213714,72.59550010394892,0.3066071465736796,4.038985331405804,-0.5185922541521827
left,1.06,1787652111681508096,1787652111676884198,845,4.623898,28.139720874408187,3.0709127016180697,72.39991798568218,0.2915583801545442,4.001624011080586,-0.5444646621200357
left,1.07,1787652111691508096,1787652111686949018,852,4.559078,28.005026057065063,3.358944187932104,72.25690054673453,0.2877067883320248,3.966072255802543,-0.5444099373591521
left,1.08,1787652111701508096,1787652111697134939,861,4.373157,27.730151574336933,4.804090456790849,72.39095349942367,0.2977927596243727,3.928693852898644,-0.5920759556334165
left,1.09,1787652111711508096,1787652111706873664,868,4.634432,27.667937447905707,6.234697961744744,72.20395923067997,0.31837381334925746,3.887608760669112,-0.6495652756413552
left,1.1,1787652111721508096,1787652111717146106,876,4.36199,28.03509433107406,8.526753813056024,72.049569315932,0.34066893285195665,3.8625399982292103,-0.7309905421656351
left,1.11,1787652111731508096,1787652111726909347,884,4.598749,28.393125967043172,9.99599698857337,71.97191795830358,0.356674616283734,3.83041986369497,-0.774541202948881
left,1.12,1787652111741508096,1787652111736874360,892,4.633736,28.818256039340135,10.574901020338478,71.84558851004168,0.37183782233005447,3.792069928269079,-0.7853898675426454
left,1.13,1787652111751508096,1787652111746938851,901,4.569245,29.19731659194136,11.74749901005614,71.75645565616917,0.3823903297907568,3.751989334679557,-0.8095700559000065
left,1.14,1787652111761508096,1787652111756900572,909,4.607524,29.337118555558376,13.10818265275978,71.58449799186606,0.395142907667151,3.699540857397169,-0.8451056622314024
left,1.15,1787652111771508096,1787652111766997569,917,4.510527,29.191421408804143,14.085055519214178,71.35393308151006,0.41105465904382216,3.6413240605251227,-0.8821366344404343
left,1.16,1787652111781508096,1787652111776881551,924,4.626545,28.958948742906575,13.75222746698365,71.04296982402755,0.4215311156750551,3.566807543597105,-0.886768997918341
left,1.17,1787652111791508096,1787652111786953161,932,4.554935,29.151225777384834,12.815722160666311,70.80907646260411,0.4245513963428986,3.5050794890594448,-0.8677100289844384
left,1.18,1787652111801508096,1787652111796905723,941,4.602373,28.99885423509991,13.461004606644055,70.44966068446676,0.4319699868369584,3.422418941960977,-0.8931719943977259
left,1.19,1787652111811508096,1787652111806876288,950,4.631808,28.8921281305557,14.335830745572474,70.0290356018821,0.4390312226557172,3.3369902162409897,-0.9305372510511911
left,1.2,1787652111821508096,1787652111817396235,958,4.111861,29.19035454720161,14.514389837197681,69.59935239924562,0.4449146710028833,3.24804082249314,-0.9585936026716384
left,1.21,1787652111831508096,1787652111826879791,965,4.628305,29.786368131601478,15.020117383703948,69.32349065655393,0.449210355114839,3.170889314956419,-0.9967919311369582
left,1.22,1787652111841508096,1787652111836992661,974,4.515435,30.22945082176539,15.412071115255396,68.93843662259697,0.45437141849357615,3.0792339558730113,-1.0213000646430517
left,1.23,1787652111851508096,1787652111846892446,983,4.61565,30.87463764364822,15.945028279102798,68.65923987066945,0.4616217572517859,2.987619764705153,-1.0490152434572069
left,1.24,1787652111861508096,1787652111856915265,988,4.592831,31.808411213791295,16.772021652167442,68.41515771341093,0.4646220012900042,2.9022567339104786,-1.086900239201626
left,1.25,1787652111871508096,1787652111867254696,997,4.2534,32.43149890990812,17.402305145912578,68.03280236612586,0.46681424908201763,2.7845436541329427,-1.106882480466148
left,1.26,1787652111881508096,1787652111876895687,1006,4.612409,33.20643050718199,17.716890591029863,67.66169638411284,0.46664458859523855,2.6550105955804657,-1.1142457939670123
left,1.27,1787652111891508096,1787652111886914190,1012,4.593906,34.664667318782726,18.270248786940513,67.40100641108465,0.4715029564173161,2.5574755943201026,-1.1378439834546668
left,1.28,1787652111901508096,1787652111896916840,1020,4.591256,36.062621692215124,18.74925706269324,67.2561000669814,0.4695834649220654,2.4377796687703164,-1.1637347443549575
left,1.29,1787652111911508096,1787652111906942941,1028,4.565155,37.37139233883647,19.266400830770447,66.82622069179845,0.4685669842952078,2.3166777263131966,-1.1900694768436375
left,1.3,1787652111921508096,1787652111916913682,1037,4.594414,38.61002915457701,19.72051928072681,66.64534081492152,0.47137755337950066,2.2154872178579588,-1.2138731084978875
left,1.31,1787652111931508096,1787652111926929999,1045,4.578097,40.32415953339048,19.665140517779157,66.21327193825391,0.4679146810433459,2.126613962810284,-1.2250713435047529
left,1.32,1787652111941508096,1787652111936901821,1053,4.606275,42.10397423519799,19.849801804536277,66.15063808730683,0.4606966769193164,2.030271206343855,-1.2339930773444703
left,1.33,1787652111951508096,1787652111946989500,1060,4.518596,43.20648076051822,19.935542263169655,65.82927545868671,0.45556105931219015,1.8729758478154945,-1.242170011359813
left,1.34,1787652111961508096,1787652111956919824,1068,4.588272,45.00594240683664,19.317114252652246,65.29004251196463,0.4427758401920059,1.7588496395458133,-1.2185953512307273
left,1.35,1787652111971508096,1787652111967360984,1076,4.147112,46.22279555871146,18.63115471787493,64.89549564040698,0.430621532947233,1.6301940930203909,-1.1974359940506938
left,1.36,1787652111981508096,1787652111977115759,1086,4.392337,48.0004150058881,19.316530523458844,64.198862949433,0.41704892626043794,1.559925363277765,-1.2080805647890531
left,1.37,1787652111991508096,1787652111986933928,1092,4.574168,48.44519491239856,19.922829810354482,63.48960074147002,0.41176345721357677,1.4193870744941233,-1.2302671481511889
left,1.38,1787652112001508096,1787652111996904489,1101,4.603607,48.85984555402768,20.024990143955513,62.41305996094906,0.4089310519156273,1.2953983456268432,-1.2406239880833212
left,1.39,1787652112011508096,1787652112006937361,1110,4.570735,49.966085249959484,19.96997872931285,61.5264677537348,0.4180672546568609,1.20811083571901,-1.239161148954202
left,1.4,1787652112021508096,1787652112016916811,1117,4.591285,50.86722799241327,20.08078334046934,60.26151610888278,0.43655990775055775,1.0881037497956276,-1.2429725126472597
left,1.41,1787652112031508096,1787652112026917895,1124,4.590201,50.99066345148666,19.85385586181571,58.82325618199154,0.44314221979975515,0.943573531940153,-1.2380737669068538
left,1.42,1787652112041508096,1787652112037231955,1134,4.276141,50.704674147367164,19.5914847323976,56.879564530047254,0.4337688727084258,0.8032785831860867,-1.2193398164977804
left,1.43,1787652112051508096,1787652112046883599,1142,4.624497,50.330193624545544,18.92594320863696,54.74157475009012,0.4289489392763993,0.650314153082852,-1.1894483246510053
left,1.44,1787652112061508096,1787652112057112780,1151,4.395316,48.610406966731915,18.40467861194319,52.116469944526536,0.42407556086803977,0.4460767476203795,-1.1686830527418426
left,1.45,1787652112071508096,1787652112067291778,1156,4.216318,46.89297034580248,17.721678502855976,49.70871669554948,0.4080412970215399,0.2778084926916602,-1.1505425053000689
left,1.46,1787652112081508096,1787652112076983798,1164,4.524298,46.11135263068722,16.455092690432092,46.64794609873334,0.3817538937775058,0.23870790123433583,-1.121960238541995
left,1.47,1787652112091508096,1787652112086924017,1174,4.584079,43.259753808381824,15.475999467921644,43.83914772777992,0.35463584610313925,0.16489302038547748,-1.1022621340798147
left,1.48,1787652112101508096,1787652112097100199,1182,4.407897,41.43261117259927,14.71523110998967,40.67901197533065,0.35175927417322517,0.1407298925064424,-1.0936020362726235
left,1.49,1787652112111508096,1787652112107092226,1189,4.41587,37.27439295016941,14.358559190823746,37.454983448117844,0.3605901843747383,0.016844624855465007,-1.085330440527175
left,1.5,1787652112121508096,1787652112116920738,1197,4.587358,33.42470163150004,14.280145755337676,34.14503587113133,0.3605720556733478,-0.10779524566527421,-1.083221943132043
left,1.51,1787652112131508096,1787652112127160514,1205,4.347582,30.57719514553515,13.494498704851514,32.94293031349455,0.3533297945514079,-0.20459393050253194,-1.058924147643746
left,1.52,1787652112141508096,1787652112137110065,1212,4.398031,28.551967031203503,12.75690831634784,25.778444652459587,0.35268115994468097,-0.3444390346020261,-1.0193696332372353
left,1.53,1787652112151508096,1787652112146927134,1220,4.580962,27.068943490116467,12.156790175993253,20.38661515626465,0.3506340039439447,-0.46514614705304025,-0.9894254995875743
left,1.54,1787652112161508096,1787652112156913218,1230,4.594878,22.94990594029743,11.225884373223995,15.649337420588623,0.3523322318044162,-0.7851051339461455,-0.9298699404098202
left,1.55,1787652112171508096,1787652112167313684,1238,4.194412,21.50286572875268,10.144309251611453,11.35872853483502,0.3485978503927235,-0.9585280757391188,-0.8592382665065271
left,1.56,1787652112181508096,1787652112176926006,1244,4.58209,18.341412306926635,8.713828508844989,7.26993629011533,0.3412270813877484,-1.001292566463246,-0.7784318540793782
left,1.57,1787652112191508096,1787652112186948335,1252,4.559761,13.577137680458168,7.4733753810709125,3.2744407497406307,0.3242028727798172,-1.0437343520339404,-0.7209289877932484
left,1.58,1787652112201508096,1787652112196859685,1261,4.648411,9.279432100458381,6.555615884985263,0.4790462685045925,0.2986476711403132,-1.1186992244225433,-0.6658211864686887
left,1.59,1787652112211508096,1787652112206930544,1268,4.577552,5.58008472659041,5.850628647024493,-1.8855783823359307,0.26750701195160376,-1.1501039568810545,-0.6323351690134137
left,1.6,1787652112221508096,1787652112217119677,1276,4.388419,1.3224828414539824,5.712654969696742,-3.900014619837751,0.22846274143085413,-1.245110912952871,-0.6062079434233298
left,1.61,1787652112231508096,1787652112226913379,1286,4.594717,0.3926737618903274,5.933004939492962,-5.009597635569015,0.18336657907408296,-1.2843433337724912,-0.5930732804120777
left,1.62,1787652112241508096,1787652112237116685,1295,4.391411,1.0166003756007411,6.618089098561438,-5.071825046614915,0.13346087192602935,-1.262896415592814,-0.5916719167996164
left,1.63,1787652112251508096,1787652112247082403,1302,4.425693,1.6420127478725193,7.120187980128856,-5.3636248069394314,0.07601623813756749,-1.1705028237909167,-0.6051433707076861
left,1.64,1787652112261508096,1787652112256906148,1308,4.601948,1.6413715634860415,7.618891801646738,-5.324971473586121,0.017387521997816364,-1.0304875581582513,-0.5972523094480344
left,1.65,1787652112271508096,1787652112267405965,1319,4.102131,-0.028601405392946984,7.599995127309825,-4.406183361057241,-0.046687663772397456,-0.9120587804155986,-0.5942984420283538
left,1.66,1787652112281508096,1787652112276894672,1324,4.613424,-0.8616041657043246,7.560284778864413,-3.1307556063890525,-0.10856228120607958,-0.6653461541996519,-0.5794786658894556
left,1.67,1787652112291508096,1787652112286894912,1333,4.613184,-3.526061289964522,7.80847700431755,-1.9467133241876806,-0.17365893289300022,-0.5396455466862572,-0.5657725677436738
left,1.68,1787652112301508096,1787652112296935005,1340,4.573091,-4.845611492971828,7.942280522342502,-0.8938998581096402,-0.24537987036109993,-0.4286917335944028,-0.5574509053395338
left,1.69,1787652112311508096,1787652112306902709,1348,4.605387,-5.688722613339972,8.055733934441816,0.16419810440986726,-0.29980668819403905,-0.3102377534125611,-0.548107669270827
left,1.7,1787652112321508096,1787652112316905129,1359,4.602967,-4.976549640888077,8.149965470369786,1.531897230648915,-0.3273154941104374,-0.17429429030778976,-0.5313464261639786
left,1.71,1787652112331508096,1787652112327033912,1364,4.474184,-5.340183012941698,8.233755777912135,1.8365950605316126,-0.34043940946705764,-0.11451913350180665,-0.5175242714924188
left,1.72,1787652112341508096,1787652112336898173,1373,4.609923,-5.361653799840442,8.617027085073644,1.9900940126679056,-0.36187779491078165,-0.08081369332554678,-0.5066247897520234
left,1.73,1787652112351508096,1787652112346933613,1380,4.574483,-6.064576208428158,8.852906074779515,1.7143024202949124,-0.3820313519785715,-0.11846055104155728,-0.49502777389168995
left,1.74,1787652112361508096,1787652112356892821,1391,4.615275,-5.798515141477509,8.799851346581578,1.0228652527993736,-0.3961787694046627,-0.15216450786298813,-0.47811892737767536
left,1.75,1787652112371508096,1787652112367301880,1396,4.206216,-5.848138434028259,8.291971193833383,1.3219539258146162,-0.38944201027507075,-0.16579703975965004,-0.45102258706437004
left,1.76,1787652112381508096,1787652112376932496,1405,4.5756,-4.038192281071813,6.882351209851266,1.1272170272024595,-0.3664614053317078,-0.07962815172200988,-0.3872125929706244
left,1.77,1787652112391508096,1787652112386915143,1414,4.592953,-3.6999766263389637,6.138591895560998,1.2048584763242776,-0.349035789573778,-0.06404336292995144,-0.32719016792529065
left,1.78,1787652112401508096,1787652112396877069,1420,4.631027,-3.8954293336846244,5.886634527866668,1.120590331917377,-0.34196914142906387,-0.0315282573149962,-0.28596911833375865
left,1.79,1787652112411508096,1787652112406966860,1431,4.541236,-3.918093403774328,5.21153294529915,1.8147737009757177,-0.3304792733335001,0.019980686233925238,-0.24159433109386647
left,1.8,1787652112421508096,1787652112416884261,1438,4.623835,-4.6266749867810235,4.157000897268325,1.6824474140197567,-0.31365616886178205,0.029381396647223723,-0.19873383283277535
left,1.81,1787652112431508096,1787652112426935808,1444,4.572288,-4.745718070752991,3.452817645303345,1.2930378303153542,-0.29897862341480597,0.022275531335871457,-0.15255622020504442
left,1.82,1787652112441508096,1787652112436911553,1452,4.596543,-3.812113900342327,2.6617997838323446,0.6575483848649544,-0.28919033178562953,0.05834965278833393,-0.11203801442511116
left,1.83,1787652112451508096,1787652112447103154,1460,4.404942,-3.955212403039983,1.8097607102954436,0.7658411544397798,-0.2828666442433969,0.015920991659652883,-0.07127696869083922
left,1.84,1787652112461508096,1787652112457094289,1468,4.413807,-4.667616266292033,1.0414554245570415,0.16378532020907333,-0.27239975385568865,-0.09666760773419897,-0.03501645084286201
left,1.85,1787652112471508096,1787652112467505351,1476,4.002745,-5.9679317146479685,0.3838059954692818,0.15803793123132914,-0.25431946968384966,-0.21750434717044653,-0.006240761461062394
left,1.86,1787652112481508096,1787652112476959072,1484,4.549024,-2.445500199839118,0.2078130524423878,-2.4408196151628405,-0.23748724606245958,-0.16307209119689275,0.006313413385765951
left,1.87,1787652112491508096,1787652112487111057,1492,4.397039,-2.410400663700656,-0.18234519025435825,-1.6865875520050517,-0.227987561595367,-0.2255623389631828,0.025922767313180804
left,1.88,1787652112501508096,1787652112496902977,1500,4.605119,-1.794043454839525,-0.5340622376985954,-2.3042929145360826,-0.22783756051983214,-0.1950584875793535,0.04644932601839024
left,1.89,1787652112511508096,1787652112506934160,1509,4.573936,-2.42510360262228,-1.030824559914633,-1.217186748878971,-0.2330589690491078,-0.20399939256807953,0.07359462875330358
left,1.9,1787652112521508096,1787652112516914801,1516,4.593295,-3.1892497529616852,-1.3486803976125217,-1.4857096861462025,-0.24274420791546922,-0.185643870135134,0.09288477115017023
left,1.91,1787652112531508096,1787652112526911406,1524,4.59669,-4.698858322367887,-1.782830311393178,0.039811309525637606,-0.2530919684441164,-0.18573794699799417,0.11848239928509699
left,1.92,1787652112541508096,1787652112536895727,1533,4.612369,-4.001478487500472,-1.9597334932524195,0.7476616821935798,-0.26615955916222844,-0.07527333965708033,0.14733292864647218
left,1.93,1787652112551508096,1787652112546934027,1540,4.574069,-3.904066343039944,-2.317592606752219,1.213264627876566,-0.2802711641246394,-0.046397737212562296,0.18238832201854105
left,1.94,1787652112561508096,1787652112556894011,1550,4.614085,-3.858032772053393,-2.26854550567909,1.5821509228263189,-0.3020363471564737,-0.05004925335369298,0.21594491732960724
left,1.95,1787652112571508096,1787652112567422220,1557,4.085876,-3.30393818293677,-2.139967511675667,0.6513525202002038,-0.31353707847679163,-0.0809628232541677,0.2571273008394276
left,1.96,1787652112581508096,1787652112576974574,1564,4.533522,-3.9492351625023483,-2.017797519475231,1.6279292630801967,-0.32091874319365404,-0.1520872334820229,0.2859016972190634
left,1.97,1787652112591508096,1787652112586893542,1572,4.614554,-3.7803616466337906,-1.7337486872167012,0.8292912153841582,-0.3301732068680853,-0.19540429429447237,0.30890016603172554
left,1.98,1787652112601508096,1787652112596876939,1581,4.631157,-4.117542351652726,-1.4216400190762037,-0.0013338173227104289,-0.33156040960474154,-0.26426800985530674,0.3323706634686084
left,1.99,1787652112611508096,1787652112606995803,1589,4.512293,-4.416698192274112,-0.6565165890883815,-0.08954546500913119,-0.3206124865756384,-0.3007878422194445,0.36125599476289205
left,2.0,1787652112621508096,1787652112616920180,1596,4.587916,-4.221523994358719,0.15407346465112462,0.4749852273839572,-0.2969473488096464,-0.24003801034575217,0.36622069720534844
left,2.01,1787652112631508096,1787652112626943880,1605,4.564216,-3.2014050292670437,0.748718667077705,0.34020333373732436,-0.26174418748333456,-0.18809655660223867,0.37686997875082784
left,2.02,1787652112641508096,1787652112637132943,1613,4.375153,-2.494329872372856,1.1493537767272144,-0.3054311750439328,-0.21224584520960962,-0.1406288236228747,0.38415651892497354
left,2.03,1787652112651508096,1787652112646914995,1622,4.593101,-4.062486844618852,0.8385639741638082,1.2717180119442468,-0.19022166873733368,-0.2162137901304405,0.39261675564514426
left,2.04,1787652112661508096,1787652112656888677,1629,4.619419,-3.052408929787744,0.8973840994677956,-0.18169265979125881,-0.18223288628619194,-0.205621639949931,0.4114993084129003
left,2.05,1787652112671508096,1787652112667297122,1636,4.210974,-3.88074756535264,0.47920028560675026,1.359012594139473,-0.18757533881546165,-0.23009161859929772,0.4249446553673866
left,2.06,1787652112681508096,1787652112676953714,1644,4.554382,-3.2868470159908396,0.2705682661353251,0.36467607688857373,-0.18323357612410754,-0.1754691035412905,0.44088787440126703
left,2.07,1787652112691508096,1787652112686956898,1654,4.551198,-3.0212116918469714,-0.09503133316072739,0.9568703926843221,-0.18782558925150095,-0.15016605128572397,0.42287721946892437
left,2.08,1787652112701508096,1787652112696909023,1662,4.599073,-2.485567969941646,-0.16358611985000426,-0.7156052433993287,-0.19098743888839753,-0.17355918039849466,0.4298959843466516
left,2.09,1787652112711508096,1787652112706855168,1668,4.652928,-2.6462496783587093,-0.5858968129344171,-0.12918508150278374,-0.21344244341253144,-0.23834882957472184,0.42686267890684904
left,2.1,1787652112721508096,1787652112716993616,1676,4.51448,-3.950549885373094,-1.0932485099825817,-0.30541462001678943,-0.24077424067856606,-0.36128114582698584,0.46605894078223375
left,2.11,1787652112731508096,1787652112726917018,1684,4.591078,-3.549659198455212,-2.062982265529463,-1.255633715623123,-0.268317490602229,-0.4898146219669829,0.5270868470065999
left,2.12,1787652112741508096,1787652112736911728,1694,4.596368,-3.97390752169269,-2.4912101189347706,-2.1491491188804845,-0.30267834683277056,-0.5990394582521571,0.5896728508296645
left,2.13,1787652112751508096,1787652112747013701,1703,4.494395,-5.413976794647536,-2.954126037473538,-2.4343974072925265,-0.34309478842830354,-0.7579084040101222,0.6427094628273751
left,2.14,1787652112761508096,1787652112756896910,1710,4.611186,-5.062174666156459,-3.6666061781402064,-2.263217650077467,-0.3681622514021048,-0.8158368102677426,0.6800082264151845
left,2.15,1787652112771508096,1787652112767357829,1718,4.150267,-4.9132111770224824,-4.100963057910242,-2.2886544673488043,-0.3871063836753137,-0.8428330029422637,0.7065593086798788
left,2.16,1787652112781508096,1787652112776911123,1726,4.596973,-4.078305057847514,-3.8998358557658177,-2.2734378020837696,-0.37267537606104656,-0.811423884631639,0.7336072598774994
left,2.17,1787652112791508096,1787652112787136830,1732,4.371266,-4.0947890103879105,-4.248874731666926,-2.14696932559845,-0.35156763627371646,-0.7950743760519579,0.7211441503658557
left,2.18,1787652112801508096,1787652112796923878,1740,4.584218,-4.612811076135665,-4.793358103211834,-1.2543822733695746,-0.3340655620158908,-0.7778258237490786,0.727579877171705
left,2.19,1787652112811508096,1787652112807073936,1750,4.43416,-3.769873584053854,-4.571231287709301,-0.0643498832898794,-0.3295995838031579,-0.6775011881798616,0.7214531502772595
left,2.2,1787652112821508096,1787652112816960090,1759,4.548006,-3.3163923585316555,-4.2571836938418475,0.5362426212612577,-0.32556484234523425,-0.5862258766121198,0.748097333983624
left,2.21,1787652112831508096,1787652112827086046,1764,4.42205,-3.2312537687579925,-4.249397134136569,1.0218690769456018,-0.33578762391414096,-0.506583254040873,0.7620774322536045
left,2.22,1787652112841508096,1787652112836869795,1773,4.638301,-3.2437825483011578,-4.025151671961257,1.2303256721203306,-0.3162330331307985,-0.404508362013387,0.7596668547288212
left,2.23,1787652112851508096,1787652112846874909,1781,4.633187,-3.372119742867132,-4.360210789374222,1.3310226200781066,-0.28298973694221735,-0.3581920333859263,0.7621787338249498
left,2.24,1787652112861508096,1787652112856904780,1790,4.603316,-3.4112144666035995,-4.026684246430179,1.2065174602078086,-0.2390815860829084,-0.3092170842130325,0.7870249372746139
left,2.25,1787652112871508096,1787652112867100966,1796,4.40713,-3.3641398225091024,-3.999960052776841,0.7331942480354651,-0.23473673257000013,-0.2873197261393634,0.7870592176002401
left,2.26,1787652112881508096,1787652112876901423,1805,4.606673,-4.332085046928952,-4.113541978528013,1.2413743303365037,-0.2561642070432211,-0.30674334251477253,0.8153873223120089
left,2.27,1787652112891508096,1787652112886932482,1813,4.575614,-4.835983173383788,-4.284014057674926,0.7194523121015602,-0.29434206593374457,-0.340501389064625,0.8248386808894528
left,2.28,1787652112901508096,1787652112896921763,1820,4.586333,-5.296439823415477,-4.786193418468931,0.7653017966588372,-0.3262589580205039,-0.397095053569356,0.8908718140694677
left,2.29,1787652112911508096,1787652112906932015,1828,4.576081,-5.026373780017257,-5.215317321362075,0.5992914586766622,-0.35317856871763087,-0.4021346056103258,0.9074497514419787
left,2.3,1787652112921508096,1787652112917013473,1836,4.494623,-5.566052933461407,-4.869583592563567,0.9353332339535152,-0.3702029977407403,-0.4483673440430795,0.9279487166190725
left,2.31,1787652112931508096,1787652112927154476,1844,4.35362,-5.386214297137055,-5.141862060543468,1.3297091401824015,-0.36855943863557994,-0.4620472458784519,0.938883679724007
left,2.32,1787652112941508096,1787652112936897804,1854,4.610292,-4.842131113052877,-6.419690691817902,1.1164024717464878,-0.4035417665104681,-0.4799788080339348,0.9028848435758527
left,2.33,1787652112951508096,1787652112946879313,1862,4.628783,-4.6714694758683,-6.264145064533441,0.5262683655909954,-0.46030251145776646,-0.5332571310800225,0.9154067666340288
left,2.34,1787652112961508096,1787652112956918175,1869,4.589921,-3.538582463155122,-5.841773234615865,0.26569279587309913,-0.4987571773035186,-0.5268830124806385,0.9017384930297353
left,2.35,1787652112971508096,1787652112967505184,1878,4.002912,-4.35300344402887,-5.394060416926675,0.7112083143901047,-0.5554588132002719,-0.586066661974567,0.9093407523994017
left,2.36,1787652112981508096,1787652112976923333,1885,4.584763,-3.6500203618207845,-5.330985317314013,0.39189632071526304,-0.6102437388118591,-0.6290654353167212,0.9189336800050852
left,2.37,1787652112991508096,1787652112987006897,1892,4.501199,-3.783876377155582,-5.309744771021369,0.49476560966442085,-0.6823840940525333,-0.6910226144634221,0.9441095547479665
left,2.38,1787652113001508096,1787652112997132234,1900,4.375862,-3.4529426012321283,-4.913953415242432,0.47915185882324407,-0.7160911286875242,-0.7225477242213748,0.9515062552354236
left,2.39,1787652113011508096,1787652113006895216,1908,4.61288,-3.7511588913874476,-4.728008637387833,0.08888307458485589,-0.7808065639098585,-0.7744491028363389,0.9600120764350022
left,2.4,1787652113021508096,1787652113017027583,1918,4.480513,-3.9906851031557493,-4.101416069584179,-0.10466354714870518,-0.8737351888908262,-0.8874399555055805,1.0027700934162427
left,2.41,1787652113031508096,1787652113026889276,1925,4.61882,-4.142903535091158,-3.306141382696519,-0.18760262294412322,-0.9725562132099235,-1.019917401872146,1.0371536801599968
left,2.42,1787652113041508096,1787652113037063507,1932,4.444589,-4.833437702174046,-2.830315504617158,-0.20819833056125198,-1.0550422608556922,-1.1300438509141872,1.087334477578792
left,2.43,1787652113051508096,1787652113047187142,1941,4.320954,-5.045185112982129,-2.332675240106524,-0.19783446476102498,-1.1264112959705994,-1.215375780581999,1.10858397292609
left,2.44,1787652113061508096,1787652113056860443,1949,4.647653,-3.9811376606255555,-1.2623910124129352,-1.2984273989984443,-1.1618202298043305,-1.2292381062968825,1.1299034144512925
left,2.45,1787652113071508096,1787652113066924389,1959,4.583707,-4.652283997563793,-1.0675212699693073,-0.6660623311371503,-1.2010145635699148,-1.2604382877552012,1.168253063516586
left,2.46,1787652113081508096,1787652113076998344,1964,4.509752,-4.316073059993891,-0.8895307658354917,-1.2193392390208098,-1.2251930625288905,-1.2872615396161637,1.179396656361312
left,2.47,1787652113091508096,1787652113086934587,1975,4.573509,-4.721734167642846,-0.8520306111502005,-0.91972020881207,-1.2708651224603422,-1.3472380813025353,1.2160309034968435
left,2.48,1787652113101508096,1787652113096877590,1982,4.630506,-4.460333795747413,-0.8466801412606949,-1.6609345249603262,-1.3275037973411545,-1.4145095602261688,1.2281283744850966
left,2.49,1787652113111508096,1787652113106917583,1990,4.590513,-4.66311931128575,-1.772840135425847,-2.0150668487268293,-1.408475394138926,-1.4907316636581125,1.2415429172624985
left,2.5,1787652113121508096,1787652113116895369,1999,4.612727,-5.559381448874337,-1.9433717396335726,-1.7464687675274688,-1.455323267263728,-1.5289738201634187,1.2900907357057445
left,2.51,1787652113131508096,1787652113126921373,2004,4.586723,-5.787969228603745,-0.9978315606115127,-1.920917401721668,-1.4340381890869218,-1.5070576992687195,1.320762568675855
left,2.52,1787652113141508096,1787652113136903320,2012,4.604776,-5.899573054003698,-1.0373644681460692,-1.823260036172664,-1.380772293552503,-1.4756163607266104,1.3176075425443505
left,2.53,1787652113151508096,1787652113146982105,2020,4.525991,-6.047971204330314,-1.5563524226932506,-1.6097933355915754,-1.3060351510051187,-1.429966269113588,1.3030046824638926
left,2.54,1787652113161508096,1787652113156881760,2028,4.626336,-5.957389946386666,-1.7458223087517244,-1.5056900480815871,-1.2581109382139595,-1.39784039330638,1.3099581835269885
left,2.55,1787652113171508096,1787652113166978717,2039,4.529379,-5.91810675035062,-1.8357957317231628,-1.345232820834478,-1.2036545426888285,-1.3692566998913103,1.320971153014976
left,2.56,1787652113181508096,1787652113176961375,2046,4.546721,-5.993047109972853,-1.5385529065242247,-0.7836778884750072,-1.1576709004049837,-1.3389291868912307,1.3407797999939113
left,2.57,1787652113191508096,1787652113187002017,2054,4.506079,-5.693020995060225,-1.6997107769317505,-1.038963895049906,-1.1299552169425016,-1.3202879654825033,1.3453058060510628
left,2.58,1787652113201508096,1787652113196933224,2060,4.574872,-5.3936560997948035,-2.5948758788209476,-1.116690378593938,-1.1438606101814548,-1.3248115015955948,1.3355302245283625
left,2.59,1787652113211508096,1787652113206854262,2068,4.653834,-5.676866455999144,-3.009535517571753,-1.12630561544881,-1.1594419966726965,-1.3420546031168825,1.3473827920957602
left,2.6,1787652113221508096,1787652113217025100,2076,4.482996,-5.477679299498726,-2.3103803819200306,-1.1709235352898808,-1.1818311949075226,-1.3535314748538578,1.3570724197862218
left,2.61,1787652113231508096,1787652113226926343,2085,4.581753,-5.18220418824034,-2.2610302421786344,-1.7316254419663735,-1.1965818052010317,-1.3447804377122374,1.3301679880229242
left,2.62,1787652113241508096,1787652113237024465,2093,4.483631,-5.341335406463545,-2.2606368615451147,-1.702492559511266,-1.2135744251245035,-1.3478422821835099,1.3064586773975198
left,2.63,1787652113251508096,1787652113246967047,2100,4.541049,-4.907442114308483,-1.8442516410249248,-1.94180942648567,-1.2232893751856013,-1.3471725422530787,1.2791014085164651
left,2.64,1787652113261508096,1787652113256853051,2108,4.655045,-5.082772819013983,-1.0575854626548362,-1.7084093256829194,-1.236740671700518,-1.3565581101055137,1.2723902850202315
left,2.65,1787652113271508096,1787652113267469265,2116,4.038831,-4.788703866280191,-1.1408015444623019,-1.9304602207959283,-1.2342340239353948,-1.3328329339511917,1.2323278742429715
left,2.66,1787652113281508096,1787652113276930741,2124,4.577355,-4.427842354929873,-0.7663018345587638,-1.719012861508531,-1.209069150666244,-1.2898007767647997,1.1832312388256452
left,2.67,1787652113291508096,1787652113287101236,2132,4.40686,-4.479212051338808,-0.3976043399076904,-1.6692049581282005,-1.178966855049965,-1.2467089314381838,1.1232190162354998
left,2.68,1787652113301508096,1787652113297093934,2141,4.414162,-4.116849727856231,-0.13589602175878304,-1.549644653441058,-1.1529417435704332,-1.20081957297315,1.0587350807512663
left,2.69,1787652113311508096,1787652113306887337,2148,4.620759,-4.168529038586535,-0.10940416618693788,-1.3817230695691936,-1.1250512046182206,-1.16056145658082,0.9927085364024162
left,2.7,1787652113321508096,1787652113316948928,2159,4.559168,-4.030690212121148,-0.10115706352060792,-1.5213965657259918,-1.0975593481951575,-1.1306369385225405,0.9341121370439311
left,2.71,1787652113331508096,1787652113326975953,2165,4.532143,-3.8072484068210253,0.17913667013712745,-1.3668296093824366,-1.0673741383701996,-1.0960142438095704,0.8859323968440056
left,2.72,1787652113341508096,1787652113336905120,2172,4.602976,-3.750634472282488,0.10650674711330854,-1.4583769922562735,-1.0371633540084984,-1.068408591047882,0.8471112091145171
left,2.73,1787652113351508096,1787652113347124200,2183,4.383896,-3.7665949641851233,-0.03890830823691934,-1.5854522583122803,-1.0195347425082941,-1.0497245980243881,0.8167234580139437
left,2.74,1787652113361508096,1787652113356965512,2188,4.542584,-3.4158517300374354,0.04036852647804236,-1.6205218235680794,-1.0026144303669795,-1.0267313249235828,0.7839505324703926
left,2.75,1787652113371508096,1787652113367341871,2196,4.166225,-3.3278783966069896,0.5907627723175326,-1.4787877040377853,-0.9922198003205747,-1.0120961268709794,0.7596484776664618
left,2.76,1787652113381508096,1787652113376989809,2204,4.518287,-3.450441155465704,0.80729361653955,-1.6927710096864141,-1.005020581323442,-1.0200555022123303,0.7399917987295714
left,2.77,1787652113391508096,1787652113386933314,2212,4.574782,-3.3545478011056824,0.43754415199101393,-1.4244826152782484,-1.0175848005016948,-1.0282763909133625,0.7197598510909464
left,2.78,1787652113401508096,1787652113396868228,2222,4.639868,-3.3510407510029934,-0.2128926867998735,-1.7388499818228782,-1.0167028508810771,-1.0289170387627395,0.7000243451057435
left,2.79,1787652113411508096,1787652113406902647,2229,4.605449,-3.2486618968532466,-0.8232731985949556,-1.705864096443206,-1.008208653136032,-1.0205531578388476,0.6836894597369028
left,2.8,1787652113421508096,1787652113416932113,2238,4.575983,-3.16260615749284,-0.28385519530706516,-1.0546785815118156,-0.9991982301172894,-1.0114045671061085,0.6795346228571048
left,2.81,1787652113431508096,1787652113427138624,2244,4.369472,-3.0089164189746764,-0.19863009703638557,-1.0377389959251042,-0.9822946834383444,-0.9901674041350452,0.6605994326583304
left,2.82,1787652113441508096,1787652113436945138,2252,4.562958,-2.933410943153295,-0.08063826973888116,-1.0392587966669418,-0.9736356643778372,-0.9740406572757483,0.6436865101285965
left,2.83,1787652113451508096,1787652113447122215,2260,4.385881,-2.884482280236834,-0.1888718448992266,-1.0004586479527742,-0.9615639569401835,-0.9478453591072293,0.6208653033778894
left,2.84,1787652113461508096,1787652113456966082,2269,4.542014,-2.5740890331148143,-0.24487535255759701,-1.2255420927519431,-0.948499816704742,-0.9217011587563946,0.595539200613908
left,2.85,1787652113471508096,1787652113467625665,2277,3.882431,-2.6657346135977598,-0.07601072889884726,-1.3746282458938448,-0.9362923058302628,-0.9048681331859336,0.5852711886026951
left,2.86,1787652113481508096,1787652113476909154,2285,4.598942,-2.737335323617914,-0.16537649417005926,-1.2207825907194152,-0.9166569293877782,-0.8848678535483779,0.5741918913977095
left,2.87,1787652113491508096,1787652113487022318,2292,4.485778,-2.7325391081284676,-0.2156680864911078,-1.090874434454122,-0.8981148624230357,-0.8637417204486775,0.5614532562664678
left,2.88,1787652113501508096,1787652113496879760,2300,4.628336,-2.6767586890857067,-0.22656784697613286,-0.9526135252907515,-0.873490267924983,-0.8331453091557139,0.5444362245053893
left,2.89,1787652113511508096,1787652113506908978,2308,4.599118,-2.597717323597306,-0.15724739692558132,-0.5404448253376728,-0.8432717663350066,-0.7970297496725972,0.5242388826327214
left,2.9,1787652113521508096,1787652113517069284,2316,4.438812,-2.749066391556137,-0.1454149920588018,-0.2611430473990045,-0.8230897488255506,-0.7759987414880535,0.5123099841139724
left,2.91,1787652113531508096,1787652113526931387,2324,4.576709,-2.644482632299975,-0.3426339830565945,-0.292967882725353,-0.7987092505981847,-0.741885698085609,0.4895811757051417
left,2.92,1787652113541508096,1787652113536923935,2332,4.584161,-2.629784274124591,-0.24980725780560506,-0.5675715655449173,-0.7733488755571316,-0.7105994729800796,0.47102767455983047
left,2.93,1787652113551508096,1787652113546926664,2340,4.581432,-2.4721947623197487,-0.16282104575827297,-0.24179324648599668,-0.741513938332893,-0.6734215705639219,0.4547168910941272
left,2.94,1787652113561508096,1787652113556975165,2348,4.532931,-2.453171251155775,-0.08690525355278875,-0.15204547450467037,-0.7067690078626687,-0.6368496279096805,0.43838002206008364
left,2.95,1787652113571508096,1787652113566951893,2358,4.556203,-2.432115197970067,-0.022358478163906653,-0.05789260819968374,-0.6743875066828167,-0.6032410004720377,0.4230458336137255
left,2.96,1787652113581508096,1787652113576956455,2364,4.551641,-2.170027923079665,0.03249063911267838,-0.22139976389037316,-0.6476702439106939,-0.567587231506987,0.4022638151931917
left,2.97,1787652113591508096,1787652113586984400,2372,4.523696,-2.247138837807992,0.11394715603706027,-0.3451515065535677,-0.6303443969415478,-0.5482114306582286,0.3956402181494831
left,2.98,1787652113601508096,1787652113596864764,2381,4.643332,-2.1927579727925206,0.2983095797229243,-0.13733143249825885,-0.6033817155922125,-0.519499468252544,0.3797363194577983
left,2.99,1787652113611508096,1787652113606925411,2388,4.582685,-2.0940132133631946,0.44870146484029005,0.08722502990395278,-0.5697571792039003,-0.4869136751347186,0.3571657174970331
left,3.0,1787652113621508096,1787652113617158355,2396,4.349741,-2.0164666068963744,0.814143943330116,0.22400867857989792,-0.544594290178721,-0.46763953403445824,0.3445001736244279
left,3.01,1787652113631508096,1787652113627137343,2404,4.370753,-1.9825173677995354,0.8254239551114437,0.3209625652003464,-0.5229688988156539,-0.4500936372864846,0.3372539839475212
left,3.02,1787652113641508096,1787652113637295500,2412,4.212596,-2.081459016082109,0.8413128970554856,0.901187926529828,-0.509722991273251,-0.4378966161591388,0.3315339112423995
left,3.03,1787652113651508096,1787652113646856640,2421,4.651456,-2.0346773082755436,0.827170325142992,0.7926356239636847,-0.502816497618186,-0.43211404927260916,0.32861370256416234
left,3.04,1787652113661508096,1787652113657076572,2428,4.431524,-2.090047411610801,0.5803178757305971,0.7250257346064521,-0.5094736238230617,-0.4384105035963672,0.32983834685818864
left,3.05,1787652113671508096,1787652113667383276,2438,4.12482,-2.230778107203827,0.6546449554677656,0.7427053413324548,-0.5103449953751381,-0.4441834281375431,0.33597085463785004
left,3.06,1787652113681508096,1787652113676908448,2445,4.599648,-2.1037283462382064,0.7308694685870568,0.502904202236045,-0.5022832387650775,-0.43975514098940965,0.3308305890519513
left,3.07,1787652113691508096,1787652113686937585,2452,4.570511,-2.3056519609229844,0.76017952923519,0.30301870590578595,-0.4956823343273996,-0.4439826925758593,0.33075234045715274
left,3.08,1787652113701508096,1787652113696910607,2460,4.597489,-2.3393903441444857,0.7469940242914233,0.39072268492938894,-0.481090208643775,-0.44302448997809457,0.32879687885471004
left,3.09,1787652113711508096,1787652113706907395,2470,4.600701,-2.4005827169094136,0.7540457376088401,0.45218260280243566,-0.4765105225575197,-0.4467221181026306,0.3270363517008284
left,3.1,1787652113721508096,1787652113716951396,2476,4.5567,-2.4622617178168467,0.7729361526647784,0.49271241025671286,-0.47798880119397424,-0.4548636145174996,0.3312121273982667
left,3.11,1787652113731508096,1787652113727137576,2486,4.37052,-2.4646576533342444,0.9720475827921112,0.4643676156207076,-0.48605510897004667,-0.46909571426857755,0.33847629434446025
left,3.12,1787652113741508096,1787652113737389621,2495,4.118475,-2.7174301345712757,0.8591064693971284,0.6785678273872756,-0.4919058253797038,-0.48042529440319354,0.34355257255938115
left,3.13,1787652113751508096,1787652113746879607,2500,4.628489,-2.2840915165946845,0.8404586447176293,0.7073626019099939,-0.48461458596180657,-0.4684685490264333,0.33766143296495316
left,3.14,1787652113761508096,1787652113756975809,2508,4.532287,-2.581728802050426,0.8316504397614118,0.9140322980411506,-0.49274344047446217,-0.4797804122303184,0.34560885849018513
left,3.15,1787652113771508096,1787652113766903187,2516,4.604909,-2.305298771135247,0.8548880195248345,0.5220481751431338,-0.4939744620535253,-0.47641779694466,0.3376532964516759
left,3.16,1787652113781508096,1787652113776918981,2525,4.589115,-2.6730098803688587,0.8077286430533058,0.5038800715951892,-0.5004162171890327,-0.4889010874007879,0.34662885314108327
left,3.17,1787652113791508096,1787652113786905119,2532,4.602977,-2.404112950773169,0.5748022870771088,0.22557459872597074,-0.4874911791429664,-0.4806227919732724,0.33475171861515157
left,3.18,1787652113801508096,1787652113796886904,2542,4.621192,-2.450643459381461,0.6240067951024444,0.3163872711306738,-0.48962336612374147,-0.4853767984859432,0.3347889618340429
left,3.19,1787652113811508096,1787652113806937404,2548,4.570692,-2.3506633095497995,0.6760964102133353,0.6183903541931615,-0.4868828292389502,-0.47842567202989034,0.330018676095625
left,3.2,1787652113821508096,1787652113816944150,2558,4.563946,-2.3862190619971946,0.7108665708602138,0.6386626016738544,-0.47886997543475257,-0.46690895069900856,0.3224335765608986
left,3.21,1787652113831508096,1787652113826957100,2564,4.550996,-2.552244855615608,0.7407315524542184,0.42423843788953297,-0.47441296719941906,-0.46448468884172733,0.31838471141443103
left,3.22,1787652113841508096,1787652113837362335,2572,4.145761,-2.8288485055250416,0.7358105539506754,0.7275711240672262,-0.4728305167660126,-0.46909133521488544,0.326674023210612
left,3.23,1787652113851508096,1787652113847122864,2582,4.385232,-2.813922436583425,0.7797088799476838,0.7325125042503682,-0.4700143251454,-0.46561574785316256,0.32486749370256907
left,3.24,1787652113861508096,1787652113857037622,2588,4.470474,-2.6584099185748533,1.0035864152511726,1.000985880727729,-0.4646556893849225,-0.46004999110598355,0.32814420877041184
left,3.25,1787652113871508096,1787652113866959919,2598,4.548177,-2.6223275318421533,0.9436097907826095,0.9664902777492053,-0.45624054205585174,-0.44994600370065757,0.32458573900387866
left,3.26,1787652113881508096,1787652113876986244,2605,4.521852,-2.370044483806451,0.9078796146242497,0.6341424742583819,-0.45142277688060173,-0.4438045850679434,0.32160551961237827
left,3.27,1787652113891508096,1787652113886948329,2615,4.559767,-2.5504027140771726,0.8485402131318145,0.3910164093864852,-0.4617265336150065,-0.45491380144927773,0.32741046931618556
left,3.28,1787652113901508096,1787652113897114738,2620,4.393358,-2.838349972169841,0.5901778862316622,0.6771761955183968,-0.46777335703871326,-0.46270580634399344,0.3331976962738345
left,3.29,1787652113911508096,1787652113906876895,2630,4.631201,-2.7181611497042484,0.6219507982860184,0.6927811056151049,-0.47187258798435633,-0.4643139861455384,0.3318402670082497
left,3.3,1787652113921508096,1787652113916924030,2638,4.584066,-2.3042329037953335,0.7307197637658779,0.6711431499877052,-0.4654794524661391,-0.45402880353376235,0.3211097624703972
left,3.31,1787652113931508096,1787652113927046028,2645,4.462068,-2.49684461015426,0.743675874831723,0.8846066442297968,-0.47758684442796273,-0.4691778366654133,0.3231925451714128
left,3.32,1787652113941508096,1787652113937694335,2654,3.813761,-2.3501217331422564,0.7847662538006355,0.28837376867618375,-0.4868104580796192,-0.4760426452334051,0.31823522994949854
left,3.33,1787652113951508096,1787652113946907490,2660,4.600606,-2.469242407043631,0.7580934159018303,0.29600522146053065,-0.49493088728574597,-0.4866425387284153,0.3230337395811709
left,3.34,1787652113961508096,1787652113957012161,2668,4.495935,-2.7336931867985097,0.99425869484678,0.5972354686813419,-0.5086682251218035,-0.5045848749207394,0.3335101307804051
left,3.35,1787652113971508096,1787652113967099460,2676,4.408636,-2.651579984357281,0.9396872350255312,0.5505749853607291,-0.5166164859963376,-0.5136039330866149,0.3356211847516282
left,3.36,1787652113981508096,1787652113976968134,2685,4.539962,-2.2495714416359527,0.921238930637659,0.5273355577446474,-0.5176362809749215,-0.5117541823398747,0.3269455227006105
left,3.37,1787652113991508096,1787652113986917038,2692,4.591058,-2.262932762160476,0.9119136831909942,0.456452663289734,-0.5219911884763051,-0.5144669717330472,0.32435579382327007
left,3.38,1787652114001508096,1787652113996928162,2700,4.579934,-2.6176266193988695,0.8965310047051744,0.3724384690178321,-0.5287335080938268,-0.5236873898661318,0.3285748538814493
left,3.39,1787652114011508096,1787652114006860140,2708,4.647956,-2.5663339316318754,0.9055324817530483,0.4308026579506441,-0.5306003781520973,-0.5230447378698004,0.3259888021271915
left,3.4,1787652114021508096,1787652114016890025,2718,4.618071,-2.3777996794646286,0.6703319439168616,0.18583708791717662,-0.5333962740550897,-0.5212218887204552,0.3164857739377364
left,3.41,1787652114031508096,1787652114027189099,2724,4.318997,-2.339947608156636,0.7230266417082648,0.4850789809746858,-0.5305656713269851,-0.5190774332150168,0.31511956215438214
left,3.42,1787652114041508096,1787652114036879164,2734,4.628932,-2.324868437110828,0.7857660996999931,0.49071684840778174,-0.5305283021102122,-0.5207395567149365,0.31605489263813913
left,3.43,1787652114051508096,1787652114046926158,2741,4.581938,-2.3494095940533297,0.7782809912859986,0.47056827768621434,-0.5286657486140924,-0.5194403820257646,0.3147905531043558
left,3.44,1787652114061508096,1787652114056927760,2748,4.580336,-2.3766702094399044,0.7567352875814053,0.4740159696549031,-0.5259039823097844,-0.5187590051929369,0.3180175346593523
left,3.45,1787652114071508096,1787652114066938368,2756,4.569728,-2.4816333282559224,1.019484226384538,0.16800012372404963,-0.5282282016980293,-0.523061693584865,0.32270961178789515
left,3.46,1787652114081508096,1787652114076963941,2765,4.544155,-2.69536765508233,0.9465932641149384,0.45527448741066145,-0.5348642159100481,-0.5342070079125772,0.3306765297010008
left,3.47,1787652114091508096,1787652114086851601,2774,4.656495,-2.5539185834020928,0.8838041556849743,0.7399822376499939,-0.5302167842848647,-0.53016011492379,0.32917786310735975
left,3.48,1787652114101508096,1787652114096963489,2780,4.544607,-2.4990259428807007,0.9210959480429903,0.6574717005720347,-0.5230395115791977,-0.529196691514745,0.32420199679411127
left,3.49,1787652114111508096,1787652114106899847,2788,4.608249,-2.4819886954762063,0.905913029198478,0.6239034332036327,-0.5193917042749882,-0.527751880498914,0.32146226804609873
left,3.5,1787652114121508096,1787652114116914365,2796,4.593731,-2.260766306794634,0.8792523188662869,0.2978653927907916,-0.52010593224735,-0.5280849417051532,0.31492298940343755
left,3.51,1787652114131508096,1787652114126872518,2804,4.635578,-2.350095310518784,0.8728197476492822,0.06278393297351653,-0.5309900554544409,-0.540242112499821,0.31554163508025723
left,3.52,1787652114141508096,1787652114137131334,2813,4.376762,-2.3806490043608948,0.6146647851934348,0.11442529173882605,-0.5465155046271606,-0.5564944876840264,0.31764279703232673
left,3.53,1787652114151508096,1787652114147169599,2820,4.338497,-2.6364327838076864,0.6420548565217397,0.37529074640761306,-0.5668578138424062,-0.5844102321813902,0.3321899985199222
left,3.54,1787652114161508096,1787652114157179948,2831,4.328148,-2.4804474521266537,0.8969334830985672,0.5982251061257233,-0.5755504018704394,-0.592781240559001,0.3356729415450612
left,3.55,1787652114171508096,1787652114166977751,2839,4.530345,-2.2052603225675367,0.8684649814899587,0.24114487011838287,-0.5863368627969616,-0.603513651340963,0.3369165787722621
left,3.56,1787652114181508096,1787652114176913359,2845,4.594737,-2.518433862757609,0.6139649494930491,0.36631494796766206,-0.6036212651772596,-0.6247416658421967,0.34618269251762557
left,3.57,1787652114191508096,1787652114186905323,2853,4.602773,-2.6036426783805866,0.8665137442335775,0.02735952954931306,-0.6140457069152965,-0.635339329095345,0.35434901218204773
left,3.58,1787652114201508096,1787652114197121191,2861,4.386905,-2.6070184680853288,0.8298190023371752,0.03477817614145165,-0.6185818340600653,-0.6407188250586786,0.3530134892202202
left,3.59,1787652114211508096,1787652114206963348,2868,4.544748,-2.5056868954692546,0.7983614834768653,0.32429486964366194,-0.6161579048796006,-0.6393978329309667,0.3553398491355026
left,3.6,1787652114221508096,1787652114217161403,2876,4.346693,-2.4331542937252295,0.8016916318159151,0.28186914911544897,-0.6103679378845709,-0.631407268667831,0.3495902350972626
left,3.61,1787652114231508096,1787652114227065000,2884,4.443096,-2.025516707880457,0.5478166827772106,-0.094543433490035,-0.6069567254216192,-0.6195198612979975,0.3355728555920058
left,3.62,1787652114241508096,1787652114237116404,2892,4.391692,-2.2606667872457837,0.5595872373951098,-0.11433018056335323,-0.6059977861992423,-0.6212517604712662,0.33447543691207415
left,3.63,1787652114251508096,1787652114246898621,2900,4.609475,-1.9310991552248178,0.6220998231237083,-0.3643500883731989,-0.6024793100440229,-0.6186383141528784,0.3298212665618833
left,3.64,1787652114261508096,1787652114256945870,2910,4.562226,-2.127830589950425,0.6048816145162528,-0.07378579312028949,-0.6109603020216516,-0.6303953299050974,0.3373499982829554
left,3.65,1787652114271508096,1787652114267018779,2919,4.489317,-1.9078393250784231,0.6672836559436794,0.21465033134269873,-0.604124361568271,-0.62121442997015,0.33561290320800313
left,3.66,1787652114281508096,1787652114276995441,2924,4.512655,-1.7478000375784026,0.876739767755349,-0.05461599517104221,-0.5963456371649262,-0.6147990345558924,0.33542511751773135
left,3.67,1787652114291508096,1787652114286906359,2934,4.601737,-2.220563550059819,0.8017293680409542,0.23179619639746782,-0.6060285179545581,-0.6322944108645228,0.3568543285115937
left,3.68,1787652114301508096,1787652114297006380,2941,4.501716,-2.155131041046325,0.7254666450154035,-0.35109859042956687,-0.6095240868036249,-0.632008612793232,0.354599447749566
left,3.69,1787652114311508096,1787652114306868476,2950,4.63962,-2.217083449590637,0.7239600235859794,-0.29852097058415816,-0.6174002648637198,-0.641043208833533,0.36219633271577734
left,3.7,1787652114321508096,1787652114316957754,2957,4.550342,-2.2084654905027934,0.7036983496740713,0.017071017679924305,-0.6285206772139983,-0.6544876856042898,0.3678318648466149
left,3.71,1787652114331508096,1787652114326899185,2965,4.608911,-2.2168746510039377,0.4828851402885212,0.0407575504080422,-0.6380586821065228,-0.6680782170560385,0.37084780274495627
left,3.72,1787652114341508096,1787652114336943580,2975,4.564516,-2.5717264833720885,0.7753779854326682,-0.07877675429994127,-0.6579959637858956,-0.6974681399436127,0.3814819444801612
left,3.73,1787652114351508096,1787652114346917303,2981,4.590793,-2.346536104297262,0.5397026503910008,-0.4036480645371434,-0.677355408342602,-0.7125440352777582,0.37868043363506804
left,3.74,1787652114361508096,1787652114357007264,2989,4.500832,-2.334009313172435,0.588708830924317,-0.4005238086879568,-0.6909918195004536,-0.7270303158244698,0.3853202400427362
left,3.75,1787652114371508096,1787652114367017167,2996,4.490929,-2.461572741280922,0.5863325535773515,0.1361202490594261,-0.7067267989545285,-0.7448311910755623,0.39196819297404606
left,3.76,1787652114381508096,1787652114376917548,3005,4.590548,-2.3762065514245267,0.5654422909718305,0.015247150167946921,-0.7155067432503238,-0.7540495178491647,0.3979764129293998
left,3.77,1787652114391508096,1787652114386919731,3015,4.588365,-2.333156125590184,0.5749897629301847,-0.10575638428943276,-0.7292436189729504,-0.762720376360535,0.3984752056328205
left,3.78,1787652114401508096,1787652114397153068,3020,4.355028,-2.083570319877943,0.7878520509228822,-0.46532992465528755,-0.7396865294648153,-0.7738328821748246,0.4021378122660354
left,3.79,1787652114411508096,1787652114406894048,3028,4.614048,-2.18287974482,0.7288819358221094,-0.7309426884898911,-0.7510854814672915,-0.7886945880043038,0.4065164824247471
left,3.8,1787652114421508096,1787652114416976336,3038,4.53176,-2.4617005090384194,0.6579988825464644,-0.40631275092384495,-0.7628843028013481,-0.8050851596956446,0.42165365136605565
left,3.81,1787652114431508096,1787652114426970196,3044,4.5379,-2.221768214060606,0.6385868790188721,-0.6256943131983939,-0.7616649981606152,-0.8033263467565224,0.41548381248942556
left,3.82,1787652114441508096,1787652114437302159,3052,4.205937,-2.499610636667669,0.3775828122776066,-0.2851808449944415,-0.7558597219931322,-0.8000073881942857,0.4148922130089945
left,3.83,1787652114451508096,1787652114446908661,3062,4.599435,-2.3778983529639017,0.4358161627193064,-0.3672011078390484,-0.7495366105124722,-0.7905453962261081,0.40649960159562654
left,3.84,1787652114461508096,1787652114456932316,3068,4.57578,-2.1218282824066415,0.5153876521858514,-0.18684615070485028,-0.7380345557554779,-0.7736472133076259,0.39393227918461965
left,3.85,1787652114471508096,1787652114467146542,3076,4.361554,-2.0931313020881768,0.5668680028693465,-0.5147997995993396,-0.7230603906235715,-0.756313392233509,0.387873311120413
left,3.86,1787652114481508096,1787652114477171878,3084,4.336218,-2.02641639222585,0.6010340209955234,-0.4831493504856429,-0.7102679687823202,-0.7426089595017277,0.3867479292016841
left,3.87,1787652114491508096,1787652114486882391,3093,4.625705,-1.9184733381475976,0.8911451544675861,-0.17321636970780102,-0.7016888365555888,-0.7271103263774695,0.3782038816333788
left,3.88,1787652114501508096,1787652114496912266,3100,4.59583,-1.879981903068776,0.8417828713583033,-0.21370360727691484,-0.7005682260241334,-0.7164816373543558,0.3687235928062265
left,3.89,1787652114511508096,1787652114507107875,3110,4.400221,-1.6079324100948424,0.7910190093731785,-0.5155471628803918,-0.6965112218919701,-0.701940225378547,0.3447776484104995
left,3.9,1787652114521508096,1787652114517081581,3118,4.426515,-1.721343529647939,0.6698502610902367,-0.7631958988920472,-0.6984559053216288,-0.6984930950909732,0.32802776745893086
left,3.91,1787652114531508096,1787652114526968910,3125,4.539186,-1.7293487572185704,0.6080513857504187,-0.6172057955658408,-0.7058654222023932,-0.6966060189656762,0.31621410229125296
left,3.92,1787652114541508096,1787652114537247607,3134,4.260489,-2.0189330805807733,0.5719534925666298,-0.23874560516029056,-0.7129908286647733,-0.6930888543915562,0.3085936516601227
left,3.93,1787652114551508096,1787652114546886311,3142,4.621785,-1.6832128637232644,0.37365181328123487,-0.23128792621951075,-0.7079566741468564,-0.6752115980036476,0.2814542387080989
left,3.94,1787652114561508096,1787652114557034164,3149,4.473932,-1.9378048125455303,0.4455947074937695,0.0032306210197182994,-0.7082326882494522,-0.6734954137505715,0.26593060137712465
left,3.95,1787652114571508096,1787652114566927709,3158,4.580387,-1.88493668554328,0.8120063974167787,-0.02800624490637696,-0.7049636680700845,-0.6566412295557693,0.24226190827246585
left,3.96,1787652114581508096,1787652114576970017,3164,4.538079,-1.8942789491469016,0.6326089235996395,0.03825146642696228,-0.6900538691980809,-0.6303216425820055,0.2136633384475562
left,3.97,1787652114591508096,1787652114586886712,3174,4.621384,-1.941718269424035,0.7031102974989601,-0.17907755963807262,-0.670955131796073,-0.6048570563613125,0.18985800460491942
left,3.98,1787652114601508096,1787652114596920705,3180,4.587391,-1.419933479177477,0.8633487419720736,-0.07150956712997869,-0.6355167801561029,-0.5520815416136794,0.14672222244132577
left,3.99,1787652114611508096,1787652114606924904,3191,4.583192,-1.5770470493593403,1.1793729156600141,0.30600518284044365,-0.6046681271323119,-0.5097457175045822,0.12108339830391948
left,4.0,1787652114621508096,1787652114617109155,3196,4.398941,-1.6375497490849549,1.1365704037782831,0.33573038485061063,-0.5685830655993138,-0.4630871481545297,0.09669782081975374
left,4.01,1787652114631508096,1787652114626931250,3207,4.576846,-1.456507865186052,1.1582105825325741,0.1283093386524641,-0.5266139851842427,-0.40426256872187893,0.061069484856708656
left,4.02,1787652114641508096,1787652114637197430,3213,4.310666,-1.7473459521327004,1.2076017789945723,0.4791606068532031,-0.4776163866648975,-0.3408413026466916,0.024429039211838977
left,4.03,1787652114651508096,1787652114647073953,3220,4.434143,-1.5956270809573494,1.1826673558483634,0.7449774521906907,-0.42431494564672934,-0.2645233199632238,-0.019386183375930524
left,4.04,1787652114661508096,1787652114657042374,3228,4.465722,-1.304304563459216,1.192767991833479,1.224860809131982,-0.3843992227583159,-0.20420286804369436,-0.056188357054446164
left,4.05,1787652114671508096,1787652114667067835,3239,4.440261,-1.1066916244182499,1.1808143485208114,1.112460649363302,-0.33218327868569153,-0.15489758808725348,-0.08953338634682302
left,4.06,1787652114681508096,1787652114676967521,3244,4.540575,-0.7758216488580764,1.1574438988557096,1.3453382989889038,-0.2651673205674212,-0.12505031853706386,-0.11672521046498852
left,4.07,1787652114691508096,1787652114686930591,3252,4.577505,-0.49199937792661735,0.8460891543984185,1.5387044982731886,-0.1998710906090414,-0.1206012720960079,-0.14503232045690997
left,4.08,1787652114701508096,1787652114696919008,3263,4.589088,-0.17203772290112632,0.9878591541359283,1.4934402577454349,-0.15193869205908134,-0.14291346822864487,-0.14955813501291387
left,4.09,1787652114711508096,1787652114706863242,3268,4.644854,0.19908741981965863,1.0589447326204666,1.071178391809313,-0.12981832450446082,-0.17468368923241767,-0.16488456392726372
left,4.1,1787652114721508096,1787652114717373303,3278,4.134793,0.1257129066137608,1.2556563233116238,1.3578439667215518,-0.11934583824737521,-0.2057115972849251,-0.1602506618847983
left,4.11,1787652114731508096,1787652114726899775,3287,4.608321,0.6505042064997688,1.5397850169096763,1.0568039442294825,-0.10719890641668961,-0.21805522350213022,-0.16844469330415654
left,4.12,1787652114741508096,1787652114736964760,3292,4.543336,0.7642079151521626,1.8404157292684846,1.068984236863236,-0.11547560851400962,-0.2396676168150656,-0.1813614960349756
left,4.13,1787652114751508096,1787652114746876178,3303,4.631918,0.821087953459568,2.5561221834199657,1.033015417196986,-0.1394701246935361,-0.2785623053092948,-0.1827456875966299
left,4.14,1787652114761508096,1787652114756941655,3309,4.566441,0.7290773191723181,2.8388742869899253,1.1107172361751274,-0.18737137209862603,-0.3370322895184189,-0.17521361749052417
left,4.15,1787652114771508096,1787652114766978392,3318,4.529704,1.1332982516622658,3.456707907836564,1.048730103635421,-0.2295718073925893,-0.38202899786356087,-0.16947201951422153
left,4.16,1787652114781508096,1787652114777021361,3324,4.486735,1.2641213961980853,3.689995814443957,0.7505450544364158,-0.2680279247425575,-0.42697675807110314,-0.1612134879643029
left,4.17,1787652114791508096,1787652114787252623,3333,4.255473,0.9722400591458991,3.455161743785416,0.5386455210536338,-0.30736955379068176,-0.4759275173091413,-0.15609044664804145
left,4.18,1787652114801508096,1787652114796940904,3343,4.567192,1.3956826150728614,3.400568953160797,0.2082264947514455,-0.31584306074845586,-0.4880667805687714,-0.16409858486832757
left,4.19,1787652114811508096,1787652114806912526,3350,4.59557,1.5615119556506722,3.502342639247522,0.21784976196843064,-0.3243541032088302,-0.5010595374834312,-0.157273936326645
left,4.2,1787652114821508096,1787652114817319795,3357,4.188301,1.7713193125834887,3.105496243544487,0.18278331488524735,-0.33171058024025907,-0.5105369354006299,-0.14544023090145447
left,4.21,1787652114831508096,1787652114826924939,3367,4.583157,1.9312141792178457,3.1974459331976908,0.16182396965201307,-0.3323521786745437,-0.5183453071868009,-0.1370264579349011
left,4.22,1787652114841508096,1787652114837188379,3372,4.319717,2.1782153784400116,3.501970942477832,0.43089183944391685,-0.3321970615970788,-0.5232435579534165,-0.13172319643081565
left,4.23,1787652114851508096,1787652114847045476,3380,4.46262,2.225675457357217,3.4787347599321032,0.07518204044922527,-0.342110827969844,-0.5375925667157637,-0.12620217135208334
left,4.24,1787652114861508096,1787652114857117714,3390,4.390382,2.2436253726973128,2.3563356588135385,0.007177544017359261,-0.34467004270096635,-0.5479964682587445,-0.1267126298629888
left,4.25,1787652114871508096,1787652114866929974,3399,4.578122,2.324860171168732,2.049449055476231,-0.0009902599482021213,-0.3461316268676483,-0.5604216274787178,-0.11341715509375039
left,4.26,1787652114881508096,1787652114876914303,3407,4.593793,2.3725078140434284,2.329529640411908,-0.03116091613633909,-0.3567095161837194,-0.5777395228791249,-0.09841707523964688
left,4.27,1787652114891508096,1787652114887031679,3412,4.476417,2.5245350395899555,2.5899886646706984,0.19043502166023596,-0.36061072902311386,-0.5840161144382162,-0.08703797979980171
left,4.28,1787652114901508096,1787652114896932346,3420,4.57575,2.4410392626568167,2.290605278009717,-0.1161950956131127,-0.3604466388406036,-0.5904151964087867,-0.08396748485060607
left,4.29,1787652114911508096,1787652114906904063,3430,4.604033,2.6285064996708036,2.0686098655147767,0.09629750260180492,-0.35753589719896595,-0.5895248879464068,-0.08889955350934575
left,4.3,1787652114921508096,1787652114917384177,3437,4.123919,2.742957212221757,1.9792710134327491,0.01011723986183033,-0.34900449877505807,-0.5878435887691629,-0.09296937387101922
left,4.31,1787652114931508096,1787652114926873821,3445,4.634275,2.733580658443274,2.0970006422521346,-0.07584402896903397,-0.34516286439501553,-0.590128767565082,-0.09584221230692241
left,4.32,1787652114941508096,1787652114937307983,3452,4.200113,2.579732648889952,1.9729055557018744,-0.24416481945067114,-0.3480909839648416,-0.6012793604030493,-0.08895306318724383
left,4.33,1787652114951508096,1787652114946980075,3461,4.528021,2.5198549954671496,1.913656202884836,-0.29635867425653417,-0.3433133151147726,-0.5943574012041943,-0.09272571538329999
left,4.34,1787652114961508096,1787652114957161914,3470,4.346182,2.349445304169082,1.8680917134843364,-0.29650098060910746,-0.32618935662054943,-0.5733850740403823,-0.09707011182429182
left,4.35,1787652114971508096,1787652114967265861,3477,4.242235,1.9041921272249394,1.8319876874588545,0.053377428961782714,-0.3025104417568255,-0.547332080917709,-0.08996495888403927
left,4.36,1787652114981508096,1787652114976879038,3484,4.629058,1.8577492065709889,1.8605178864185437,0.2039906898263974,-0.2558304190526953,-0.48078625449999723,-0.10907342503005663
left,4.37,1787652114991508096,1787652114987129079,3493,4.379017,1.8126737521158203,1.6366705016056557,0.31775429963178387,-0.2016538735378443,-0.40468864947884164,-0.13669795666536674
left,4.38,1787652115001508096,1787652114996867976,3502,4.64012,1.551270926772219,1.748597043329481,0.2522190938720217,-0.16070463527749776,-0.3274126261564026,-0.15771954001094807
left,4.39,1787652115011508096,1787652115006913384,3509,4.594712,1.4493880114333808,1.8964667086850218,0.6198822903015708,-0.11908490782006034,-0.211452904485387,-0.1900925236334374
left,4.4,1787652115021508096,1787652115017386734,3516,4.121362,1.3368295267426729,2.046857721836652,1.1561607816864752,-0.09280918953697304,-0.079575147037928,-0.2249777734686728
left,4.41,1787652115031508096,1787652115026895784,3526,4.612312,1.3930365644332046,2.1578881808167,1.8429196920671496,-0.08860560890366809,0.056146095328718115,-0.24614254733534716
left,4.42,1787652115041508096,1787652115037157226,3535,4.35087,1.6675244836571086,2.2801988782776306,2.310444535538237,-0.09589211972630901,0.18778482430645405,-0.2541021507001233
left,4.43,1787652115051508096,1787652115047107123,3543,4.400973,1.586333145888766,1.7849592670012726,3.2266838883172473,-0.15441439932345058,0.2585065976108988,-0.22052738759871093
left,4.44,1787652115061508096,1787652115056892307,3550,4.615789,1.640314916998937,1.8277088972449815,3.5472740927059867,-0.20403948233803593,0.33821657445571396,-0.17333089527315676
left,4.45,1787652115071508096,1787652115066969593,3559,4.538503,1.5801590635391483,2.2087628472994445,4.0452873123989646,-0.24728983251389425,0.37203427809278466,-0.10601899662240988
left,4.46,1787652115081508096,1787652115076967867,3564,4.540229,1.2144529364049916,2.346776443016847,4.149523999069729,-0.23881993526590628,0.4097838926657467,-0.03713967374100352
left,4.47,1787652115091508096,1787652115087015037,3573,4.493059,0.6421285758254365,2.168972668479487,4.740902873682954,-0.19068611979556405,0.4494256829591121,0.06870089945396435
left,4.48,1787652115101508096,1787652115097172620,3582,4.335476,-0.058023842967975886,2.0511748141760067,5.166429897454213,-0.14618922971533,0.4375048565499452,0.2146898257295622
left,4.49,1787652115111508096,1787652115107023979,3588,4.484117,-0.5051023069950824,1.7437763254245848,4.968425841160926,-0.11885362413457756,0.3991237578425654,0.35353447740438376
left,4.5,1787652115121508096,1787652115117325813,3598,4.182283,-1.4546525535558743,1.0408139901707587,5.321873453977034,-0.08671620734318342,0.3719031242519176,0.48800334959148
left,4.51,1787652115131508096,1787652115126942513,3604,4.565583,-2.1338899795727317,1.2078631982849664,5.233803673409905,-0.09038827827950624,0.3003797344136657,0.5982018982437571
left,4.52,1787652115141508096,1787652115137257997,3612,4.250099,-2.306332605600724,0.5105819587589251,4.656494452847243,-0.11601196974489558,0.20238351339800087,0.6965615816014944
left,4.53,1787652115151508096,1787652115146894801,3620,4.613295,-3.103718949596562,-0.4815170363360558,4.260981942526884,-0.17892935200636984,0.07914227449441791,0.771690703630746
left,4.54,1787652115161508096,1787652115156911932,3630,4.596164,-3.73277847704773,-1.113265027472839,3.6926412186115067,-0.2295649525006349,-0.0026207183980639925,0.8412935551518593
left,4.55,1787652115171508096,1787652115166884028,3638,4.624068,-3.730799677848308,-1.6836434887050535,2.933634278538582,-0.2820189591268334,-0.07084899810976508,0.8777697727923574
left,4.56,1787652115181508096,1787652115177086515,3647,4.421581,-3.9345435525108297,-1.8491831821695845,2.7594407868822026,-0.3021068654840709,-0.08705969625652382,0.89018425885918
left,4.57,1787652115191508096,1787652115187374686,3652,4.13341,-5.2076550661144445,-2.884077066775775,2.9920232737266943,-0.3189796275441294,-0.10779927684229917,0.9040921953152066
left,4.58,1787652115201508096,1787652115196927651,3663,4.580445,-5.033096029177444,-3.2928125413664757,2.3766494450939426,-0.36911947211510304,-0.13827899173158587,0.9079221955024069
left,4.59,1787652115211508096,1787652115206957647,3670,4.550449,-6.575267593679971,-4.486420589006248,3.0317150267688877,-0.3970731230786144,-0.147519018010295,0.9223933746882703
left,4.6,1787652115221508096,1787652115217609872,3679,3.898224,-5.997975754969027,-5.2961895322897465,2.312433944955017,-0.38539309793693277,-0.1018400246124645,0.9198614474912497
left,4.61,1787652115231508096,1787652115226892336,3684,4.61576,-6.17842698408437,-5.037799122959759,1.7950891216382843,-0.44930635607536584,-0.12345751267285623,0.9605087587424107
left,4.62,1787652115241508096,1787652115237339495,3694,4.168601,-6.5970075851994,-5.198522496993428,1.1262303778238483,-0.5547380544839954,-0.20056522090934437,1.031814248660941
left,4.63,1787652115251508096,1787652115246901107,3701,4.606989,-7.410641496163854,-5.051248496665742,0.9069354929235691,-0.6923249367738042,-0.31852283132285375,1.1269318831308965
left,4.64,1787652115261508096,1787652115257110423,3708,4.397673,-7.990890613979598,-5.3012654116435804,0.7498802956654609,-0.784221749328704,-0.4027812048080702,1.2181687183636363
left,4.65,1787652115271508096,1787652115266907238,3716,4.600858,-7.767472479645881,-5.460269604184151,-0.23158699222318546,-0.8519963151461518,-0.4349746154955876,1.246307662470181
left,4.66,1787652115281508096,1787652115276959401,3725,4.548695,-8.377973821395358,-5.5780564716566055,0.09367039829736079,-0.9018748192587338,-0.46841310788051205,1.3017557651065217
left,4.67,1787652115291508096,1787652115287149119,3732,4.358977,-7.992516414073729,-5.875534582070191,0.42082111243110454,-0.8757239084024175,-0.42315248799486566,1.3044554313527277
left,4.68,1787652115301508096,1787652115296901461,3740,4.606635,-7.613574439579213,-5.708755836463788,0.33435313980185954,-0.8736866473400166,-0.4014056802203442,1.313886109282801
left,4.69,1787652115311508096,1787652115306887333,3751,4.620763,-6.6807689177004645,-4.999114417374927,-0.19776712400829677,-0.9129988379364107,-0.4098910053620149,1.3204445030362961
left,4.7,1787652115321508096,1787652115317313532,3756,4.194564,-6.548371930097625,-4.397867125987755,-0.3972600862639659,-0.9755949233942658,-0.44861418763047517,1.3720011580841747
left,4.71,1787652115331508096,1787652115326906149,3765,4.601947,-6.729166036649394,-4.656698272158791,-0.893536824226685,-1.0664613654731196,-0.5214480027909506,1.4275660014101712
left,4.72,1787652115341508096,1787652115337164589,3773,4.343507,-6.590310482626033,-4.513285354014715,-0.4001758681384773,-1.129435979145831,-0.5741280716887808,1.4887358222125089
left,4.73,1787652115351508096,1787652115346874320,3782,4.633776,-6.698037776746202,-4.96421568376571,-0.7424059887074703,-1.190410515116716,-0.634990740799193,1.542371316181784
left,4.74,1787652115361508096,1787652115357098737,3790,4.409359,-7.296113851364776,-5.51721689049017,-0.03469517534270983,-1.2535996241787979,-0.7120416560252413,1.6175086390395537
left,4.75,1787652115371508096,1787652115366993737,3798,4.514359,-6.986612205950581,-6.075293468630919,-0.05112499298126938,-1.3194570936271623,-0.7524047101413384,1.6646314757256335
left,4.76,1787652115381508096,1787652115376955988,3804,4.552108,-6.352891441880272,-6.204474311488621,-0.45469540913778106,-1.3769997138046493,-0.78180778203091,1.6673897912166329
left,4.77,1787652115391508096,1787652115387283239,3814,4.224857,-6.7189430724983525,-6.46223169358696,0.74364482779314,-1.4598135905566243,-0.8255992908227945,1.7457695884226447
left,4.78,1787652115401508096,1787652115396927584,3821,4.580512,-6.3037949824187685,-6.648739856039317,0.4628329120649366,-1.484743182136024,-0.8174790920756174,1.7774687108061549
left,4.79,1787652115411508096,1787652115406948221,3830,4.559875,-6.115397173844048,-6.9246903172206205,-0.07714428729788558,-1.5576878106618954,-0.8362014749077786,1.8047703497970888
left,4.8,1787652115421508096,1787652115417447105,3836,4.060991,-5.257683360811025,-6.094877676413423,0.7189212102506675,-1.5160518939015837,-0.79092704823669,1.762538074216003
left,4.81,1787652115431508096,1787652115426902248,3845,4.605848,-5.575362477688488,-5.890093984399556,1.7698857510950181,-1.5243019904213204,-0.7874754392292864,1.7641061076293614
left,4.82,1787652115441508096,1787652115437049581,3854,4.458515,-5.9965061090961,-6.491752899937776,2.3902690833826297,-1.5434554846666502,-0.800410645524525,1.7786850465989086
left,4.83,1787652115451508096,1787652115446946133,3860,4.561963,-5.6864688370360525,-6.414038212217684,1.0096242683277326,-1.610345855824807,-0.8391181480906027,1.7993811866116654
left,4.84,1787652115461508096,1787652115456958934,3871,4.549162,-6.110755140945607,-7.135795169400537,2.344923903787234,-1.6754249916136443,-0.8841103584216987,1.8666678999398516
left,4.85,1787652115471508096,1787652115467130692,3876,4.377404,-6.786000278726682,-7.871908258517691,1.9062884414583476,-1.804300748253218,-0.9484366590213607,1.9492741911879268
left,4.86,1787652115481508096,1787652115476934717,3884,4.573379,-5.722809415231968,-7.808742976779048,1.8161353844642192,-1.8684531383171041,-0.958439702418543,1.9840975414000517
left,4.87,1787652115491508096,1787652115487290776,3892,4.21732,-6.084011821484523,-7.658540682215516,0.6808100047321108,-1.9882719394628823,-1.016529938930755,2.0806638349661974
left,4.88,1787652115501508096,1787652115496869633,3902,4.638463,-5.350020402591808,-7.968924555853466,1.4171543211742188,-2.019982958760159,-1.0063241529716276,2.122338888965553
left,4.89,1787652115511508096,1787652115507088538,3909,4.419558,-4.803850587534778,-7.724498023097047,1.0530070527571485,-2.1012858244266073,-1.0148908870174762,2.1716831337177784
left,4.9,1787652115521508096,1787652115517078700,3917,4.429396,-4.42945563371525,-7.31197209522338,1.366332884256002,-2.173856833115283,-1.0354578572189943,2.2278852717382276
left,4.91,1787652115531508096,1787652115526963963,3926,4.544133,-4.535427332415874,-7.9902270365413255,1.2652652190655465,-2.33395140061186,-1.1042404731555044,2.334775081255899
left,4.92,1787652115541508096,1787652115537031479,3933,4.476617,-4.48292183786195,-8.803607538978769,0.5220608613078848,-2.534424717289885,-1.185239638984832,2.454755311239545
left,4.93,1787652115551508096,1787652115546916670,3941,4.591426,-4.774890239947964,-8.108254449816986,0.12818930237717074,-2.7795383906729185,-1.2889072562448247,2.6142949249882035
left,4.94,1787652115561508096,1787652115556926689,3949,4.581407,-5.103730620646073,-7.7521587631074045,0.2140324690922637,-2.9563754048042488,-1.3700357547196969,2.759634390654155
left,4.95,1787652115571508096,1787652115566944254,3958,4.563842,-4.830967927445792,-7.89399574758646,0.7059623405102711,-3.128789348881313,-1.4325649283668662,2.8638542489954792
left,4.96,1787652115581508096,1787652115576992786,3965,4.51531,-5.4298692333704475,-8.405409513394803,-0.09314791419157098,-3.328290279369488,-1.5269053639343266,3.0088921769573647
left,4.97,1787652115591508096,1787652115586907496,3972,4.6006,-5.111969044057958,-9.008311504760552,-0.7758098691478756,-3.498482304927583,-1.5989270393880406,3.146986148356103
left,4.98,1787652115601508096,1787652115596870304,3982,4.637792,-5.6802615067451505,-9.642647045142626,0.22856693594890665,-3.574360047967061,-1.640292820403035,3.274399990490412
left,4.99,1787652115611508096,1787652115607111763,3991,4.396333,-6.529825344302505,-9.54509504525709,0.15674587431613318,-3.5852664045320175,-1.6515367225134991,3.33842675420913
left,5.0,1787652115621508096,1787652115616958134,3998,4.549962,-6.146841138028075,-9.401464957223371,0.5994406162187267,-3.526040897671892,-1.6090843859735053,3.3524270887778522
left,5.01,1787652115631508096,1787652115627147874,4004,4.360222,-7.269338776454074,-9.76378783637714,0.13725452873834998,-3.414475553676264,-1.5499664370120159,3.3583099780304653
left,5.02,1787652115641508096,1787652115637098214,4013,4.409882,-7.197758286754694,-9.656573070746754,1.9471492695214714,-3.28498802864208,-1.475028883779796,3.342289866693043
left,5.03,1787652115651508096,1787652115646883356,4021,4.62474,-7.510624379155622,-9.686732247255348,0.6425832231966764,-3.2056487465991204,-1.4282306464773264,3.3217206144141835
left,5.04,1787652115661508096,1787652115656916711,4029,4.591385,-7.087762409721933,-10.269054740868976,1.9404763245596062,-3.2802390061456417,-1.46871960077891,3.4259187051692623
left,5.05,1787652115671508096,1787652115666940361,4036,4.567735,-6.959815986636445,-10.597562478000025,0.7012916758780614,-3.3965641260685087,-1.5281459781178146,3.5172652686374177
left,5.06,1787652115681508096,1787652115677169755,4044,4.338341,-7.012694048312695,-11.007465478232179,1.5164104029821437,-3.568284451755986,-1.6194354919644758,3.6755617698019374
left,5.07,1787652115691508096,1787652115687312339,4053,4.195757,-6.657202218135746,-10.799401906326661,1.1036389856741096,-3.583527933703141,-1.6450403240780451,3.6852196193019897
left,5.08,1787652115701508096,1787652115696892701,4060,4.615395,-6.18602868334198,-10.583495437615902,0.8437860655386218,-3.601963846190489,-1.6580552130252237,3.6841117686252685
left,5.09,1787652115711508096,1787652115706923735,4069,4.584361,-5.2702459189865385,-10.709387662644522,0.9637400761082797,-3.6130252291600797,-1.6768154900259309,3.6852184640565895
left,5.1,1787652115721508096,1787652115717214994,4076,4.293102,-6.064160690539803,-11.225823882461757,1.6090311187217234,-3.554598586306321,-1.665763272345588,3.6833046187708396
left,5.11,1787652115731508096,1787652115726926132,4084,4.581964,-6.1072895865902765,-11.113867306009443,2.4303483503077103,-3.443661869364203,-1.625722140177619,3.637672465499096
left,5.12,1787652115741508096,1787652115737142723,4094,4.365373,-5.81766074283512,-10.519051026772273,1.748850664885111,-3.341568330223295,-1.573211191695374,3.5860346871166686
left,5.13,1787652115751508096,1787652115746961297,4101,4.546799,-6.686518459662288,-9.602910860664881,1.3889621672709516,-3.193038151934647,-1.5232658161367039,3.531200189215648
left,5.14,1787652115761508096,1787652115756933996,4108,4.5741,-6.57028158001312,-9.038480698627893,3.192695173721906,-3.0294073030538824,-1.463800726698203,3.4688095746882985
left,5.15,1787652115771508096,1787652115766900732,4118,4.607364,-6.816093762452445,-8.810630651507225,2.9795757112442236,-2.821165291475806,-1.3694980446006022,3.3336337708452817
left,5.16,1787652115781508096,1787652115777039687,4126,4.468409,-6.231007504361517,-9.313434605108208,2.2582357402435935,-2.6709432853064103,-1.2906909292043698,3.2276707852340385
left,5.17,1787652115791508096,1787652115787470114,4132,4.037982,-7.159086161650643,-9.798841070134284,2.783099608781771,-2.751375813032264,-1.3378359239828024,3.3442507514353963
left,5.18,1787652115801508096,1787652115796938142,4143,4.569954,-6.128160722095151,-9.1052828505224,1.7978880995354296,-2.774917707921562,-1.3345006956830696,3.3537371458743417
left,5.19,1787652115811508096,1787652115806931674,4148,4.576422,-6.764931277099432,-9.136849093940336,2.1857100265567584,-2.861761087374499,-1.3678925353203797,3.441795782753859
left,5.2,1787652115821508096,1787652115816874848,4157,4.633248,-7.088312926390383,-10.075770280295643,1.3539730479933199,-3.0396631949086226,-1.456490889141481,3.594493980507515
left,5.21,1787652115831508096,1787652115827157930,4166,4.350166,-7.7249374643956985,-10.280694738142778,2.2373091503235694,-3.2677091753839287,-1.5830414750103317,3.821346670042375
left,5.22,1787652115841508096,1787652115837070838,4175,4.437258,-6.978259838010312,-10.42053492950252,1.7619391885691185,-3.312121161078261,-1.597332237355095,3.854454350119027
left,5.23,1787652115851508096,1787652115846922586,4180,4.58551,-6.606086183843139,-10.232036263412041,1.3127942560410566,-3.350858515281658,-1.6025196477459884,3.8980837341543277
left,5.24,1787652115861508096,1787652115857089446,4191,4.41865,-7.04201219234481,-10.307582881075989,1.9641549470995772,-3.431356066142147,-1.6565034955228288,4.01942831447709
left,5.25,1787652115871508096,1787652115866907835,4198,4.600261,-7.306707359305826,-10.89214800920411,1.441073082544432,-3.5725434720703317,-1.7461420932091674,4.15488464644382
left,5.26,1787652115881508096,1787652115876972543,4206,4.535553,-7.447804185989924,-10.918474427602312,2.6312615275958144,-3.630275126189295,-1.7891565398541345,4.224447426202751
left,5.27,1787652115891508096,1787652115887247915,4214,4.260181,-7.517043749153235,-10.80964826116494,2.6509071538462963,-3.60335425600696,-1.7762659112696917,4.2070015365262154
left,5.28,1787652115901508096,1787652115897177517,4220,4.330579,-6.604738719399565,-10.093998765055225,1.7542452151603447,-3.4436102024691735,-1.6923364187691292,4.051029176892768
left,5.29,1787652115911508096,1787652115906996139,4228,4.511957,-5.959879224726956,-10.052241374155853,2.1604798061758523,-3.201008978190422,-1.5710984940772104,3.8470148732908473
left,5.3,1787652115921508096,1787652115916963595,4238,4.544501,-6.69605749552319,-9.667237885705442,3.3540791739255846,-3.0837683299876755,-1.520649223602561,3.8071163070860905
left,5.31,1787652115931508096,1787652115926929411,4246,4.578685,-7.456060473997623,-9.899842551848003,2.8495360932365053,-3.0208230558196747,-1.5114070378659612,3.808764693209699
left,5.32,1787652115941508096,1787652115937245992,4254,4.262104,-8.120388797443377,-10.197474820884663,2.3490718849036227,-3.014064854037715,-1.5382572437527107,3.8671054412073484
left,5.33,1787652115951508096,1787652115946953109,4262,4.554987,-9.122148907283815,-10.51382596571219,3.03434340754057,-3.0179575599948683,-1.5707413462300257,3.944185946175889
left,5.34,1787652115961508096,1787652115956949601,4268,4.558495,-8.927768973822094,-10.46703818258005,3.5586927548631593,-2.940381850267937,-1.525873800210673,3.9030395767805115
left,5.35,1787652115971508096,1787652115966986216,4277,4.52188,-8.255613646906042,-10.176657451555634,3.6708344095668726,-2.790138648079689,-1.4269629330848885,3.767811582691768
left,5.36,1787652115981508096,1787652115976972181,4284,4.535915,-6.928490935298984,-9.649856025982722,3.277467117761448,-2.568488312105632,-1.3044995651349964,3.5440654243297476
left,5.37,1787652115991508096,1787652115987300725,4294,4.207371,-6.21040503229064,-9.381690441847837,4.0565487119613355,-2.4373897124771995,-1.2340300051724324,3.4177760261512335
left,5.38,1787652116001508096,1787652115996902485,4300,4.605611,-5.613627711555159,-9.414127009875806,3.54224132360038,-2.4635859748530504,-1.2437246321959494,3.417913458294392
left,5.39,1787652116011508096,1787652116006894073,4309,4.614023,-4.875166864566786,-9.477264458575878,2.825414293158108,-2.5077246486883467,-1.2585771222941937,3.420274238877795
left,5.4,1787652116021508096,1787652116017165160,4317,4.342936,-4.649325005108789,-9.65810144277591,2.4889874826828873,-2.5875868529396135,-1.2920953088848726,3.4404763267875333
left,5.41,1787652116031508096,1787652116026929860,4324,4.578236,-4.850470405968259,-9.496305730736829,2.8564236289891762,-2.7131191246612136,-1.356614096631628,3.5023958658685297
left,5.42,1787652116041508096,1787652116037332758,4333,4.175338,-5.120389940585456,-10.183973725691263,2.4276320770849855,-2.879846743686782,-1.4337009640079272,3.592011956761847
left,5.43,1787652116051508096,1787652116047013196,4340,4.4949,-5.065924213198909,-10.495511141906231,0.9737310160047148,-3.0795668141819412,-1.5230779908354597,3.7115858584511625
left,5.44,1787652116061508096,1787652116056930943,4348,4.577153,-6.117536258778651,-10.576785037948573,2.2124934464451567,-3.245080398005994,-1.6334769818394084,3.871442540576556
left,5.45,1787652116071508096,1787652116067048712,4358,4.459384,-6.694294105137978,-10.871547236347146,2.1457202232568826,-3.341562626374009,-1.7125853078772497,3.952417652701946
left,5.46,1787652116081508096,1787652116076964529,4366,4.543567,-7.288003316271093,-11.210688812511297,2.4106677100433767,-3.42127022537938,-1.7803108523831224,4.038038972674691
left,5.47,1787652116091508096,1787652116087018084,4374,4.490012,-7.94876666011402,-11.497097640491285,2.4138249615264478,-3.4505574787535345,-1.8236930550715926,4.092537516560473
left,5.48,1787652116101508096,1787652116096931940,4382,4.576156,-8.198621794729242,-10.928508275996482,1.8390053605314494,-3.466816967792385,-1.8538462691197068,4.135481772729008
left,5.49,1787652116111508096,1787652116106919393,4391,4.588703,-8.364721922157287,-10.192875518574485,2.0963238169812337,-3.4421631371179324,-1.8550498637109962,4.1322645324968645
left,5.5,1787652116121508096,1787652116116919502,4397,4.588594,-8.865466193619163,-10.788285154651435,2.7957608466849395,-3.4132137842366026,-1.8444266123796296,4.115975050473707
left,5.51,1787652116131508096,1787652116126949427,4404,4.558669,-8.940704555703688,-12.010174523596064,3.0910498404375453,-3.4196642843381797,-1.8378298298497597,4.0878755064732175
left,5.52,1787652116141508096,1787652116137084536,4415,4.42356,-8.810907499249105,-11.300847007744498,2.9408195704698277,-3.4603603740033027,-1.8250819604841062,3.995664136919101
left,5.53,1787652116151508096,1787652116147212457,4420,4.295639,-9.025232365789437,-10.609296835575979,4.1980787333264775,-3.5389527547664694,-1.823749429179313,3.893156329129087
left,5.54,1787652116161508096,1787652116156958687,4428,4.549409,-9.383692198714337,-10.37395973791827,6.332132932249781,-3.6400998019760715,-1.8244548258347586,3.794603434928069
left,5.55,1787652116171508096,1787652116166875506,4437,4.63259,-9.971492039655406,-10.890027518062146,7.439875502934912,-3.7119792179133997,-1.8166733320005544,3.698010603623281
left,5.56,1787652116181508096,1787652116176958393,4445,4.549703,-10.19244244814379,-10.686813544556177,8.302950706007481,-3.707522157743592,-1.7778181367604207,3.614437861439233
left,5.57,1787652116191508096,1787652116187068735,4453,4.439361,-10.310021980126288,-10.429443625052969,8.541038690963498,-3.69033846824974,-1.7313670868744877,3.553514447596086
left,5.58,1787652116201508096,1787652116196867793,4460,4.640303,-10.180118655320172,-9.692381460645043,9.301009706666415,-3.616101636290345,-1.6628830169767714,3.4563857778864104
left,5.59,1787652116211508096,1787652116206905647,4468,4.602449,-9.779929287576518,-8.960919474166458,9.337670868341425,-3.524211889715735,-1.584231015421006,3.3280492536136124
left,5.6,1787652116221508096,1787652116216975270,4476,4.532826,-9.00423006646851,-8.27038655664444,8.75113891804953,-3.4346334325714514,-1.5007639327884907,3.1813042435781114
left,5.61,1787652116231508096,1787652116226927488,4484,4.580608,-7.8965210865150475,-7.514969075741412,8.780183572169024,-3.319267038849361,-1.4023903915738951,2.990395994201911
left,5.62,1787652116241508096,1787652116237430690,4493,4.077406,-6.75153740774417,-7.1020847108814475,8.613996308524367,-3.2012917072118263,-1.3012743419354633,2.7776074530234176
left,5.63,1787652116251508096,1787652116246965303,4503,4.542793,-5.498430463901923,-6.2367762573483,7.817976971863342,-3.087899645951791,-1.2208807985606902,2.553874225994609
left,5.64,1787652116261508096,1787652116257177344,4508,4.330752,-4.8583464202305855,-5.383008667183456,8.14581114360987,-3.0340664616377393,-1.1952651167061097,2.442690967810993
left,5.65,1787652116271508096,1787652116266901815,4516,4.606281,-4.200711600327158,-5.2300621773506,8.561761736715145,-3.0251203882091326,-1.2069498284616667,2.3974173514414834
left,5.66,1787652116281508096,1787652116276906297,4526,4.601799,-4.239576117651864,-5.431081897616739,8.375308996122866,-3.104143421827937,-1.2733033365278037,2.4569518105899455
left,5.67,1787652116291508096,1787652116286929345,4532,4.578751,-4.203072325205575,-5.430681699749792,8.284853958611611,-3.2357487597961976,-1.3618971009278895,2.584298260203051
left,5.68,1787652116301508096,1787652116296966514,4541,4.541582,-4.226241515957704,-5.9518100632527045,8.98656839498948,-3.3769630572548177,-1.4664153922079253,2.7497023015694726
left,5.69,1787652116311508096,1787652116306882947,4549,4.625149,-4.41502088392747,-6.396258239443977,9.108659984226582,-3.4972288346560743,-1.564305865695423,2.8930749752527447
left,5.7,1787652116321508096,1787652116316917102,4558,4.590994,-4.395224865404528,-7.010994747437629,9.379344609064972,-3.5869752183684884,-1.6316499599793146,2.9981739205654505
left,5.71,1787652116331508096,1787652116326952488,4564,4.555608,-4.446180774937733,-7.135485552943035,9.220429124249618,-3.6765379678045287,-1.678941645716831,3.093338576474833
left,5.72,1787652116341508096,1787652116337319469,4572,4.188627,-4.351415089175806,-7.095952963913052,9.269815253364419,-3.7201711818591052,-1.6927130221419944,3.137230340506829
left,5.73,1787652116351508096,1787652116347008091,4580,4.500005,-4.2926278687819135,-6.965294493957646,9.261963603295488,-3.70876772829712,-1.6701460856926433,3.125433403171188
left,5.74,1787652116361508096,1787652116356949765,4590,4.558331,-3.9129853722097003,-6.70336204927065,9.96899121164126,-3.638928773080641,-1.6085024643941184,3.0583407675400993
left,5.75,1787652116371508096,1787652116366930662,4597,4.577434,-3.743603800910063,-6.447765723200741,9.879792490094257,-3.583677783859959,-1.552032223069189,2.9975856251133837
left,5.76,1787652116381508096,1787652116376928686,4604,4.57941,-3.804257503729192,-6.246745158018527,9.817458862364614,-3.5600366281666176,-1.5187770309478141,2.9629330047772777
left,5.77,1787652116391508096,1787652116386920627,4612,4.587469,-3.4565876278799106,-6.092400775238422,10.189438507194474,-3.5681791023239557,-1.5098879424357539,2.959240146820057
left,5.78,1787652116401508096,1787652116396912918,4623,4.595178,-3.2058961272884727,-5.842537567458383,9.899122439513363,-3.5685434871521027,-1.5077302941091597,2.930100816173093
left,5.79,1787652116411508096,1787652116406902161,4628,4.605935,-3.0677848606062836,-5.578582873550407,10.086229336976027,-3.5642383337207577,-1.508891445055061,2.8998540535375645
left,5.8,1787652116421508096,1787652116417146035,4636,4.362061,-3.0540062212415333,-5.5555520200903405,10.097864147844692,-3.632669945645886,-1.5381036198303302,2.9517618864983
left,5.81,1787652116431508096,1787652116426912827,4644,4.595269,-3.1274043678141097,-5.538154851081053,10.525005124214509,-3.689663508656488,-1.5658816653296057,2.996889489077491
left,5.82,1787652116441508096,1787652116437511436,4653,3.99666,-2.9380441861717683,-5.527560513187381,10.717727054121891,-3.7483820214481596,-1.5935642761771462,3.0255019968714625
left,5.83,1787652116451508096,1787652116447013238,4662,4.494858,-2.980419104035561,-5.981839153012354,10.064202715824035,-3.837158771119811,-1.6390640706023911,3.0951273318903443
left,5.84,1787652116461508096,1787652116456988704,4669,4.519392,-2.879269893379402,-5.559359847169343,10.048424577870286,-3.8913084985696638,-1.6727529555277787,3.151233068328762
left,5.85,1787652116471508096,1787652116467163299,4676,4.344797,-2.7876134332857654,-5.682392520584526,10.543744601272536,-3.973834536521463,-1.7125562244574035,3.236117055525289
left,5.86,1787652116481508096,1787652116476896842,4684,4.611254,-2.8979174529325094,-5.90099955587207,10.42139595326285,-4.039592345613281,-1.747779183504974,3.3042558885246014
left,5.87,1787652116491508096,1787652116486921261,4692,4.586835,-3.077300360258561,-6.08051531165606,10.270641762928783,-4.066398708627934,-1.7792480042073824,3.330037218437969
left,5.88,1787652116501508096,1787652116496908195,4701,4.599901,-2.9606233716642096,-5.970832316204612,10.330854143628471,-4.001414947550687,-1.7479806367958017,3.244427339425438
left,5.89,1787652116511508096,1787652116506891923,4710,4.616173,-2.6717938683438938,-5.711040428818253,10.639029591182048,-3.912911557772177,-1.6945362290702795,3.105483211483836
left,5.9,1787652116521508096,1787652116517162880,4717,4.345216,-2.648705329902053,-5.371838112842968,10.732818775560688,-3.8965263840258633,-1.6751352656415752,3.0540796975973574
left,5.91,1787652116531508096,1787652116526932020,4726,4.576076,-2.7418639174083967,-5.643880015646232,10.446700597846066,-3.951019263112542,-1.6977881102499062,3.0802401095637593
left,5.92,1787652116541508096,1787652116537143967,4734,4.364129,-2.813197564023925,-5.858395898631956,10.697841852720838,-4.022837708266648,-1.7340668852195167,3.132431851676287
left,5.93,1787652116551508096,1787652116546991977,4740,4.516119,-3.08386796393982,-6.152679209784872,10.698527301834254,-4.140270322667677,-1.793484950763232,3.2425574518954594
left,5.94,1787652116561508096,1787652116557102283,4748,4.405813,-3.409397406243143,-6.327647298872223,10.571902844188948,-4.213277178351648,-1.8178915778079254,3.3028659853194684
left,5.95,1787652116571508096,1787652116566910133,4758,4.597963,-3.52918154776501,-6.4292794272059215,10.583000195285805,-4.269154472815197,-1.8297199692173338,3.3614768135752873
left,5.96,1787652116581508096,1787652116576932720,4764,4.575376,-3.8403738161447722,-6.469503766566712,10.834638123483202,-4.281441676267958,-1.819955651424116,3.389167851813398
left,5.97,1787652116591508096,1787652116586938415,4773,4.569681,-3.8961769082988047,-6.379074276114385,10.91531732900814,-4.270450831746273,-1.78162200125296,3.3576739971519567
left,5.98,1787652116601508096,1787652116596889580,4783,4.618516,-3.8260524841947645,-6.221246701215906,11.153332345326236,-4.268620832427586,-1.7555350208985057,3.300432029822024
left,5.99,1787652116611508096,1787652116606880383,4789,4.627713,-3.656580040512175,-5.998971975373241,11.398942097861099,-4.304813576086036,-1.7576823337434548,3.2020913838095293
left,6.0,1787652116621508096,1787652116616899525,4798,4.608571,-3.5079306684985836,-5.631719516731943,11.548872914056671,-4.457610259003036,-1.8085690355504864,3.1725207245293263
left,6.01,1787652116631508096,1787652116626903575,4805,4.604521,-3.3694257508626806,-5.406143845323424,11.516230435252773,-4.661157824644976,-1.8892384680832757,3.1584804257995405
left,6.02,1787652116641508096,1787652116637297247,4814,4.210849,-3.3407592612002706,-5.564175464475259,11.129960561827005,-4.858425225436136,-1.9673875672767083,3.1352411230015074
left,6.03,1787652116651508096,1787652116647124247,4821,4.383849,-3.2984064956955716,-4.81319224978664,11.287694096000925,-5.02289877761803,-2.0176229410385913,3.0804943143923826
left,6.04,1787652116661508096,1787652116656911161,4828,4.596935,-3.116400256432557,-3.7449625605982213,11.009175756241511,-5.07163503256924,-1.9929797593342435,2.8728054723771486
left,6.05,1787652116671508096,1787652116666859296,4838,4.6488,-2.4802678538495004,-4.0378969552048565,11.035144573978762,-5.027924829638933,-1.9190769481168077,2.5928479295454476
left,6.06,1787652116681508096,1787652116677083445,4846,4.424651,-2.258155284995047,-4.7099725739683365,11.379585468804214,-5.011218627258389,-1.8701626358243528,2.4064377603177003
left,6.07,1787652116691508096,1787652116686949847,4852,4.558249,-1.9234170065911644,-4.8623303234210224,11.678822468298037,-5.013750518816956,-1.8442190119672108,2.30333279503078
left,6.08,1787652116701508096,1787652116697157279,4860,4.350817,-1.9205477215250768,-4.405822002708024,11.576171053647743,-5.042883132650895,-1.8489028318415752,2.302456409645341
left,6.09,1787652116711508096,1787652116706881279,4871,4.626817,-2.1824694879424684,-4.180109822750969,11.816991026108006,-5.069273604885467,-1.856842203580173,2.3432505061416258
left,6.1,1787652116721508096,1787652116717054676,4876,4.45342,-2.394962767952162,-4.103553626334998,11.869615154318605,-5.08688180669919,-1.8558422954140261,2.3622874524220485
left,6.11,1787652116731508096,1787652116726879938,4884,4.628158,-2.580956431190161,-3.998592030138142,11.961511312041619,-5.062897538511405,-1.8376901011128701,2.3323361789853077
left,6.12,1787652116741508096,1787652116737321972,4892,4.186124,-2.596203497441292,-3.810737283571569,11.768877783207286,-5.006639069865751,-1.824457625273048,2.2694538603349024
left,6.13,1787652116751508096,1787652116746978064,4902,4.530032,-2.667478652056461,-3.4547074910959292,12.017459833345924,-4.9783998648338175,-1.831878757572779,2.2331665387203756
left,6.14,1787652116761508096,1787652116757004780,4908,4.503316,-2.878557868800252,-4.027106363381688,12.180780199390144,-4.990308726070265,-1.8507098810385048,2.238487837099039
left,6.15,1787652116771508096,1787652116767099487,4916,4.408609,-2.6556123491357067,-3.583474436764712,11.701929471455417,-4.991528074638496,-1.8491172609402362,2.2139280608362677
left,6.16,1787652116781508096,1787652116776998740,4924,4.509356,-2.676223501220801,-3.713511234699297,11.88242683171978,-4.994534990948887,-1.8557952255948398,2.2152057896049353
left,6.17,1787652116791508096,1787652116787054851,4932,4.453245,-2.8131046746225294,-3.935330341222362,11.697355254814779,-5.022881328469332,-1.8732625305920843,2.237674831089366
left,6.18,1787652116801508096,1787652116796987726,4940,4.52037,-2.83527470320703,-4.139196018192537,11.697600571649572,-5.0787547956963,-1.9004341317770965,2.280167267308362
left,6.19,1787652116811508096,1787652116806960369,4949,4.547727,-2.818769117753881,-4.688998195213717,11.747988695429708,-5.138289159326233,-1.926483481036092,2.3269507608526987
left,6.2,1787652116821508096,1787652116816999561,4956,4.508535,-2.7500444427521193,-4.3798960954280926,11.713123337865749,-5.191048971970123,-1.9425230423143334,2.3556173394410505
left,6.21,1787652116831508096,1787652116826998881,4964,4.509215,-2.7541357760937935,-4.5908531038003,11.67310593626564,-5.258187649976304,-1.961416723009616,2.388515915381882
left,6.22,1787652116841508096,1787652116837261088,4973,4.247008,-2.802747852429205,-4.755872302714055,11.64989442029093,-5.3433085076437035,-1.9863247271999045,2.407822886282415
left,6.23,1787652116851508096,1787652116846853197,4981,4.654899,-2.9168154301302858,-4.811561883968295,12.044547353056863,-5.428946488365197,-2.0041031257065978,2.395499773582258
left,6.24,1787652116861508096,1787652116857001654,4988,4.506442,-3.0058684115307925,-5.027307576839596,12.311977567122032,-5.490103868330292,-1.9993727628154656,2.323155994862605
left,6.25,1787652116871508096,1787652116866969177,4998,4.538919,-2.911655528735511,-4.7172171139090615,12.697256081250309,-5.5421704621935355,-1.9815860283100515,2.2493708126621295
left,6.26,1787652116881508096,1787652116876983502,5007,4.524594,-2.580238480761687,-4.290867554366149,12.772595922684971,-5.546249841775621,-1.942615124788759,2.137147953747913
left,6.27,1787652116891508096,1787652116887007233,5012,4.500863,-2.5999138834725404,-4.3862811351844275,13.840979506535328,-5.559126083637357,-1.9241730156080772,2.084380467632922
left,6.28,1787652116901508096,1787652116896933103,5020,4.574993,-2.4268160221981385,-3.9490059079276847,14.029160517413915,-5.558858011479653,-1.8954319966624305,2.0031137681706745
left,6.29,1787652116911508096,1787652116906946211,5031,4.561885,-2.4625362815748826,-3.5978376239215155,14.237757229193807,-5.54344186352978,-1.876711825862295,1.9553417310480317
left,6.3,1787652116921508096,1787652116916885157,5036,4.622939,-2.5596231303304164,-3.3571237612635048,14.501225985519065,-5.498325458742688,-1.8623731896853677,1.9060443574806947
left,6.31,1787652116931508096,1787652116926937592,5044,4.570504,-2.562679261829021,-2.8609051679420032,14.35612625349658,-5.443015855879189,-1.8394199435947758,1.8526021449738703
left,6.32,1787652116941508096,1787652116937390321,5052,4.117775,-2.4872307321162523,-3.2333778943327927,14.369445430093153,-5.39859879431115,-1.8246347891673669,1.8227876733498034
left,6.33,1787652116951508096,1787652116946887796,5060,4.6203,-2.526750325059608,-2.983322867548654,14.389121008596904,-5.392156728611843,-1.8385846678220277,1.8359032229554342
left,6.34,1787652116961508096,1787652116957010035,5068,4.498061,-2.3458648158795654,-3.2299242802839094,14.536686941656974,-5.409332461466931,-1.858594314263534,1.8873383186343178
left,6.35,1787652116971508096,1787652116967113337,5077,4.394759,-2.505295701841614,-3.1780343486663467,14.37086541774547,-5.456518125387612,-1.9007505681483612,1.9792130978217073
left,6.36,1787652116981508096,1787652116976957999,5086,4.550097,-2.6964920006162294,-3.521022780242519,14.168940577096338,-5.497432528288297,-1.9434508678714266,2.067934293949226
left,6.37,1787652116991508096,1787652116986919758,5092,4.588338,-2.835854622305414,-3.800899958460799,14.356526888619044,-5.5294014490895425,-1.9769176987958432,2.128372247395369
left,6.38,1787652117001508096,1787652116996919223,5102,4.588873,-2.948172699082288,-4.0314027895807,14.858647479881258,-5.544215073117976,-2.0047963075284736,2.163457786858273
left,6.39,1787652117011508096,1787652117006908690,5108,4.599406,-2.949179475735154,-4.156762926897498,14.812444887979956,-5.53204055370203,-2.0201704230026296,2.1612530216314485
left,6.4,1787652117021508096,1787652117016960651,5116,4.547445,-2.906360417479557,-4.628049801084431,14.717676210038913,-5.531291834393689,-2.035299180907911,2.15962502944417
left,6.41,1787652117031508096,1787652117027024293,5124,4.483803,-2.9117669439927725,-4.672513591468171,14.65791473102585,-5.545260810819799,-2.0552801683081334,2.18452549990273
left,6.42,1787652117041508096,1787652117037025250,5133,4.482846,-2.957871027431958,-4.452299570224904,14.587743680389377,-5.570373291708403,-2.0796206138818145,2.2286752278520883
left,6.43,1787652117051508096,1787652117046944006,5141,4.56409,-3.0257921055218677,-4.680062632808774,14.50970115714652,-5.6046979050047545,-2.1032268531495193,2.2748257339196134
left,6.44,1787652117061508096,1787652117056981165,5148,4.526931,-2.9584005297271863,-4.821704720196236,14.051728603345701,-5.629562274691475,-2.121323371027991,2.300677796080507
left,6.45,1787652117071508096,1787652117066969887,5159,4.538209,-3.010914409390619,-4.94497664708064,14.08015755276088,-5.648842254649262,-2.1377251068766845,2.33240557590786
left,6.46,1787652117081508096,1787652117076907343,5164,4.600753,-3.183776004308157,-5.10223269138994,14.106389797051909,-5.678158462717922,-2.1643881136182266,2.383819121076826
left,6.47,1787652117091508096,1787652117086929854,5172,4.578242,-3.4032511665275864,-5.263493652791579,14.479456455451274,-5.710241511952936,-2.1942236815246416,2.444634705045753
left,6.48,1787652117101508096,1787652117096988266,5180,4.51983,-3.423316230312345,-5.331708588281355,14.41003707655772,-5.731481391252543,-2.2092188879581314,2.4666400332538965
left,6.49,1787652117111508096,1787652117107014075,5191,4.494021,-3.5140421350198636,-5.770709808367286,14.346702496573883,-5.7563842612643965,-2.227070714746174,2.4972465892124163
left,6.5,1787652117121508096,1787652117116845871,5198,4.662225,-3.4766372523388984,-5.307454989097644,14.305033735231156,-5.773086679738907,-2.231398506831022,2.5020486888076285
left,6.51,1787652117131508096,1787652117126944509,5206,4.563587,-3.6503014909526965,-5.488981561722654,14.24140125757229,-5.812671591614098,-2.25465010807494,2.5440384946275296
left,6.52,1787652117141508096,1787652117137432569,5213,4.075527,-3.708425056573776,-5.605980663538009,13.82219720863775,-5.843223437898402,-2.2566295505671587,2.5446014028180106
left,6.53,1787652117151508096,1787652117146897917,5220,4.610179,-3.723019129544069,-5.654342085719776,13.932833665644655,-5.878028002974466,-2.2514808599678506,2.537384850137222
left,6.54,1787652117161508096,1787652117156994945,5228,4.513151,-3.7533355653618696,-5.582276479754869,14.387365628683998,-5.899837633517015,-2.237339016023258,2.495641194476219
left,6.55,1787652117171508096,1787652117166898658,5239,4.609438,-3.79872536239355,-5.380534846813483,14.139440862428692,-5.916694072240932,-2.2023221201206242,2.3742218738109155
left,6.56,1787652117181508096,1787652117176900953,5247,4.607143,-3.677834864876652,-5.100611848349837,14.482349600989295,-5.936950537134011,-2.1640835067716133,2.2105150632687582
left,6.57,1787652117191508096,1787652117186920490,5252,4.587606,-3.5345921740032376,-4.696115537406382,14.503299659407276,-5.938309162534586,-2.104874653592762,1.9659593219254539
left,6.58,1787652117201508096,1787652117197009632,5263,4.498464,-3.420601986745913,-4.159478298117289,15.387811399736004,-5.9030478314687675,-2.0274098668095597,1.69123205753423
left,6.59,1787652117211508096,1787652117207434267,5268,4.073829,-3.425130029553945,-3.619551728155286,16.361155515825764,-5.864206255134781,-1.9489798284114885,1.4140179286184424
left,6.6,1787652117221508096,1787652117217000144,5278,4.507952,-3.396052622918735,-2.958323450321693,16.887639523706063,-5.811618094199229,-1.861113529668964,1.091932334332906
left,6.61,1787652117231508096,1787652117227078734,5287,4.429362,-3.0564481255968765,-2.113017425040821,17.033167619277915,-5.734139482702981,-1.7441754755474612,0.7288837160297879
left,6.62,1787652117241508096,1787652117237397623,5295,4.110473,-2.9604863928973915,-1.6478364390695357,18.07321882246938,-5.67919644070335,-1.6230124911563673,0.4006294544868134
left,6.63,1787652117251508096,1787652117246943887,5302,4.564209,-2.995905783544095,-0.745421197743954,18.821646822771555,-5.638738624834792,-1.494435849381015,0.07055129898630108
left,6.64,1787652117261508096,1787652117257133572,5310,4.374524,-3.119169569206659,0.22152931562439093,19.495655365231514,-5.552827756612434,-1.3513782401216683,-0.32128939858666383
left,6.65,1787652117271508096,1787652117266999668,5317,4.508428,-3.105566400912251,0.9130983830554877,20.596661046160005,-5.43468188381398,-1.200865333549943,-0.7551222163933552
left,6.66,1787652117281508096,1787652117277004726,5326,4.50337,-3.4910931862167964,1.8526493197645064,21.550611945756593,-5.311969848966144,-1.0695611642375997,-1.1720225184840396
left,6.67,1787652117291508096,1787652117286953929,5332,4.554167,-3.999899664882262,2.0069183766947476,22.579127650405415,-5.180922757503577,-0.9445152143275664,-1.5797826537590443
left,6.68,1787652117301508096,1787652117296952055,5340,4.556041,-4.192488318495332,2.6822773346153834,23.020618849486468,-5.003359216774712,-0.8109603058122663,-1.969917605372422
left,6.69,1787652117311508096,1787652117306937146,5350,4.57095,-4.379562519130966,4.142576044702464,23.595867147148436,-4.842897010273105,-0.6926053135701649,-2.3106072341104316
left,6.7,1787652117321508096,1787652117317108375,5358,4.399721,-4.751938738707428,4.965797941472121,24.462341865970096,-4.697771712156864,-0.5902098627930332,-2.585290444539149
left,6.71,1787652117331508096,1787652117326921563,5366,4.586533,-4.693721324477927,5.77656281097635,24.91879377273964,-4.554322515183976,-0.4816058256715019,-2.8746192435979823
left,6.72,1787652117341508096,1787652117337323222,5374,4.184874,-4.985894494925117,7.15876408989917,26.02715808507017,-4.432465831829487,-0.3849513847046153,-3.1200569806377576
left,6.73,1787652117351508096,1787652117346939579,5382,4.568517,-5.021586447860465,7.257674901814609,26.190353124006393,-4.317776726139751,-0.29200845941066866,-3.3514438850095054
left,6.74,1787652117361508096,1787652117357012743,5388,4.495353,-4.845505470327345,8.200884863524989,26.274990002552972,-4.212739237281799,-0.1997131354793389,-3.585429006208506
left,6.75,1787652117371508096,1787652117366931780,5398,4.576316,-4.34436869903212,8.761967519135913,26.564151708351304,-4.117717910750858,-0.1076265277137276,-3.8232318366620195
left,6.76,1787652117381508096,1787652117377096084,5404,4.412012,-4.195956596538379,9.204621455699858,27.358574105395512,-4.038656720632446,-0.0384755425573724,-3.9997118695335416
left,6.77,1787652117391508096,1787652117386939590,5414,4.568506,-4.008189788020502,9.591686165141795,28.004947263310335,-3.9497368993632795,0.027600689009545043,-4.153491470507282
left,6.78,1787652117401508096,1787652117396891655,5422,4.616441,-3.518572129422654,10.077165739578511,28.027132503956906,-3.8478517854718213,0.10477010770307071,-4.324138904431283
left,6.79,1787652117411508096,1787652117407223581,5428,4.284515,-2.874497911657577,10.82064721183815,28.158757750987284,-3.7580797756583832,0.17517792264063559,-4.470160570673062
left,6.8,1787652117421508096,1787652117416884737,5438,4.623359,-2.5025558665500833,11.10573287913979,28.452453564907746,-3.6764052615487666,0.2445318318092049,-4.603990715980919
left,6.81,1787652117431508096,1787652117427057148,5445,4.450948,-1.8958200124131703,11.444306029724851,28.96064478646296,-3.578556475242932,0.322511489251438,-4.756391943096082
left,6.82,1787652117441508096,1787652117437408469,5452,4.099627,-1.3855195350896425,11.726419435505864,29.10193568905218,-3.4928214539424474,0.3931395999625167,-4.8928113103220845
left,6.83,1787652117451508096,1787652117446949704,5461,4.558392,-1.1153201036991593,11.974233687630397,29.03327431607974,-3.4149436532601554,0.45507667688563824,-5.016216334029365
left,6.84,1787652117461508096,1787652117456999365,5470,4.508731,-0.7544613919003337,12.250555444378557,29.190802974412122,-3.3449194639429614,0.5049357966220045,-5.116111144899305
left,6.85,1787652117471508096,1787652117467140906,5476,4.36719,-0.5826145706091949,12.442505332229617,29.137440804029275,-3.2985910487345,0.5388403007245985,-5.192486747771673
left,6.86,1787652117481508096,1787652117476989475,5486,4.518621,-0.2818373524056076,12.544507728520838,28.886522964047387,-3.2987454810780736,0.5470155822784797,-5.213920494183254
left,6.87,1787652117491508096,1787652117487007643,5493,4.500453,-0.19994705107670352,12.52315147364257,29.016707532792406,-3.3202310055810367,0.5348373819994654,-5.190973726981808
left,6.88,1787652117501508096,1787652117496983603,5500,4.524493,-0.15048777180657297,12.520234731040096,29.008144356261464,-3.330081893159913,0.5274760080055545,-5.186154321536894
left,6.89,1787652117511508096,1787652117506950310,5510,4.557786,0.11816863564596207,12.55939338925247,29.177850686068307,-3.318809194297315,0.5306719136244622,-5.202510349332934
left,6.9,1787652117521508096,1787652117516952924,5518,4.555172,0.2655984062192875,12.918725039132166,29.309380979988244,-3.32251875206929,0.5265430632162902,-5.200414657310427
left,6.91,1787652117531508096,1787652117527045596,5525,4.4625,0.35241613266130517,12.92009978690064,29.24960546120788,-3.3120089466720257,0.537898773717643,-5.220816929918493
left,6.92,1787652117541508096,1787652117537124464,5534,4.383632,0.5300792706030678,12.899092522050314,29.23766706908377,-3.3012432147608317,0.5474201338681981,-5.239882965604719
left,6.93,1787652117551508096,1787652117547033849,5542,4.474247,0.3590552516555989,12.768266863801191,28.871282398351507,-3.3241158465147356,0.5283469920533079,-5.218351636010654
left,6.94,1787652117561508096,1787652117557154869,5548,4.353227,0.39281989865814243,12.684640115845296,28.792496034177333,-3.342458823415373,0.5131682734159311,-5.19927134010213
left,6.95,1787652117571508096,1787652117566896215,5556,4.611881,0.5324249759771715,12.656492069668326,28.807444418110173,-3.348210029565494,0.505806369746229,-5.198805949410699
left,6.96,1787652117581508096,1787652117577042586,5565,4.46551,0.5569088260444063,12.185386495327256,28.797551685656472,-3.3715640597196685,0.4850303650083809,-5.168111408027974
left,6.97,1787652117591508096,1787652117586902008,5572,4.606088,0.38188417005138053,12.171769250189927,28.73513163337051,-3.4280363225679302,0.44468011690136855,-5.096879754422002
left,6.98,1787652117601508096,1787652117597178075,5580,4.330021,0.16487314242863832,12.139747521803296,28.646090996168972,-3.4823952529061426,0.40857918448124764,-5.026299276075097
left,6.99,1787652117611508096,1787652117606933022,5590,4.575074,0.19502361802355145,12.13112343734177,28.72630198046229,-3.509180806063126,0.38941573271031693,-4.990361394615789
left,7.0,1787652117621508096,1787652117616893461,5596,4.614635,0.07923483656747533,12.112456026978638,28.63853648059907,-3.5239737927361228,0.3762163683074906,-4.972767841009646
left,7.01,1787652117631508096,1787652117627046055,5605,4.462041,0.006347042759128095,12.10091101846052,28.577972694151644,-3.533527391774051,0.3654901141289484,-4.9554780093490445
left,7.02,1787652117641508096,1787652117637421838,5613,4.086258,-0.08796289833458168,12.077520269508678,28.569671300129386,-3.5473550443417894,0.3524731177474374,-4.93412443174656
left,7.03,1787652117651508096,1787652117646930954,5621,4.577142,0.06829398209418003,12.096836995778176,28.761142969950633,-3.5546237291646365,0.3505073821615561,-4.927156148718247
left,7.04,1787652117661508096,1787652117657015631,5629,4.492465,-0.10259210122612394,12.445995653253494,28.494588480181214,-3.5675502417752663,0.3456373861173141,-4.914656584672521
left,7.05,1787652117671508096,1787652117666978248,5636,4.529848,0.05875189498657849,12.447870424073516,28.53876710139412,-3.5438969428566915,0.36275821890612026,-4.950694777713654
left,7.06,1787652117681508096,1787652117676915406,5646,4.59269,0.20677003970014507,12.403099484689607,28.21826747617691,-3.5344495274003913,0.3731220164324274,-4.973591242442429
left,7.07,1787652117691508096,1787652117686973134,5654,4.534962,0.20465563360419534,11.980358288506403,28.692967099988383,-3.526407969071488,0.37653318268548475,-4.971359956299
left,7.08,1787652117701508096,1787652117697104339,5660,4.403757,0.25017293035144195,12.035666843284622,28.69310868187856,-3.5206256650169605,0.38199121959923144,-4.982424148926642
left,7.09,1787652117711508096,1787652117706918801,5668,4.589295,0.28038228889242195,12.040128672965118,28.684189870639642,-3.5227103656502923,0.3824372471191868,-4.979716335387581
left,7.1,1787652117721508096,1787652117717087993,5676,4.420103,0.29619355154098825,12.055506247740015,28.66805334147589,-3.5255317239148605,0.3785190380629446,-4.975561672431419
left,7.11,1787652117731508096,1787652117727168179,5684,4.339917,0.4804856587059308,12.106691599286137,28.86626482680394,-3.5187634153008416,0.38327614587346037,-4.982440613235128
left,7.12,1787652117741508096,1787652117737294646,5694,4.21345,0.2746780476566228,12.48838648046781,28.641815405599644,-3.5144526758501895,0.384941542780199,-4.991025362403944
left,7.13,1787652117751508096,1787652117746884183,5701,4.623913,0.34709322157837635,12.481173042400826,28.233738421147613,-3.507295478726144,0.3874076803913944,-5.004201918820213
left,7.14,1787652117761508096,1787652117756955726,5708,4.55237,0.2543221691414369,12.39524558333028,28.71831271397069,-3.5072569095324644,0.38353642253515563,-4.992641436214965
left,7.15,1787652117771508096,1787652117766882200,5716,4.625896,0.28331145424977544,12.0494319129592,28.740344306476363,-3.503414582364857,0.3874692589188111,-5.0028939817892235
left,7.16,1787652117781508096,1787652117777079832,5726,4.428264,0.5399823329806628,12.178133485738313,28.5240646855619,-3.4959414342511392,0.39716613495393016,-5.02187975703578
left,7.17,1787652117791508096,1787652117786860703,5733,4.647393,0.2522331582200878,12.492839991154344,28.725107142498807,-3.5109042748152124,0.38729581497127263,-4.994661249437246
left,7.18,1787652117801508096,1787652117796994854,5741,4.513242,0.24508210129602462,12.050936488135353,28.714468582136178,-3.519916215455166,0.3823348609606274,-4.984803389029674
left,7.19,1787652117811508096,1787652117806904048,5748,4.604048,0.26690082156434924,12.122899651056972,28.688685807130227,-3.5183837018951634,0.3787414109760556,-4.988803367583289
left,7.2,1787652117821508096,1787652117816874505,5756,4.633591,0.28227927023811106,12.174868626488546,28.670285370992577,-3.5164266167916507,0.37620189452243924,-4.991150095275275
left,7.21,1787652117831508096,1787652117826907398,5766,4.600698,0.26123012498820153,12.134258985622944,28.62921741404461,-3.5389408376891245,0.36060044625226695,-4.965672412334284
left,7.22,1787652117841508096,1787652117836937738,5774,4.570358,0.4951501530305637,12.516611310416375,28.456438747604583,-3.5457286059868336,0.3581706096705135,-4.966324265559016
left,7.23,1787652117851508096,1787652117846899989,5782,4.608107,0.45344078173093005,12.018058133278812,28.478363199613916,-3.560973017246549,0.34622037508828285,-4.948571856529787
left,7.24,1787652117861508096,1787652117856986726,5789,4.52137,0.14400149588000583,11.955400302063214,28.697403020470688,-3.578716299885637,0.33287814545047834,-4.921316172151989
left,7.25,1787652117871508096,1787652117866887146,5796,4.62095,0.14433861737418324,12.327066729281139,28.67063447113843,-3.5952148261522483,0.32517638113060077,-4.9032266062838525
left,7.26,1787652117881508096,1787652117876894619,5806,4.613477,0.12899202697980172,11.862910304575589,28.57294856819768,-3.6039981920946174,0.3175741646179455,-4.892650497386246
left,7.27,1787652117891508096,1787652117886861859,5812,4.646237,0.13619110338676896,11.88095770338606,28.531596351360854,-3.6108271540513917,0.3101957037077838,-4.879054337204556
left,7.28,1787652117901508096,1787652117896910600,5821,4.597496,0.3751538964331949,11.932342130051302,28.30103940788617,-3.604365570531634,0.31488974661463587,-4.891165471295005
left,7.29,1787652117911508096,1787652117906981685,5828,4.526411,0.09321597747536725,11.849475442687512,28.490886545630584,-3.6158280525671103,0.3016187659678291,-4.865513400636959
left,7.3,1787652117921508096,1787652117917058249,5839,4.449847,0.08711082976146184,12.19593487091126,28.491176315560185,-3.6243135475673407,0.29928231222582813,-4.8547848030270355
left,7.31,1787652117931508096,1787652117927120623,5845,4.387473,0.21825641152123637,11.760453165742065,28.149613393788,-3.623113214720541,0.302432059490239,-4.863997129673194
left,7.32,1787652117941508096,1787652117936909909,5852,4.598187,0.0828735246052387,11.730169238533247,28.524720089609882,-3.6330290084848453,0.29191532336701354,-4.843510718711274
left,7.33,1787652117951508096,1787652117946949906,5861,4.55819,0.24788374200377694,11.827323798904356,28.69616945428802,-3.6303249628647674,0.2929478527765399,-4.844347539693244
left,7.34,1787652117961508096,1787652117957152989,5868,4.355107,0.32365061151481656,11.861068964003449,28.26050077715134,-3.6273574575525256,0.29840740131009724,-4.85795068572966
left,7.35,1787652117971508096,1787652117967039619,5876,4.468477,-0.01357764740343637,12.129346215227821,28.45026976016692,-3.654551750729203,0.28123460724338845,-4.8147466187704735
left,7.36,1787652117981508096,1787652117976878472,5884,4.629624,0.04454869966559069,12.067407769558098,28.055600125358502,-3.6601160434392233,0.2807354953669181,-4.81719970916838
left,7.37,1787652117991508096,1787652117986918494,5894,4.589602,0.021022394361435562,11.589284702074286,28.115468516879485,-3.6661491131450745,0.27280378071792377,-4.805325185714905
left,7.38,1787652118001508096,1787652117996949701,5903,4.558395,-0.04098393447007823,11.954507373486564,28.50235878524909,-3.663341278879739,0.26710312602792285,-4.8009294824883
left,7.39,1787652118011508096,1787652118006877307,5909,4.630789,0.17962135773031077,11.55668276019946,28.689461279124927,-3.673295789343495,0.2605834539328775,-4.793540202305987
left,7.4,1787652118021508096,1787652118016884940,5916,4.623156,0.1711453780392404,11.562203787823675,28.631563867630973,-3.6864891529077584,0.25307593388206495,-4.782110687437303
left,7.41,1787652118031508096,1787652118026943264,5924,4.564832,-0.07999857227116643,11.849781244878034,28.36359710114572,-3.7107316120447447,0.23843916477853444,-4.75434191087061
left,7.42,1787652118041508096,1787652118036922340,5932,4.585756,0.10519182593074303,11.8298453450377,28.592339669260426,-3.7189340582588013,0.23465982660424256,-4.744299413209161
left,7.43,1787652118051508096,1787652118046884908,5942,4.623188,-0.05224907530968365,11.782158699726411,27.969773730401872,-3.730949443117707,0.22591432723461757,-4.738924727575795
left,7.44,1787652118061508096,1787652118057099208,5949,4.408888,-0.1534744007603059,11.282574141761403,28.36930341289444,-3.750522295108505,0.20844910269567585,-4.7066391664067515
left,7.45,1787652118071508096,1787652118066967359,5957,4.540737,0.0464323570810287,11.738344861967498,28.577524618196293,-3.7482889625414817,0.2087665580208089,-4.708580335957866
left,7.46,1787652118081508096,1787652118076996850,5966,4.511246,0.14906461540336027,11.392447917585281,28.16577976255952,-3.7448093817243473,0.21129754696026026,-4.717238563904381
left,7.47,1787652118091508096,1787652118086922806,5974,4.58529,-0.14889800981347512,11.337185830792729,28.358329302129277,-3.7494911558273847,0.20381819497363107,-4.7014376346422875
left,7.48,1787652118101508096,1787652118096980308,5981,4.527788,0.10337973411873222,11.782294757797919,28.136711069716952,-3.744991995690615,0.20922409924020346,-4.712061932383895
left,7.49,1787652118111508096,1787652118106999491,5988,4.508605,-0.06685808134600042,11.337543738929147,27.942660869215146,-3.750590289046187,0.20358629827100216,-4.704392552817579
left,7.5,1787652118121508096,1787652118116900986,5999,4.60711,0.059205898986293255,11.35517289084155,28.582669119968134,-3.757113678882269,0.203349376708732,-4.691288598169121
left,7.51,1787652118131508096,1787652118127200240,6004,4.307856,0.1543541983467317,11.803779766510806,28.157055666497318,-3.7597984784996497,0.20602312432059833,-4.7009312805575245
left,7.52,1787652118141508096,1787652118136931043,6014,4.577053,-0.04022238624331702,11.390692154122174,27.940587717274116,-3.769850854884843,0.2015163662732231,-4.692977638899518
left,7.53,1787652118151508096,1787652118147146732,6022,4.361364,-0.15118631715689676,11.758694902833476,28.396521967239362,-3.7773980476516256,0.19222194743470933,-4.6739151730648185
left,7.54,1787652118161508096,1787652118157024687,6030,4.483409,0.18538168731482346,11.430459090309213,28.22561589800906,-3.765298967421483,0.20566271670712233,-4.698617151076141
left,7.55,1787652118171508096,1787652118167049539,6037,4.458557,0.08678271252564174,11.819149373394575,28.60959483560642,-3.772791543220367,0.20023057317840376,-4.682075779373829
left,7.56,1787652118181508096,1787652118176963093,6044,4.545003,-0.13752750263546235,11.745981495772535,28.32667202002399,-3.77955872500893,0.19544985681255866,-4.675340970137724
left,7.57,1787652118191508096,1787652118186935747,6054,4.572349,0.15527987396564838,11.3716698478498,28.144877215305307,-3.7726674345450206,0.19952601386692503,-4.691543269725943
left,7.58,1787652118201508096,1787652118197085693,6060,4.422403,-0.18745503273420652,11.295616435388737,28.302965173909396,-3.793849249081232,0.1781157947192442,-4.656421150471137
left,7.59,1787652118211508096,1787652118206967472,6071,4.540624,-0.02344748542882089,11.69823554957815,28.477551859621713,-3.7960133932879243,0.17111005379104238,-4.65238495941639
left,7.6,1787652118221508096,1787652118217161412,6079,4.346684,-0.24414326551725948,11.574679911012565,28.253044008565027,-3.8102086411856524,0.1567077631802718,-4.623952533311215
left,7.61,1787652118231508096,1787652118227112375,6084,4.395721,-0.15265437459776943,11.138538189618819,28.03116394767573,-3.8294719791864695,0.14789952212919388,-4.597528152857844
left,7.62,1787652118241508096,1787652118237011952,6093,4.496144,-0.4007493622922414,11.429431440031696,28.064588193185106,-3.84048173452609,0.14034606562301644,-4.57253879551594
left,7.63,1787652118251508096,1787652118246920708,6102,4.587388,-0.8085029566156222,10.93815548115842,28.28637660966724,-3.8471947851242776,0.13363154429343727,-4.548602293252287
left,7.64,1787652118261508096,1787652118256918388,6109,4.589708,-0.5598584523761607,11.444776245713486,28.10757887085182,-3.8256911145247408,0.15377199673319364,-4.581181479042817
left,7.65,1787652118271508096,1787652118266938024,6119,4.570072,-0.8189298200470868,11.052999877829032,28.310618526633153,-3.8092874654754487,0.15982045911169163,-4.593573508204007
left,7.66,1787652118281508096,1787652118277061000,6126,4.447096,-0.7054542603646189,11.199835859584676,28.33123420647766,-3.795534227838595,0.1630058884548662,-4.614458684467362
left,7.67,1787652118291508096,1787652118286876514,6133,4.631582,-0.4195273554429143,11.325888978843842,27.925031449432367,-3.8053400004787123,0.15299464483690084,-4.625193782016124
left,7.68,1787652118301508096,1787652118296917894,6141,4.590202,-0.36716723467226936,11.318800282103737,28.299484167597974,-3.8570600641665447,0.10942615914505271,-4.5697277870355215
left,7.69,1787652118311508096,1787652118306919942,6150,4.588154,-0.10064506927825324,11.26008577412982,27.796795437964263,-3.920034711586836,0.06461020141635743,-4.51444872453281
left,7.7,1787652118321508096,1787652118316906513,6157,4.601583,0.027308684255117815,11.1233521232446,27.663891216104695,-4.005078186042284,0.002195441312196067,-4.422996140511408
left,7.71,1787652118331508096,1787652118326896190,6165,4.611906,-0.027490440103495894,10.85955753427096,27.864321596744762,-4.114558745924565,-0.07671486472852518,-4.292828004288965
left,7.72,1787652118341508096,1787652118336943644,6173,4.564452,0.12639344663348268,10.584955886953967,27.825484036815464,-4.225291622898352,-0.15485670733859358,-4.163361391048878
left,7.73,1787652118351508096,1787652118347062869,6180,4.445227,-0.0316934364631443,10.279424286596715,27.54398836710528,-4.347060613728162,-0.24758406819244172,-4.017461391343234
left,7.74,1787652118361508096,1787652118357031804,6189,4.476292,-0.13990377347493088,9.912025243148987,27.26168806137224,-4.473826687481375,-0.3430688418871508,-3.8648362852531473
left,7.75,1787652118371508096,1787652118366979396,6196,4.5287,-0.31916716074052437,9.530437394389228,27.030817522706165,-4.611680189132448,-0.44831338300907664,-3.6942298603753234
left,7.76,1787652118381508096,1787652118376963145,6205,4.544951,-0.4972034914353751,9.1098441229639,26.780429338562527,-4.759819876195237,-0.559319954615253,-3.5123262780688087
left,7.77,1787652118391508096,1787652118387102665,6212,4.405431,-0.637629002453482,8.691022527371526,26.530224378859607,-4.90985427149456,-0.6672870487947797,-3.3342776620587173
left,7.78,1787652118401508096,1787652118397129187,6222,4.378909,-0.7273637877265197,8.686885979245499,26.298679064384206,-5.046536764433167,-0.7627901641363284,-3.1672946813476086
left,7.79,1787652118411508096,1787652118407097422,6229,4.410674,-0.8153337979993763,8.18889227553517,26.09456899657154,-5.172115664539377,-0.8509348514710462,-3.006142410464686
left,7.8,1787652118421508096,1787652118416881134,6238,4.626962,-0.9458147730217419,7.407649657748709,25.971358739029967,-5.286529502682862,-0.9304504189516498,-2.862684072301825
left,7.81,1787652118431508096,1787652118426892181,6246,4.615915,-1.0511220734092093,7.135240900818816,25.8171562478779,-5.3773608238439055,-1.003989630677454,-2.725597379698187
left,7.82,1787652118441508096,1787652118437070345,6254,4.437751,-1.2750083334983107,6.848581028801783,25.765189627220966,-5.463090991462277,-1.0736127132841524,-2.6037004992238786
left,7.83,1787652118451508096,1787652118446923645,6260,4.584451,-1.5217515026942563,6.926322920771308,25.723366809191297,-5.551653049113219,-1.147268001206649,-2.478771845783036
left,7.84,1787652118461508096,1787652118456986472,6268,4.521624,-1.6834762277459023,6.1951485846439525,25.684049172270274,-5.632172680211361,-1.2196437610485842,-2.354492817431521
left,7.85,1787652118471508096,1787652118467025380,6276,4.482716,-1.8587264883773762,6.303201286377167,26.044363295016772,-5.69885194182072,-1.2844673604426466,-2.2340669914371816
left,7.86,1787652118481508096,1787652118476909178,6286,4.598918,-1.9308154405551379,5.645650985383672,25.985283860858317,-5.7656987491656055,-1.3388529610376332,-2.1341699479352547
left,7.87,1787652118491508096,1787652118486942779,6292,4.565317,-1.8997568925444346,5.419770146766615,26.128936486255636,-5.818283155793625,-1.3866299628912406,-2.033860491570292
left,7.88,1787652118501508096,1787652118496898840,6300,4.609256,-2.0853001199790544,5.2476489835072115,26.100069047302913,-5.85171757160427,-1.4197322084608284,-1.9566272839400423
left,7.89,1787652118511508096,1787652118507110780,6311,4.397316,-2.00514557650438,5.213810152023873,26.347993474363157,-5.846201184736044,-1.4224087524371232,-1.9194412629357003
left,7.9,1787652118521508096,1787652118516921288,6318,4.586808,-1.8695725845491156,5.195400887291843,26.478818453666623,-5.82474056547802,-1.411539389457948,-1.9123072037470896
left,7.91,1787652118531508096,1787652118526895671,6326,4.612425,-1.6911084576333193,5.120726660596093,26.26491794357208,-5.81804747232353,-1.4063900058534422,-1.9040164970647169
left,7.92,1787652118541508096,1787652118537013083,6332,4.495013,-2.0733656358155335,4.941453661931118,26.621461601308983,-5.826103831460619,-1.4188363489015448,-1.848583536993948
left,7.93,1787652118551508096,1787652118546926626,6340,4.58147,-2.412540194015221,4.695227774388805,26.533654152863654,-5.838278811027475,-1.4313252882370282,-1.7979790805102318
left,7.94,1787652118561508096,1787652118556916352,6349,4.591744,-2.4178856842591996,4.539041868179916,26.25916637374481,-5.841618725293994,-1.4300258523813283,-1.7735910079109853
left,7.95,1787652118571508096,1787652118566919420,6357,4.588676,-2.596038222095676,4.369162950817241,26.456690242078253,-5.837613558020074,-1.4344681307698455,-1.7325630584971008
left,7.96,1787652118581508096,1787652118576952762,6365,4.555334,-2.5641022765523136,4.35349160590443,26.8574460137194,-5.811723840427327,-1.4176012837786196,-1.7492423807910855
left,7.97,1787652118591508096,1787652118586962769,6372,4.545327,-2.758960095115433,4.3402227246540415,26.7953905902142,-5.789613306608137,-1.4026293615962975,-1.7617196290631565
left,7.98,1787652118601508096,1787652118597166353,6381,4.341743,-2.6351514991130642,4.736030965454973,26.964483288049273,-5.77120113184356,-1.3866962540385237,-1.7782678352758041
left,7.99,1787652118611508096,1787652118607093942,6388,4.414154,-2.3565431025006904,4.236121165261848,26.895489740339766,-5.763834457925323,-1.3800857056125215,-1.7866953083507238
left,8.0,1787652118621508096,1787652118616874787,6398,4.633309,-2.4043715661260254,4.462652045785967,26.924030719772738,-5.773251963019011,-1.3874608929673666,-1.7677276394171313
left,8.01,1787652118631508096,1787652118626941704,6404,4.566392,-2.660268004147953,4.2304107903134,26.75015842683096,-5.801170498010365,-1.4074151728299635,-1.7268012506758084
left,8.02,1787652118641508096,1787652118637014831,6413,4.493265,-2.6658668446539426,3.8216191265956767,26.762996481954655,-5.820488343119414,-1.4281745120873728,-1.7013468030432073
left,8.03,1787652118651508096,1787652118646902591,6422,4.605505,-2.8124365983728086,3.834084485157463,26.78298262838508,-5.857006652642074,-1.4633735277800266,-1.6485876581328869
left,8.04,1787652118661508096,1787652118657210702,6429,4.297394,-2.8647650825461772,3.815031917034367,26.722642138304284,-5.894448429933082,-1.5021519584242151,-1.59377619356681
left,8.05,1787652118671508096,1787652118666988913,6436,4.519183,-2.814697184034707,4.165862276163032,27.101334943645547,-5.922897234887859,-1.532101628838117,-1.5507371130031657
left,8.06,1787652118681508096,1787652118677001719,6444,4.506377,-2.391725421601892,3.799540728152192,27.21414379577721,-5.947591027866692,-1.5546464118439038,-1.5212612447390745
left,8.07,1787652118691508096,1787652118687340993,6453,4.167103,-2.37588294345689,3.766912331789613,26.854311510255332,-5.997829305878778,-1.5958626038057706,-1.463925738947871
left,8.08,1787652118701508096,1787652118696892957,6460,4.615139,-2.332284048667119,3.583547641812538,26.71259375571674,-6.077034746428759,-1.6600373819811152,-1.360344579826586
left,8.09,1787652118711508096,1787652118706915321,6470,4.592775,-2.3725892344749746,3.7048544725129533,26.586100095481534,-6.171716505196179,-1.7358018161012145,-1.228699239411312
left,8.1,1787652118721508096,1787652118717099572,6476,4.408524,-2.3988525059735744,3.354845301474811,26.46232886130575,-6.258423804690544,-1.8099975871313276,-1.0970053902053802
left,8.11,1787652118731508096,1787652118726877507,6484,4.630589,-2.4633109455109903,2.943959134357953,26.370520334694962,-6.367615818575755,-1.8947930174051923,-0.945659490944159
left,8.12,1787652118741508096,1787652118736953630,6495,4.554466,-2.5637312359175266,2.2317822714715234,26.202127635596906,-6.486671255066852,-1.9905175457064788,-0.7809306778237155
left,8.13,1787652118751508096,1787652118747106677,6500,4.401419,-2.7284119415283286,2.309584816300498,26.097560798826997,-6.59302439415565,-2.0717826631354193,-0.6261423543128658
left,8.14,1787652118761508096,1787652118756921770,6509,4.586326,-2.849452950142899,1.9944746418576305,26.185619064178958,-6.674576156041912,-2.139256173137233,-0.4896913057631359
left,8.15,1787652118771508096,1787652118766929290,6516,4.578806,-2.732946114705272,1.8676108875255515,26.307226384699188,-6.693535427709561,-2.155807817175667,-0.44620751959130556
left,8.16,1787652118781508096,1787652118776936986,6525,4.57111,-2.3230348991102163,1.5557384808276098,26.531730501529783,-6.669759043832744,-2.1372714285256187,-0.4619886816667125
left,8.17,1787652118791508096,1787652118787129968,6534,4.378128,-2.0283061273753047,2.006634606902668,26.62620495338047,-6.654184933426379,-2.120842943376799,-0.47007521835075283
left,8.18,1787652118801508096,1787652118796918141,6540,4.589955,-1.871451024234211,1.9528606457623137,26.563813493334084,-6.663383408528675,-2.129875121612031,-0.43915387721071686
left,8.19,1787652118811508096,1787652118807344120,6549,4.163976,-1.9617075954624144,1.6897602104438967,26.423644994450786,-6.69434527869446,-2.1585267959156953,-0.36899672404328
left,8.2,1787652118821508096,1787652118816860349,6556,4.647747,-1.727983635357652,1.419777221077094,26.565338946710924,-6.71958649082148,-2.1795828659716743,-0.31219784744215195
left,8.21,1787652118831508096,1787652118827061319,6565,4.446777,-1.647794812493433,1.1390045637735058,26.552344904524496,-6.757659379773614,-2.215063423707501,-0.24007144609728148
left,8.22,1787652118841508096,1787652118837011171,6572,4.496925,-1.4840483774517694,0.5906018493266744,26.645152470886238,-6.785693253437762,-2.2455807928723,-0.17378618572203686
left,8.23,1787652118851508096,1787652118847142677,6582,4.365419,-1.365430900790478,0.8795732095414307,26.61816630090652,-6.832138258945673,-2.2830265729186374,-0.09799496229128901
left,8.24,1787652118861508096,1787652118856966840,6591,4.541256,-1.5342766962880485,0.5439030983141185,26.327288238846087,-6.896416567095183,-2.338870703752641,0.010971773057648182
left,8.25,1787652118871508096,1787652118867173942,6597,4.334154,-1.744155159099092,-0.22008337299609804,26.219718863314142,-6.952542212107147,-2.390792192219254,0.12738697834791735
left,8.26,1787652118881508096,1787652118876981332,6604,4.526764,-1.8963860874203133,-0.010055358550275395,26.240281766776253,-6.988347032841551,-2.41731180944374,0.1886802775578742
left,8.27,1787652118891508096,1787652118887152743,6614,4.355353,-2.0712425950398186,-0.2461241832552643,26.230645185483848,-6.9947761872023335,-2.4187116852587986,0.22679196423945136
left,8.28,1787652118901508096,1787652118896834794,6622,4.673302,-1.9459168291552253,-0.3486827273157096,26.976088941849184,-6.968006329142307,-2.4023708641517785,0.22743879861324356
left,8.29,1787652118911508096,1787652118907290898,6630,4.217198,-1.7293084042305344,-0.4065741257456398,26.663916027858445,-6.960331668027926,-2.392968819665372,0.21669646467522696
left,8.3,1787652118921508096,1787652118916889540,6639,4.618556,-1.8592408746220412,-0.8803684442993561,26.607351734850678,-6.97755458945868,-2.406693976656114,0.24364293008120086
left,8.31,1787652118931508096,1787652118926903804,6646,4.604292,-1.9374014151999908,-0.6449896541118283,26.60061156035289,-7.025743352586924,-2.443513989776926,0.3176903517180625
left,8.32,1787652118941508096,1787652118937001981,6654,4.506115,-2.2665780528966755,-0.8829151966899729,26.078347329916028,-7.081125170190239,-2.4870893323896923,0.39868384476892715
left,8.33,1787652118951508096,1787652118946920002,6663,4.588094,-2.582438067184346,-1.194028398403052,26.21843957431011,-7.140430639004124,-2.540054654297411,0.5004010984219733
left,8.34,1787652118961508096,1787652118956977350,6668,4.530746,-2.8230157996375485,-1.4906142791134647,26.2677256253449,-7.19192022465327,-2.5793407186448385,0.5865355839935498
left,8.35,1787652118971508096,1787652118967015168,6679,4.492928,-3.0280711584726983,-1.735193322037564,26.63034946192758,-7.229917909386521,-2.611055162744541,0.6531767552491814
left,8.36,1787652118981508096,1787652118976959395,6686,4.548701,-2.9701157666749176,-2.2226065012524,26.377773924454335,-7.269488938549133,-2.6434265014186376,0.7050836327211272
left,8.37,1787652118991508096,1787652118987354812,6692,4.153284,-3.4367461994602073,-1.9682011361831402,26.50800819328667,-7.317436599477394,-2.683812434424329,0.785988123285251
left,8.38,1787652119001508096,1787652118996905210,6700,4.602886,-3.510197417540121,-2.043691974601386,26.451921810491488,-7.342588412302833,-2.7022394973746118,0.8235949417978352
left,8.39,1787652119011508096,1787652119007235622,6708,4.272474,-3.3634289152552643,-2.505797845860368,26.18081034598568,-7.360395765087865,-2.7164634372154315,0.8523727817942899
left,8.4,1787652119021508096,1787652119017121752,6716,4.386344,-3.484385230526341,-2.1590879746533287,26.13183644700926,-7.363303219564789,-2.722134839278125,0.8628842520793474
left,8.41,1787652119031508096,1787652119026886854,6724,4.621242,-3.5341399561341675,-2.17774345913931,26.613757738601137,-7.351722507683524,-2.714997815407626,0.8638433773527647
left,8.42,1787652119041508096,1787652119036894388,6735,4.613708,-3.3611255959390443,-2.517385768240988,26.271787387087915,-7.3354571799346235,-2.6990603529279507,0.8391355163095207
left,8.43,1787652119051508096,1787652119046958601,6743,4.549495,-3.400143912354847,-2.1678502024381334,26.251506850546075,-7.321115661463114,-2.689839544863085,0.8324591902112759
left,8.44,1787652119061508096,1787652119057081367,6751,4.426729,-3.283157367360655,-2.245914576740204,26.351922219313582,-7.306275618572113,-2.676743486517318,0.82289664870579
left,8.45,1787652119071508096,1787652119066890584,6757,4.617512,-3.537625572303477,-2.345213458951466,26.5340734258558,-7.300296112821822,-2.675458517721353,0.8232186530451548
left,8.46,1787652119081508096,1787652119077007045,6766,4.501051,-3.2634428086941156,-2.335652621324765,26.176296681279286,-7.27657052828056,-2.6556435506797307,0.7862126562968845
left,8.47,1787652119091508096,1787652119087302730,6772,4.205366,-3.2192382604642042,-2.356028577353301,26.190366701155213,-7.269016329042795,-2.654143033800345,0.7766692618184468
left,8.48,1787652119101508096,1787652119096908447,6780,4.599649,-3.2544178234394248,-2.4163491493569693,26.659988180964685,-7.275563672567546,-2.662894200366472,0.7971089188799878
left,8.49,1787652119111508096,1787652119107070144,6791,4.437952,-3.1310392222228116,-2.427698122247346,26.241345513262228,-7.2793276712832,-2.6619605701374764,0.7960570220790835
left,8.5,1787652119121508096,1787652119117107468,6796,4.400628,-3.3318125641024445,-2.5559773042527985,26.641222399507477,-7.305539104756997,-2.683683851788839,0.8466978625126356
left,8.51,1787652119131508096,1787652119127175144,6807,4.332952,-3.4871798435422456,-2.607755945892331,26.557369373994437,-7.320572576701396,-2.6979952160132625,0.8752782680343418
left,8.52,1787652119141508096,1787652119136858140,6813,4.649956,-3.4747644104873925,-2.581212868612265,26.12176689220226,-7.3241223065173795,-2.6996242048615056,0.8686220979146331
left,8.53,1787652119151508096,1787652119146920752,6822,4.587344,-3.547388083373259,-3.0336483977555457,26.297191668879915,-7.327082841335814,-2.707980061207999,0.8859258328637258
left,8.54,1787652119161508096,1787652119157386560,6829,4.121536,-3.6105500377388124,-2.5831042728004867,26.397424149811098,-7.32420449916297,-2.705650943872046,0.8853974695955993
left,8.55,1787652119171508096,1787652119166898943,6836,4.609153,-3.621415563101007,-2.571179865114795,26.51551805172802,-7.324978403444467,-2.707513763828901,0.8945161983651793
left,8.56,1787652119181508096,1787652119176944398,6844,4.563698,-3.5719212293329012,-2.5728370006607384,26.57858553890263,-7.313240078306636,-2.697598974117388,0.8786417727967502
left,8.57,1787652119191508096,1787652119187451807,6852,4.056289,-3.48246119358761,-2.5656203803009054,26.645942651100388,-7.297024810605587,-2.684588264605307,0.8604897702420808
left,8.58,1787652119201508096,1787652119196917726,6860,4.59037,-3.549668471519154,-2.58926607476273,27.039302255030293,-7.2865312985634905,-2.6811458019774084,0.8555323497548917
left,8.59,1787652119211508096,1787652119207147420,6869,4.360676,-3.1368052692043435,-2.7906785358290955,26.8634783928624,-7.253420939447471,-2.6506207288354773,0.7997146727942623
left,8.6,1787652119221508096,1787652119217020762,6878,4.487334,-2.9919986348338377,-2.647078608093415,26.86929426382626,-7.227053909238951,-2.626729528233987,0.7594193835113154
left,8.61,1787652119231508096,1787652119226924447,6884,4.583649,-2.8583090041891355,-2.1485541028318926,26.90248118655276,-7.202592713417083,-2.604715738416945,0.7207973133730863
left,8.62,1787652119241508096,1787652119236896067,6892,4.612029,-2.6291572899755087,-2.44875426740204,26.954232948085963,-7.1719635893727745,-2.578033312551666,0.6726354601947484
left,8.63,1787652119251508096,1787652119246905791,6900,4.602305,-2.397247575868937,-2.2710889224663386,26.994139024351163,-7.139400071062376,-2.54757233631413,0.6165773207953433
left,8.64,1787652119261508096,1787652119257343876,6909,4.16422,-2.485706411181387,-1.821344347620732,27.190007886912035,-7.122007594590232,-2.5371742305018987,0.6039549702690052
left,8.65,1787652119271508096,1787652119266916722,6917,4.591374,-2.3394990974033427,-1.8147940329618617,27.17242464258601,-7.112268315597434,-2.5280697589087904,0.5854020775922562
left,8.66,1787652119281508096,1787652119276913497,6925,4.594599,-2.082829448261299,-1.762498225130044,26.824379132489184,-7.1069211957202665,-2.516663672064058,0.5599686676468099
left,8.67,1787652119291508096,1787652119287269949,6932,4.238147,-2.098716378513499,-2.2034441610782274,27.19939591271753,-7.122786233357958,-2.529389778059152,0.5820370267252495
left,8.68,1787652119301508096,1787652119296925854,6941,4.582242,-2.2910307857420675,-2.117120105535621,26.90137199775384,-7.141966727424121,-2.542389614609685,0.6024781661768883
left,8.69,1787652119311508096,1787652119307127791,6949,4.380305,-2.1380230883042333,-2.0189930567357095,27.029837997446467,-7.150108767387488,-2.548822875047591,0.6180102339962061
left,8.7,1787652119321508096,1787652119316864709,6957,4.643387,-2.1254396363679,-1.9473056205152361,26.968773449040857,-7.15349067492012,-2.5523588677484197,0.6214715313948465
left,8.71,1787652119331508096,1787652119327178610,6965,4.329486,-2.0575586766526217,-1.4876721075254031,26.96071606971652,-7.145006583530466,-2.5441639123432527,0.6116701545938541
left,8.72,1787652119341508096,1787652119336838163,6972,4.669933,-2.0173834449519132,-1.8942503704181308,26.96685624802913,-7.140725047523054,-2.5371700683238996,0.6083260378233053
left,8.73,1787652119351508096,1787652119346896387,6982,4.611709,-2.0684326422243444,-1.52628895917664,26.599296742531397,-7.143177265018673,-2.5334753915403767,0.6092032947976678
left,8.74,1787652119361508096,1787652119357554035,6988,3.954061,-2.26911217933702,-1.703478687465684,27.098312847801278,-7.141057730366459,-2.5317594860165036,0.6278888121436836
left,8.75,1787652119371508096,1787652119367002588,6996,4.505508,-2.306563946919421,-1.7585360605097227,27.136840209557853,-7.121676339272286,-2.51530521233136,0.6084745918821197
left,8.76,1787652119381508096,1787652119377020273,7005,4.487823,-2.218350009750639,-1.747839160402378,26.797234034772735,-7.097513057586258,-2.4974720205214913,0.5736490094981812
left,8.77,1787652119391508096,1787652119387259871,7014,4.248225,-2.1886949309153003,-2.1174394736635453,26.919909847216637,-7.081071502780423,-2.4919186522895367,0.5565653749621455
left,8.78,1787652119401508096,1787652119396907132,7022,4.600964,-2.252790244074703,-2.0106362228216437,27.29731996024187,-7.088781193547781,-2.5042437425845057,0.5701978482144547
left,8.79,1787652119411508096,1787652119407017559,7029,4.490537,-2.1447892832529645,-1.854731726107587,27.238037180015954,-7.089746807759619,-2.5066652811983174,0.5693025273242756
left,8.8,1787652119421508096,1787652119416848525,7038,4.659571,-1.9997264519168512,-1.7896542515025484,27.12774234503117,-7.113039533784003,-2.5256983482121216,0.5885316783984402
left,8.81,1787652119431508096,1787652119426936940,7046,4.571156,-2.0913730540346958,-1.4653464038648019,26.85743512925214,-7.151384043783558,-2.554812489825089,0.6321135943015306
left,8.82,1787652119441508096,1787652119436900346,7052,4.60775,-1.8842278405578932,-1.63225132165186,26.99348271407917,-7.18381268370767,-2.5813993165207925,0.680532330248133
left,8.83,1787652119451508096,1787652119447020897,7060,4.487199,-1.8503318169204923,-1.7922202412737893,26.928096364921828,-7.215817699315831,-2.6087299745362342,0.727297446845899
left,8.84,1787652119461508096,1787652119457353537,7068,4.154559,-1.8466983397347698,-2.200602271596544,26.43321745315074,-7.226847687487403,-2.6199932504658667,0.7388879948344185
left,8.85,1787652119471508096,1787652119466989634,7076,4.518462,-2.0056315127900026,-2.155054703345444,26.86575997908363,-7.250180814483617,-2.6491115105860086,0.789092094544831
left,8.86,1787652119481508096,1787652119476960426,7084,4.54767,-1.892473734715272,-2.0613837228011214,26.860213499649188,-7.271402574963355,-2.6708188500014223,0.8116058988327588
left,8.87,1787652119491508096,1787652119487248673,7093,4.259423,-1.7970755030331862,-2.049243075597622,26.757015315699693,-7.305516593587074,-2.698792763800515,0.8597189151904259
left,8.88,1787652119501508096,1787652119496868588,7103,4.639508,-1.746664232970898,-2.0445140275906164,26.726585571255963,-7.340452261014573,-2.7264566978549487,0.9102029467960995
left,8.89,1787652119511508096,1787652119507054656,7108,4.45344,-1.5590917289657382,-1.7229537453736903,27.448410184551204,-7.357935276839765,-2.746500007523182,0.9584304694964589
left,8.9,1787652119521508096,1787652119516903784,7116,4.604312,-1.427783709076099,-1.7982892914752497,27.567083850096292,-7.361182387927876,-2.7454706583287987,0.9770216615049878
left,8.91,1787652119531508096,1787652119526929787,7124,4.578309,-1.4110269143217202,-1.913007137218575,27.651321462268605,-7.375531521665364,-2.753575169547911,1.0139132781742177
left,8.92,1787652119541508096,1787652119537117726,7132,4.39037,-1.3651520740610403,-2.348943504861191,27.719208648867244,-7.380882537428074,-2.758190338547905,1.0457678368778083
left,8.93,1787652119551508096,1787652119546924251,7141,4.583845,-1.2156799695140457,-2.226299534739296,27.929349202457853,-7.362976915239184,-2.7374322453920605,1.0321308174664054
left,8.94,1787652119561508096,1787652119557561265,7150,3.946831,-0.9617872456737698,-1.8342500453166908,27.676031837192458,-7.340667943381377,-2.713264265613089,1.0063076432003384
left,8.95,1787652119571508096,1787652119566891405,7156,4.616691,-1.0895788603102556,-2.0913734679192033,27.703983368251976,-7.356462405848429,-2.7253856649165265,1.0572851335155813
left,8.96,1787652119581508096,1787652119577169200,7164,4.338896,-1.1019784276421487,-2.309325951048855,27.88610113554382,-7.366615716288451,-2.7316067356998484,1.0942751328521632
left,8.97,1787652119591508096,1787652119587020032,7172,4.488064,-0.9534325075676412,-2.411821258098442,28.211988148581757,-7.367614733644807,-2.7266842888013145,1.1084859278857992
left,8.98,1787652119601508096,1787652119596894008,7181,4.614088,-1.181736268800283,-2.610519811363769,28.08631747809192,-7.366470880279041,-2.7223874120826537,1.1297829437935596
left,8.99,1787652119611508096,1787652119607317705,7188,4.190391,-1.0699044283634895,-2.678748075644325,27.79890846642434,-7.347892794032497,-2.702282155692962,1.1043044219556348
left,9.0,1787652119621508096,1787652119616896842,7196,4.611254,-1.015842499080294,-2.8239704700022106,27.944210652351565,-7.360757115520916,-2.7093921845986695,1.132652105882712
left,9.01,1787652119631508096,1787652119627138476,7204,4.36962,-1.2909417385272584,-3.018402275814729,28.19552422640593,-7.386789943828344,-2.7335930882869732,1.1917524192723836
left,9.02,1787652119641508096,1787652119636933453,7214,4.574643,-1.4230201594491112,-3.5436210703336344,28.2036274406549,-7.405254947649089,-2.746616052936833,1.2283079339530691
left,9.03,1787652119651508096,1787652119646881517,7221,4.626579,-1.5781617235325471,-3.2690516052003904,28.201962419856365,-7.426485033498139,-2.7635035442897697,1.2595123523191643
left,9.04,1787652119661508096,1787652119657244185,7228,4.263911,-1.3793391271062732,-3.3943303313630215,28.39934827269019,-7.422926261216512,-2.7622188996777957,1.2698675090603277
left,9.05,1787652119671508096,1787652119666897371,7236,4.610725,-1.4558137186044746,-3.502372258235526,28.03329270226469,-7.431222359772686,-2.764195134636423,1.2805723613035387
left,9.06,1787652119681508096,1787652119676867998,7244,4.640098,-1.6388200378378244,-3.5072485814582377,28.16317593399214,-7.415105793986082,-2.7544179610978667,1.269109741818045
left,9.07,1787652119691508096,1787652119687217350,7255,4.290746,-1.3130795452395032,-3.351270339599775,28.48360638193943,-7.365030295339213,-2.7126620108352855,1.1995922701887523
left,9.08,1787652119701508096,1787652119696870041,7261,4.638055,-1.0076095150201594,-3.532070801434901,28.52575873407111,-7.303761490018401,-2.6553467341575607,1.1016971509601474
left,9.09,1787652119711508096,1787652119706915379,7268,4.592717,-0.5844611742198239,-3.1504610693497184,28.80224691992473,-7.225776112454815,-2.5874296746508447,0.9888207299325813
left,9.1,1787652119721508096,1787652119717255466,7278,4.25263,-0.3901122036776205,-2.814436165150979,28.7423777753658,-7.15213855359873,-2.520570648537369,0.8746811133119679
left,9.11,1787652119731508096,1787652119726907128,7285,4.600968,-0.3010845979471613,-2.613476317834211,29.091337796139953,-7.104815402091008,-2.4802266313056327,0.810215440745012
left,9.12,1787652119741508096,1787652119737158441,7293,4.349655,-0.24019646538610961,-2.4313436831366007,28.95570331915901,-7.073348962296773,-2.450214520367309,0.7541972094753671
left,9.13,1787652119751508096,1787652119747047786,7302,4.46031,-0.08075756092329239,-1.983084723794288,28.593977934535594,-7.05667566459461,-2.4355722214027082,0.7224519456697394
left,9.14,1787652119761508096,1787652119757523829,7309,3.984267,-0.061973319942012405,-2.05294393451935,28.683192021990827,-7.04935256971633,-2.431538309755089,0.7151318448154464
left,9.15,1787652119771508096,1787652119767086274,7316,4.421822,-0.03699578546121009,-2.089099084912837,28.818379393324623,-7.042304897508144,-2.424254382527943,0.702249039839399
left,9.16,1787652119781508096,1787652119776977564,7325,4.530532,0.005762521631702795,-2.0867798794351535,28.855686400539934,-7.0313893537672385,-2.414869192855713,0.6835679677121218
left,9.17,1787652119791508096,1787652119787035130,7332,4.472966,0.019189986185116043,-2.485592607722884,28.89834277708529,-7.022467408559228,-2.4106077386318443,0.6801161578514507
left,9.18,1787652119801508096,1787652119797137494,7340,4.370602,-0.04034146318015952,-2.0677016412124174,29.320930571832626,-7.023116411626633,-2.415257868050082,0.6938179595645833
left,9.19,1787652119811508096,1787652119807009083,7348,4.499013,-0.01974817139443643,-2.3857019515188225,29.26148720225041,-7.0140443159444406,-2.4079855880254666,0.6765789744527291
left,9.2,1787652119821508096,1787652119817046536,7356,4.46156,-0.060686488842741644,-2.3028269147928295,29.19658256300735,-7.009909382114775,-2.4034267534645988,0.6684599075302782
left,9.21,1787652119831508096,1787652119827240652,7366,4.267444,-0.2347106057740926,-2.3301947509927112,29.11336294083076,-7.016521514594187,-2.4116469753075656,0.6854717861330013
left,9.22,1787652119841508096,1787652119836956026,7373,4.55207,-0.23419789866656757,-2.3293286993316733,28.761198640122878,-7.0170990042677825,-2.408683549086284,0.6748620342816913
left,9.23,1787652119851508096,1787652119846939135,7380,4.568961,-0.22625382824485205,-1.90316882635936,28.83949339459308,-7.008776967244112,-2.401683556424895,0.6629250953619295
left,9.24,1787652119861508096,1787652119857343701,7390,4.164395,-0.26419053890237015,-1.9363151071822506,28.871277164492312,-7.00777144040465,-2.4013516950869436,0.6603457565578641
left,9.25,1787652119871508096,1787652119866889958,7398,4.618138,-0.25294348589493515,-1.9829446414657608,28.894424631669427,-7.005979380261504,-2.399755359387833,0.6555797707668305
left,9.26,1787652119881508096,1787652119876876016,7404,4.63208,-0.2507478221578745,-2.0786538084576858,28.96956805489817,-7.000600564067081,-2.3975976742371348,0.6534069733508721
left,9.27,1787652119891508096,1787652119886956749,7412,4.551347,-0.40103132789345736,-2.2276729938935036,29.335241739287266,-7.005307064291971,-2.407784811780167,0.6782320667838486
left,9.28,1787652119901508096,1787652119896909035,7420,4.599061,-0.3390703682358548,-2.2636089947028593,29.22876056467952,-6.999618305906292,-2.40122520968238,0.6639964318163265
left,9.29,1787652119911508096,1787652119907148374,7431,4.359722,-0.26982762661693505,-2.2763016894798294,29.155405462032984,-6.9928696894366205,-2.393951303754612,0.6490074426770154
left,9.3,1787652119921508096,1787652119916932470,7436,4.575626,-0.17770064944717887,-2.26280000313012,28.753556726381827,-6.984302397000759,-2.384276870338695,0.6283257664210102
left,9.31,1787652119931508096,1787652119927184221,7445,4.323875,-0.17105067240807187,-2.284356494129896,28.813769131476217,-6.981599903716072,-2.382152779942766,0.6247226940325823
left,9.32,1787652119941508096,1787652119936904401,7453,4.603695,-0.1648696668186883,-2.298717248654989,28.87680252241556,-6.978047113778775,-2.3809421743864885,0.6248147940426958
left,9.33,1787652119951508096,1787652119946991922,7461,4.516174,-0.14270917874354655,-2.2860654400519382,28.920423109475735,-6.9697998527336775,-2.3749404978446638,0.6156921050040332
left,9.34,1787652119961508096,1787652119957635026,7468,3.87307,-0.36715206929744687,-2.3262178300376632,29.152904583566087,-6.966493471870665,-2.377816643563218,0.6270362334135278
left,9.35,1787652119971508096,1787652119967092135,7477,4.415961,-0.11325557643512918,-2.6500929023589843,29.34650994092432,-6.954522146358672,-2.3681129551691775,0.6114523452771363
left,9.36,1787652119981508096,1787652119976891157,7485,4.616939,-0.1358837418663516,-2.226240891735889,29.29709047836476,-6.953922952000767,-2.3677380641011885,0.611936041715136
left,9.37,1787652119991508096,1787652119986888862,7495,4.619234,-0.1573762779700267,-2.6014738680567464,29.240337046087756,-6.954822650843581,-2.3694563469392396,0.6148424119863409
left,9.38,1787652120001508096,1787652119996873963,7500,4.634133,-0.18553287469631569,-2.1591992541674765,29.20366988003056,-6.958168525669171,-2.370770638571078,0.6162445508466843
left,9.39,1787652120011508096,1787652120007071206,7509,4.43689,-0.10770548041078057,-2.140560763620349,28.82012240722044,-6.95291536195676,-2.3618680429142955,0.5946444533487381
left,9.4,1787652120021508096,1787652120016923213,7518,4.584883,-0.26523357990201696,-2.1957333596033286,28.708246291802674,-6.954276991680106,-2.362423824251815,0.5936271484880187
left,9.41,1787652120031508096,1787652120026897217,7527,4.610879,-0.2366623462006051,-2.2135796976268276,28.826360949288716,-6.951557642473813,-2.361319617133378,0.5935991173951392
left,9.42,1787652120041508096,1787652120036865726,7532,4.64237,-0.015451926438317654,-2.5612581344873733,29.063478049501967,-6.947178981013613,-2.356042022717233,0.5831456102239376
left,9.43,1787652120051508096,1787652120046950921,7540,4.557175,-0.14596322691183725,-2.1976438583358853,29.45960075976206,-6.95286262052532,-2.3644862496393015,0.6063051084993387
left,9.44,1787652120061508096,1787652120056929578,7548,4.578518,-0.15353090660670204,-2.5462833773633906,29.403889392349097,-6.950364084580462,-2.363212104213715,0.6039569606191966
left,9.45,1787652120071508096,1787652120066900599,7557,4.607497,-0.2958826014317128,-2.466178948280237,29.1414143324836,-6.949052032181293,-2.362224407395323,0.6011735567631
left,9.46,1787652120081508096,1787652120076941392,7565,4.566704,-0.10024434416591389,-2.3672667545145534,29.34240819859433,-6.942482756514346,-2.35756854178908,0.5959678634751975
left,9.47,1787652120091508096,1787652120086969515,7574,4.538581,-0.11807967931371936,-2.310344781698236,29.305603023632752,-6.941393817946869,-2.3555102881506675,0.5909870556141175
left,9.48,1787652120101508096,1787652120096866598,7580,4.641498,-0.08722597766662034,-2.237534321644716,28.867358599950478,-6.9502607199280835,-2.358810724546381,0.5906353234118313
left,9.49,1787652120111508096,1787652120107452641,7590,4.055455,-0.11237986727974866,-2.145804903909626,28.884145503406778,-6.957584634700023,-2.364579414166686,0.6000632161040471
left,9.5,1787652120121508096,1787652120116867181,7596,4.640915,-0.27998005238549656,-2.0889270630868486,28.73065417036481,-6.966327963602486,-2.3708899872608704,0.6084090799343438
left,9.51,1787652120131508096,1787652120126886445,7604,4.621651,-0.26849395774327917,-1.7333518763468645,28.827452319756596,-6.970011495271882,-2.3745036007212477,0.6165866828003361
left,9.52,1787652120141508096,1787652120136835917,7612,4.672179,-0.07069040201925043,-1.8504510569977448,29.110694600228108,-6.9614568930325245,-2.367603994621744,0.6065490734360761
left,9.53,1787652120151508096,1787652120146973823,7622,4.534273,-0.14640222239358172,-1.9617104005059836,29.48800489104796,-6.947757443471163,-2.362471157466218,0.6026795746787823
left,9.54,1787652120161508096,1787652120156979561,7630,4.528535,-0.1264466863454528,-2.385447520689664,29.383566004362248,-6.933537417669996,-2.352114965401869,0.5830807764990398
left,9.55,1787652120171508096,1787652120167108110,7636,4.399986,-0.1282565354247207,-1.9820181994327817,29.29959604738185,-6.9332943179076345,-2.3496987743086217,0.5788078847238547
left,9.56,1787652120181508096,1787652120176859009,7646,4.649087,-0.24510498775981288,-2.0170780039109992,28.66624222771102,-6.938647069944725,-2.351121232315431,0.5730260254303834
left,9.57,1787652120191508096,1787652120187160009,7653,4.348087,-0.09557985379664252,-2.353367601103758,28.947370866474532,-6.950287932246031,-2.361432687436441,0.5870046989673348
left,9.58,1787652120201508096,1787652120196876551,7661,4.631545,-0.2760265374586539,-1.9180865953850605,28.770492312661887,-6.963873403012931,-2.372538495780389,0.605467584169076
left,9.59,1787652120211508096,1787652120207372113,7668,4.135983,-0.1020936788988321,-1.8721516005649603,29.011006930247547,-6.975367213840331,-2.380086302468886,0.6206938273212095
left,9.6,1787652120221508096,1787652120217151786,7679,4.35631,-0.20319271094528513,-2.2792368474162634,29.385347909539075,-6.9931566606516,-2.3976181219921964,0.655840121832495
left,9.61,1787652120231508096,1787652120227089588,7684,4.418508,-0.21080350239200585,-2.2129778021539854,29.27281533786036,-6.999282616121988,-2.40344809142489,0.6681724915927914
left,9.62,1787652120241508096,1787652120236934861,7693,4.573235,-0.2217763558792171,-2.177939962436152,29.193580615727566,-7.001100889715932,-2.4032198442344654,0.6666159591599108
left,9.63,1787652120251508096,1787652120247143026,7700,4.36507,-0.23660385371176174,-1.7827969679568139,29.164351824139736,-7.003700097599131,-2.404012788242232,0.6680611190196009
left,9.64,1787652120261508096,1787652120257249676,7708,4.25842,-0.15023841656480874,-1.787878233746523,28.778799564800295,-6.999596051663692,-2.3971337400004753,0.6517562720992032
left,9.65,1787652120271508096,1787652120266894919,7716,4.613177,-0.1830290642449459,-1.8838403888534134,28.847037447049345,-6.998454933429134,-2.3997225748886253,0.6633599946864888
left,9.66,1787652120281508096,1787652120276917239,7724,4.590857,-0.19617735547611312,-1.9541367078289829,28.921360512675093,-7.001300360360913,-2.400493974983098,0.6629113298132605
left,9.67,1787652120291508096,1787652120286924412,7732,4.583684,-0.19803433817154922,-2.0015063675796685,28.96381711025758,-7.000597837866559,-2.4007754102847043,0.6646481431451534
left,9.68,1787652120301508096,1787652120297053469,7740,4.454627,-0.4163832653930764,-2.419307803906137,29.10623723087795,-7.001842775437476,-2.4059819982172694,0.6770725596504479
left,9.69,1787652120311508096,1787652120307415376,7748,4.09272,-0.18257911471262875,-1.9203745962324426,29.254879933840314,-6.9941725582083265,-2.3961011086421546,0.6587190232670919
left,9.7,1787652120321508096,1787652120316959805,7757,4.548291,-0.19187757509575887,-2.345195041680671,29.2437538141953,-6.991248217238188,-2.394771553961615,0.6533933696867651
left,9.71,1787652120331508096,1787652120327146570,7764,4.361526,-0.3856757593795183,-2.318496545459135,29.001626390748214,-7.001917508028642,-2.4056275561017557,0.6640529267237172
left,9.72,1787652120341508096,1787652120336921425,7773,4.586671,-0.2727965906112969,-2.2512423919723,28.591628066804276,-7.00811676627102,-2.408853694550741,0.66032560665645
left,9.73,1787652120351508096,1787652120346855989,7780,4.652107,-0.23291415670762503,-1.930217540427082,28.927840111783645,-7.027520234773117,-2.4301320506028237,0.700970675171382
left,9.74,1787652120361508096,1787652120357151301,7788,4.356795,-0.3672109490167034,-2.034243579600522,29.2980021276525,-7.046747450204565,-2.4524164848050223,0.7473688710342434
left,9.75,1787652120371508096,1787652120366908570,7796,4.599526,-0.24318267903883287,-2.08516628371763,28.82345008571442,-7.061424457844932,-2.4603382227658965,0.7571010487572447
left,9.76,1787652120381508096,1787652120376925673,7805,4.582423,-0.25558036500894615,-2.1740779818535168,28.77395701879355,-7.074283758551157,-2.47034388042501,0.776195182305808
left,9.77,1787652120391508096,1787652120386930369,7812,4.577727,-0.25079234418160323,-2.6623532801911116,28.641016388961283,-7.092350618814831,-2.4836545339155993,0.7980092046440699
left,9.78,1787652120401508096,1787652120396892467,7820,4.615629,-0.528383392804386,-2.333874856337004,28.77497306224376,-7.116905421024372,-2.5065096219634215,0.8354877232392146
left,9.79,1787652120411508096,1787652120407318431,7831,4.189665,-0.25960625824043865,-2.6761913946182108,28.52226598729411,-7.119041563617405,-2.5057626478965394,0.8304868183293663
left,9.8,1787652120421508096,1787652120416855038,7836,4.653058,-0.3318332088615979,-2.6940959524142056,28.583401385724084,-7.137323817016709,-2.524906418955212,0.8641081963875565
left,9.81,1787652120431508096,1787652120426884148,7845,4.623948,-0.41625349408052775,-2.352790449393022,28.679627888092075,-7.160416113907847,-2.5484775060229197,0.8992488588468079
left,9.82,1787652120441508096,1787652120436939375,7853,4.568721,-0.37572752064741977,-2.4342189781678747,28.744361323041723,-7.172725600913852,-2.560229548776195,0.9119633062074295
left,9.83,1787652120451508096,1787652120446896279,7861,4.611817,-0.4503874664189432,-2.593927046344999,28.780188117159955,-7.203836478437449,-2.589384898779636,0.9635839739263297
left,9.84,1787652120461508096,1787652120456936721,7868,4.571375,-0.6819123351171079,-2.806520479826209,29.116139867052624,-7.238342681290977,-2.6175407699547453,1.0324526413332709
left,9.85,1787652120471508096,1787652120467028379,7878,4.479717,-0.697725596734088,-3.2812068175555584,29.045624701802844,-7.255157020627447,-2.628756949995613,1.057273824446344
left,9.86,1787652120481508096,1787652120476937225,7886,4.570871,-0.6511498550374639,-3.2809844842965616,28.997772000373317,-7.266627814827816,-2.635862847736928,1.075920349929703
left,9.87,1787652120491508096,1787652120486955995,7893,4.552101,-0.6560789839392799,-3.257428665137773,28.926594897652713,-7.279561890684597,-2.6472859877279418,1.0978457050306518
left,9.88,1787652120501508096,1787652120496922447,7900,4.585649,-0.7065552900996777,-2.941990958216727,28.841486975049143,-7.300320302250439,-2.667005298280035,1.129188909983278
left,9.89,1787652120511508096,1787652120507237200,7909,4.270896,-0.7555861940877407,-3.49107167674369,28.75236889902429,-7.3257916298961785,-2.6911938384956047,1.1605044963265296
left,9.9,1787652120521508096,1787652120517121107,7918,4.386989,-0.6677242209938307,-3.496464609479358,28.34185342269481,-7.34281018415926,-2.707551834380786,1.1763032691798716
left,9.91,1787652120531508096,1787652120526890057,7924,4.618039,-0.5871057199883898,-3.470155402330944,28.746142371324066,-7.357027188556252,-2.7275452194670304,1.204392606950814
left,9.92,1787652120541508096,1787652120536892053,7932,4.616043,-0.44995262740047753,-3.4235548490633216,28.612133198449342,-7.3851794451460995,-2.752575089437117,1.23248756229286
left,9.93,1787652120551508096,1787652120547090215,7942,4.417881,-0.3456883913381002,-3.4133151176714716,28.442240004189493,-7.426704269851996,-2.78604387952456,1.2799307010442524
left,9.94,1787652120561508096,1787652120556977401,7949,4.530695,-0.30655296838146073,-3.093473018820267,28.31646170536453,-7.461489021194938,-2.81417041863214,1.3266118514156042
left,9.95,1787652120571508096,1787652120566913634,7957,4.594462,-0.21715788818276524,-3.2495639733684096,28.212140019006014,-7.497291618686026,-2.8435788503714368,1.373756466735465
left,9.96,1787652120581508096,1787652120576956390,7964,4.551706,-0.2827859481260836,-3.5145651399390507,28.172672296764752,-7.543962098955155,-2.8836562201761464,1.4558718277062366
left,9.97,1787652120591508096,1787652120586895332,7972,4.612764,-0.18915147587877473,-3.6856933643798384,28.222835818108994,-7.577637185993652,-2.907434423678187,1.5153430068147302
left,9.98,1787652120601508096,1787652120596887607,7980,4.620489,-0.04211586956556564,-3.7668003757161688,28.312682702187818,-7.605607774957993,-2.923270829765874,1.5507429131390198
left,9.99,1787652120611508096,1787652120607072456,7990,4.43564,-0.018386565866473036,-3.8974483264494837,28.377624602748753,-7.629949818007025,-2.9383800781329112,1.5954948823396184
left,10.0,1787652120621508096,1787652120616892085,7999,4.616011,0.16471959200959715,-3.9798075610319956,28.623707966683494,-7.639777194424042,-2.9434897926063717,1.6245332601305416
left,10.01,1787652120631508096,1787652120626971983,8004,4.536113,0.4192082594648364,-3.9143936053562576,28.753485771385606,-7.6127703782331775,-2.915724406120625,1.5895800242521931
left,10.02,1787652120641508096,1787652120636882097,8012,4.625999,1.0605451270281079,-3.9312712609931824,28.595457795968265,-7.527821273032723,-2.83405826406132,1.4408391594524455
left,10.03,1787652120651508096,1787652120646907673,8022,4.600423,1.730926252696389,-3.4456581993467674,28.92973769302659,-7.440973251558013,-2.750713085183974,1.295452621245499
left,10.04,1787652120661508096,1787652120657033547,8028,4.474549,2.1115424051863205,-3.09965161316843,28.891215428331854,-7.367977343808372,-2.677339026400154,1.1782019582838807
left,10.05,1787652120671508096,1787652120666893106,8038,4.61499,2.5481720888821,-2.525054881709531,29.06878527708046,-7.297859275311117,-2.612548447769103,1.0743439822084238
left,10.06,1787652120681508096,1787652120676897566,8047,4.61053,2.663696447830174,-2.553452113541563,29.048914069494444,-7.249351782721458,-2.567962002003557,1.0081843357962512
left,10.07,1787652120691508096,1787652120686920763,8052,4.587333,2.5467247206873935,-3.005600449422012,29.213714355758032,-7.224201641037585,-2.5482178749050615,0.9825126690605304
left,10.08,1787652120701508096,1787652120696891555,8060,4.616541,2.8817430615142463,-2.8697288379768544,28.949556093339115,-7.2089231290340745,-2.5297136015703856,0.9452540745493319
left,10.09,1787652120711508096,1787652120707282802,8068,4.225294,2.953768085641571,-2.473908657784876,29.09678551733619,-7.203021324484455,-2.5293016491249682,0.944790372946859
left,10.1,1787652120721508096,1787652120716939410,8077,4.568686,2.9680986087581944,-2.5436568632076364,29.22183886144139,-7.208469845510297,-2.5391367018837867,0.9587514959812611
left,10.11,1787652120731508096,1787652120726877470,8084,4.630626,2.9426221467332243,-2.6025263773622966,29.264393439435857,-7.228416089831027,-2.5635129916840604,0.9884402747358523
left,10.12,1787652120741508096,1787652120736898986,8092,4.60911,2.770045136914382,-2.7930487602539213,29.587032881456,-7.2778842405776825,-2.608188895840864,1.0707174843603438
left,10.13,1787652120751508096,1787652120746866065,8100,4.642031,2.6878346183581603,-2.980735939695667,29.428022130779176,-7.3195578344505705,-2.6427127600650246,1.137714456781783
left,10.14,1787652120761508096,1787652120756980779,8108,4.527317,2.8094658672118964,-3.0887394511440616,29.535757575332337,-7.34161042501317,-2.6571840386154815,1.1843933765998873
left,10.15,1787652120771508096,1787652120766872333,8118,4.635763,3.0938239311492257,-3.0849885555919716,29.733793945205495,-7.334736579502875,-2.6476205859285136,1.1729157506525656
left,10.16,1787652120781508096,1787652120777194455,8127,4.313641,3.3557963627792486,-3.3240967754251542,29.33134908744607,-7.304063572016891,-2.615034788157928,1.1118333885894185
left,10.17,1787652120791508096,1787652120786905620,8133,4.602476,3.6866480293060118,-3.086913575529794,29.520832267950603,-7.265186589934672,-2.580834420641966,1.0498281865023888
left,10.18,1787652120801508096,1787652120796943827,8140,4.564269,3.867790642410282,-2.8592528555249,29.370949445354448,-7.225707955523138,-2.546531681906705,0.9840964161968062
left,10.19,1787652120811508096,1787652120807447716,8151,4.06038,4.019341189497477,-2.7878547664476603,29.694488616930588,-7.229339065999318,-2.555537412576119,0.9982533219402601
left,10.2,1787652120821508096,1787652120816886221,8156,4.621875,3.9658231113566234,-2.7312855865132293,29.15735296611438,-7.260815938362298,-2.5821752774293545,1.0318043534272678
left,10.21,1787652120831508096,1787652120827042153,8164,4.465943,3.823985971165266,-2.4103168461316655,29.571013187037302,-7.287363730042868,-2.613807495581913,1.0888407865033431
left,10.22,1787652120841508096,1787652120836904494,8172,4.603602,3.9059912919500785,-2.5160534885146313,29.51577294326004,-7.311180359798406,-2.639793639470474,1.1292912962927906
left,10.23,1787652120851508096,1787652120846911357,8182,4.596739,3.954069656378227,-2.6190287648154555,29.4333754437851,-7.330230524024172,-2.66308555132792,1.1616892410549227
left,10.24,1787652120861508096,1787652120857053271,8189,4.454825,4.129906283346441,-2.499247196036212,29.39140220410306,-7.317235262888492,-2.6491362474734252,1.1404620810507695
left,10.25,1787652120871508096,1787652120866899829,8196,4.608267,4.475637803175941,-2.4127735816910536,29.54554514236428,-7.319300246882535,-2.6484001421730365,1.1506828126293476
left,10.26,1787652120881508096,1787652120876876478,8204,4.631618,4.667838729739987,-2.5942504204261985,29.681273949554182,-7.386025778729022,-2.7007603918551215,1.2633692940856058
left,10.27,1787652120891508096,1787652120886937204,8213,4.570892,4.740674381707511,-2.8317842256910577,29.789678534093284,-7.462467017787543,-2.7607351945916028,1.395889807013709
left,10.28,1787652120901508096,1787652120896897732,8220,4.610364,4.851405035738972,-3.0519649127461155,29.932748653159212,-7.526622181244143,-2.8106789779103147,1.5032099136198562
left,10.29,1787652120911508096,1787652120907440962,8228,4.067134,4.89405264107932,-3.211913477452549,30.01112958860214,-7.562566233163111,-2.834885029843864,1.56612481206915
left,10.3,1787652120921508096,1787652120917152194,8238,4.355902,4.888473546502021,-3.2367583753343827,29.88919387017355,-7.558549593280793,-2.824725197681645,1.5641165271480175
left,10.31,1787652120931508096,1787652120926989921,8244,4.518175,5.308728321691063,-3.198922965968461,30.095339555426268,-7.5412115700378815,-2.8075034889785897,1.54717340549062
left,10.32,1787652120941508096,1787652120936951076,8252,4.55702,5.559443247468203,-3.136995474071816,30.096572431095225,-7.515903530893556,-2.777300110215152,1.5047060851605103
left,10.33,1787652120951508096,1787652120946878538,8260,4.629558,5.710056528435271,-2.994609800168089,30.18165415999444,-7.462329632448471,-2.7284684191088298,1.4297524537004822
left,10.34,1787652120961508096,1787652120957053638,8268,4.454458,5.736131066098551,-2.7974817112219057,30.21956319356767,-7.403198889585632,-2.6729558015592065,1.351525663998654
left,10.35,1787652120971508096,1787652120967077266,8277,4.43083,5.853191519885435,-2.700101555935219,30.399309952414935,-7.385632843179022,-2.6554417702755897,1.3418337930677273
left,10.36,1787652120981508096,1787652120977085278,8285,4.422818,5.725007926171922,-2.8347564854957925,30.53286176631862,-7.422622224117787,-2.6931009246729367,1.425397644334919
left,10.37,1787652120991508096,1787652120986982068,8293,4.526028,5.640313433589236,-2.5690174958049146,30.617504009325394,-7.471215697679283,-2.739437508205061,1.502981484769273
left,10.38,1787652121001508096,1787652120997086033,8300,4.422063,5.542445747888766,-2.789833754237644,30.577839557154494,-7.516962983555182,-2.785185460420016,1.5886685143161043
left,10.39,1787652121011508096,1787652121007478549,8310,4.029547,5.447683428083491,-2.968665035989483,30.446153359305193,-7.577866498816817,-2.840665301241935,1.6845096514887292
left,10.4,1787652121021508096,1787652121017073893,8318,4.434203,5.497586427301085,-3.051794027383447,30.45469982336836,-7.6262010404608365,-2.8826069571118156,1.7601669472705992
left,10.41,1787652121031508096,1787652121027109705,8326,4.398391,5.639358465921522,-3.0095649209253392,30.56230249719485,-7.643411144298077,-2.8923683343185367,1.7911614232100916
left,10.42,1787652121041508096,1787652121036939570,8332,4.568526,5.548968630761278,-2.922539604999098,30.45769379076519,-7.640522407489174,-2.8896776756916074,1.7960193003439726
left,10.43,1787652121051508096,1787652121046903893,8343,4.604203,5.401620531227766,-2.8703289797806115,30.480972681496542,-7.631912106193625,-2.879752955985179,1.8033231332422623
left,10.44,1787652121061508096,1787652121056911147,8348,4.596949,5.320530548876403,-2.8124389580542637,30.588654551161945,-7.636804893529832,-2.8898119193799365,1.8404643605218491
left,10.45,1787652121071508096,1787652121066935287,8358,4.572809,5.154868854811002,-2.8981265658558684,30.790545610573382,-7.673317217973692,-2.929012450021987,1.9252968272051192
left,10.46,1787652121081508096,1787652121077090670,8366,4.417426,4.9676326211241255,-3.0362860264149503,30.96475435037058,-7.720790353777549,-2.969705314169401,2.0142725807278206
left,10.47,1787652121091508096,1787652121086878533,8372,4.629563,4.711676961811694,-3.614153992340498,30.992657914846408,-7.7747205028749615,-3.016944309149716,2.122251707086065
left,10.48,1787652121101508096,1787652121097021912,8380,4.486184,4.661155513700578,-3.3444374454619874,31.17627018962142,-7.80944926506314,-3.048289191720106,2.2003192239127896
left,10.49,1787652121111508096,1787652121107379450,8388,4.128646,4.414708810837758,-3.893491771735175,31.08324034632777,-7.839208488009344,-3.07668489398063,2.2615276067252603
left,10.5,1787652121121508096,1787652121116854970,8398,4.653126,4.285922985323214,-3.899208472899095,31.016100125994832,-7.8562298461887785,-3.0976056742689,2.2956026267103122
left,10.51,1787652121131508096,1787652121126964029,8407,4.544067,4.112608432094288,-3.973910398443586,31.034932409440014,-7.8794618616231205,-3.1216272287401994,2.3496591195462453
left,10.52,1787652121141508096,1787652121137148104,8412,4.359992,4.022749059281357,-3.971532851451251,30.59346638362102,-7.887147082049518,-3.1273409266531846,2.3572358904138597
left,10.53,1787652121151508096,1787652121147164494,8420,4.343602,3.934074387027049,-4.027266698382033,30.622052280075092,-7.894088149021835,-3.1352590359068193,2.3708797887901443
left,10.54,1787652121161508096,1787652121156944326,8428,4.56377,3.8440154043390082,-4.121712565510356,30.658355367622626,-7.901394752604238,-3.1453837770454056,2.393648550979102
left,10.55,1787652121171508096,1787652121166918970,8436,4.589126,3.6455349512475532,-4.165504319491066,30.510273753178037,-7.904422168390784,-3.1507768900566244,2.4067747210348913
left,10.56,1787652121181508096,1787652121176900308,8446,4.607788,3.5635392249285336,-4.239910940351539,30.966224449189188,-7.915701406198702,-3.1655447549116884,2.441729495125862
left,10.57,1787652121191508096,1787652121186927390,8453,4.580706,3.445843265886364,-4.292973623063794,30.644076586739143,-7.936082254730897,-3.180699261022241,2.4784137174625114
left,10.58,1787652121201508096,1787652121196943403,8460,4.564693,3.1260965666668095,-4.3866262287339755,30.73192190278485,-7.955466433945106,-3.201856277391924,2.5254588658710637
left,10.59,1787652121211508096,1787652121207351415,8469,4.156681,2.8443137393519136,-4.473051639818715,31.174959691432594,-7.968782066313837,-3.2220313550189195,2.5677155113754395
left,10.6,1787652121221508096,1787652121216927304,8476,4.580792,2.6504364872485455,-4.526999067093449,30.771928921637183,-7.984695185897064,-3.2345545071998236,2.597071820705856
left,10.61,1787652121231508096,1787652121226971417,8485,4.536679,2.4421840228327443,-4.547480261437613,30.820319973221093,-7.983458720433253,-3.2381245361382467,2.609968485514342
left,10.62,1787652121241508096,1787652121236971985,8493,4.536111,2.3338642833449086,-4.6268065311837985,31.292393083905047,-7.978652962328091,-3.2392338693452007,2.623457972611304
left,10.63,1787652121251508096,1787652121246900105,8500,4.607991,2.3876609803055078,-4.642130148987684,30.896054945913253,-7.9705417707834965,-3.231976665914405,2.6040580313232864
left,10.64,1787652121261508096,1787652121257071145,8508,4.436951,2.338631406257815,-4.6749054345023,30.92689316361896,-7.962098267546448,-3.2264191154561708,2.5983913891184076
left,10.65,1787652121271508096,1787652121267124168,8518,4.383928,2.077394328340131,-4.765339422841699,31.32956422275067,-7.974273619977582,-3.242467059206338,2.632537212044838
left,10.66,1787652121281508096,1787652121276965954,8525,4.542142,1.9742069475843274,-4.772174225961988,31.28297867005087,-7.970901339762476,-3.239644873592148,2.6330387841864
left,10.67,1787652121291508096,1787652121286910475,8535,4.597621,1.8994006207884369,-4.781489546642832,31.2300352004154,-7.961903947256726,-3.2328101979498154,2.6266158949113034
left,10.68,1787652121301508096,1787652121296978311,8540,4.529785,1.8907177226579421,-4.696931401890266,31.21544879312434,-7.944728092253488,-3.2165052960773233,2.5980534335014265
left,10.69,1787652121311508096,1787652121307516208,8548,3.991888,1.898577834650402,-4.621902856754737,31.22883925798447,-7.932182798027631,-3.2048274683782143,2.577735560951311
left,10.7,1787652121321508096,1787652121316897418,8557,4.610678,1.899846569949213,-4.555299103680779,31.244793249627495,-7.919743832098048,-3.193784901683819,2.5579981272333576
left,10.71,1787652121331508096,1787652121327035927,8564,4.472169,1.8857212803870582,-4.521544196311827,31.2854308218266,-7.911519125500167,-3.1872608337152455,2.5495212381131993
left,10.72,1787652121341508096,1787652121336855776,8574,4.65232,1.7398811104147693,-4.463050465660576,30.758170615258702,-7.904245925743622,-3.1762283774659643,2.517259663570081
left,10.73,1787652121351508096,1787652121346866937,8582,4.641159,1.8703958859572813,-4.415077122253048,31.063147904472782,-7.898375197656669,-3.171124255396087,2.5084043086538994
left,10.74,1787652121361508096,1787652121357016333,8590,4.491763,1.6815220041659167,-4.440296933951464,30.930700977451313,-7.899730912748922,-3.171975735925134,2.513294908197953
left,10.75,1787652121371508096,1787652121366978774,8598,4.529322,1.7498864935598373,-4.389804609150428,30.98062762607663,-7.890549883155433,-3.161669326741401,2.4979664433849647
left,10.76,1787652121381508096,1787652121377017122,8606,4.490974,1.9011070390339049,-4.3490682892389945,31.21554452063664,-7.8848708004409715,-3.157232307106704,2.4894477753299222
left,10.77,1787652121391508096,1787652121386874719,8614,4.633377,1.7126805518941526,-4.4245909520452225,31.1854104015722,-7.900337851765954,-3.1715193882565824,2.519245595203169
left,10.78,1787652121401508096,1787652121396949381,8620,4.558715,1.5231277425213468,-4.479271063693784,31.14879273965805,-7.910205873819855,-3.182316574644406,2.5402150992922365
left,10.79,1787652121411508096,1787652121407309150,8628,4.198946,1.4664756695574577,-4.440005082553162,31.129243500291068,-7.90560431103792,-3.180223803563834,2.5321868839854207
left,10.8,1787652121421508096,1787652121416925234,8637,4.582862,1.4596205997181955,-4.421711690360782,31.09194940799356,-7.903217007898424,-3.1761074153427558,2.526484655612382
left,10.81,1787652121431508096,1787652121426895267,8646,4.612829,1.3250011324743523,-4.47871442373495,31.478268392230706,-7.913616079641942,-3.1908932245805985,2.561197760395378
left,10.82,1787652121441508096,1787652121436947419,8654,4.560677,1.2542148492454663,-4.5081013327070485,31.443122999161584,-7.91600394429029,-3.192477708832792,2.56665310883113
left,10.83,1787652121451508096,1787652121446915056,8663,4.59304,1.2133224621115457,-4.503636414789527,31.43373179496134,-7.910882134765121,-3.18976448701918,2.5598539235562505
left,10.84,1787652121461508096,1787652121456919864,8669,4.588232,1.1847940414102678,-4.499549061297212,31.427302859248957,-7.910038915491381,-3.1881007182098253,2.559110410881409
left,10.85,1787652121471508096,1787652121467046859,8679,4.461237,1.1699189464686548,-4.483297062013778,31.394293840482092,-7.906522922647925,-3.1861506978579017,2.5531449830425643
left,10.86,1787652121481508096,1787652121476960312,8687,4.547784,1.1842640576229762,-4.463726247985656,31.379080761106934,-7.902615634920538,-3.18105188077414,2.545689498968136
left,10.87,1787652121491508096,1787652121487148634,8694,4.359462,1.2860203391458043,-4.369827130258475,31.020896146679547,-7.89443331777497,-3.168538784303892,2.5200102084926184
left,10.88,1787652121501508096,1787652121496946725,8700,4.561371,1.2938536748672216,-4.317287112193948,31.098689370319267,-7.8872548763529196,-3.1626148477837885,2.5086919864224506
left,10.89,1787652121511508096,1787652121506891502,8710,4.616594,1.3221431060538267,-4.256539517782467,31.16390399255777,-7.8767100818115345,-3.1542876739582146,2.4911228960535747
left,10.9,1787652121521508096,1787652121516912449,8718,4.595647,1.2730224012934626,-4.281735464732037,31.53598551010418,-7.880576904910541,-3.1578456812741065,2.506981993376823
left,10.91,1787652121531508096,1787652121526966743,8726,4.541353,1.2773275369631032,-4.255149201760217,31.451099496738237,-7.880368741514557,-3.155625139813772,2.499298179678976
left,10.92,1787652121541508096,1787652121537129518,8735,4.378578,1.1077301222096918,-4.261166520535836,31.213225756144993,-7.881581003352823,-3.1540190156667895,2.4972514843168008
left,10.93,1787652121551508096,1787652121546891189,8740,4.616907,1.1578507368485096,-4.242394942254442,31.226483886496258,-7.87852254851485,-3.1499688532991916,2.4925676792340017
left,10.94,1787652121561508096,1787652121557127883,8749,4.380213,1.404823953968524,-4.174335891947162,31.04946533005396,-7.871205325026067,-3.140608499896329,2.473149453695854
left,10.95,1787652121571508096,1787652121567094243,8757,4.413853,1.3527201888878047,-4.183639440324302,31.51294235194617,-7.8687427667291985,-3.1440436511850525,2.4792253112384817
left,10.96,1787652121581508096,1787652121576992327,8765,4.515769,1.4468926318804047,-4.127448617612928,31.147070191426412,-7.863644739925587,-3.1328258350758755,2.4562072507142445
left,10.97,1787652121591508096,1787652121587124620,8774,4.383476,1.3539572974256155,-4.161424299812597,31.57050417541125,-7.864359764963872,-3.1368868401939993,2.471045312182391
left,10.98,1787652121601508096,1787652121596875031,8781,4.633065,1.215659167539743,-4.13801010102353,30.919182360889845,-7.860764809973869,-3.1324082298101876,2.4526290028818316
left,10.99,1787652121611508096,1787652121607463926,8788,4.04417,1.1071622883231176,-4.175999809693876,31.357065169015012,-7.865655007712091,-3.141672863630421,2.4697483561759883
left,11.0,1787652121621508096,1787652121616861661,8796,4.646435,1.2979077412548667,-4.144649745690694,31.591786047975994,-7.860015224478546,-3.137841342564916,2.465232269601276
left,11.01,1787652121631508096,1787652121626997917,8805,4.510179,1.2643327773831523,-4.155054742432524,31.574582994168484,-7.863320412672538,-3.1382280405993717,2.469088806993132
left,11.02,1787652121641508096,1787652121636912193,8815,4.595903,1.2772813512999721,-4.129529525566463,31.56637492051547,-7.859634849196704,-3.135075130534511,2.458561320159162
left,11.03,1787652121651508096,1787652121646906600,8820,4.601496,1.3575185359484654,-4.071991670445986,31.180302360162404,-7.852738889997129,-3.124784951454494,2.4345241636849058
left,11.04,1787652121661508096,1787652121656959557,8828,4.548539,1.3164700731971424,-4.080610895708796,31.609634711682222,-7.85032741574641,-3.1243208597966703,2.4389739398543697
left,11.05,1787652121671508096,1787652121667095949,8836,4.412147,1.377713210563528,-4.045822555968111,31.603147276228597,-7.844539976050159,-3.115546353795404,2.4248213190712207
left,11.06,1787652121681508096,1787652121677200902,8847,4.307194,1.3052468009752962,-4.030389366503143,30.994266770860193,-7.841114725330019,-3.1076903934509668,2.410056677389165
left,11.07,1787652121691508096,1787652121686930176,8852,4.57792,1.2443056100172611,-4.066403962395688,31.368471848233586,-7.845793282786265,-3.113769323801794,2.4260901464676916
left,11.08,1787652121701508096,1787652121697118445,8862,4.389651,1.4246306184946425,-4.022411726105493,31.545774356503244,-7.8387290449403615,-3.108842866816884,2.41562610850652
left,11.09,1787652121711508096,1787652121706922522,8868,4.585574,1.329472935283682,-3.9988951724857316,30.938233199746,-7.835373524152726,-3.1021756532171985,2.3975684861751057
left,11.1,1787652121721508096,1787652121717028645,8876,4.479451,1.2944188187962709,-4.0145798748512,31.34856673137912,-7.835048624492213,-3.1069407514814564,2.405904618647512
left,11.11,1787652121731508096,1787652121726897023,8886,4.611073,1.2754083642201095,-4.013964574352556,31.347827129672034,-7.834412259042578,-3.1082869263459916,2.4056946799164582
left,11.12,1787652121741508096,1787652121737166063,8895,4.342033,1.5764344358806759,-3.934351073270528,31.211857573872187,-7.823928652902964,-3.0926771244564497,2.3802514515906603
left,11.13,1787652121751508096,1787652121746913362,8901,4.594734,1.2702778731203601,-4.030067424445515,31.447775290255766,-7.835306911636581,-3.1068655112555597,2.4123937356500798
left,11.14,1787652121761508096,1787652121757091446,8910,4.41665,1.427333702526691,-4.005726708670872,31.618122775805976,-7.833266047001198,-3.104989806938695,2.4095819053735923
left,11.15,1787652121771508096,1787652121766882076,8916,4.62602,1.3601408573608729,-3.976875207747325,30.989450930641883,-7.830233990284709,-3.0954220766028024,2.3887575836135717
left,11.16,1787652121781508096,1787652121776956447,8927,4.551649,1.5179842869494027,-3.9512823714266943,31.25672410785235,-7.826348524901162,-3.091190459696757,2.3859361080995902
left,11.17,1787652121791508096,1787652121786880056,8933,4.62804,1.3209024233146882,-3.9624707149746112,31.059057718605064,-7.824769108508092,-3.090099573394455,2.3825813024124156
left,11.18,1787652121801508096,1787652121796855777,8941,4.652319,1.202189199045277,-4.0017839257845,31.45784147751826,-7.827400316665155,-3.0991461846872923,2.3999227388521143
left,11.19,1787652121811508096,1787652121807088733,8949,4.419363,1.4060204416659343,-3.9558042855988518,31.66655685800899,-7.820314672122533,-3.0931174542608266,2.3893078609139478
left,11.2,1787652121821508096,1787652121816894497,8957,4.613599,1.2652930440176617,-3.951203577511056,31.493834352658396,-7.816156111710386,-3.0906030510005236,2.3805476974976942
left,11.21,1787652121831508096,1787652121826978751,8965,4.529345,1.5022002840133462,-3.89887476500373,31.31483266959892,-7.812378825407163,-3.0840774483481415,2.3664109761444223
left,11.22,1787652121841508096,1787652121836904314,8972,4.603782,1.2202555348733828,-3.963714092567084,31.49795571126858,-7.818690917544812,-3.0932383443162568,2.3858986744284114
left,11.23,1787652121851508096,1787652121846919936,8981,4.58816,1.2119974037550216,-3.9721652524166333,31.47936571440914,-7.821175328033096,-3.095180660660744,2.389216255948248
left,11.24,1787652121861508096,1787652121857062198,8989,4.445898,1.464558370265967,-3.9072259246948238,31.278791611193785,-7.814804102038977,-3.086843895442474,2.3694504208695513
left,11.25,1787652121871508096,1787652121866999712,8998,4.508384,1.5027734755987243,-3.9075495583160142,31.280995408313427,-7.81671975671488,-3.0849918049905316,2.369596806011306
left,11.26,1787652121881508096,1787652121876987982,9005,4.520114,1.3691883160936422,-3.9068482967877696,31.106872576698592,-7.814085382490411,-3.0812164168268827,2.362212880658114
left,11.27,1787652121891508096,1787652121886881976,9013,4.62612,1.4742558178872618,-3.906501081653221,31.762850560629527,-7.810711943701746,-3.0830763777927137,2.3714120213284273
left,11.28,1787652121901508096,1787652121896833186,9022,4.67491,1.2953289737327516,-3.9111836068256114,31.54392382355563,-7.807958978084022,-3.081108868945698,2.3651406838713336
left,11.29,1787652121911508096,1787652121907447441,9030,4.060655,1.3539235087713113,-3.8742540056031056,31.16898583268537,-7.8041077515968755,-3.0736545590617173,2.3494687092014486
left,11.3,1787652121921508096,1787652121916883658,9038,4.624438,1.4289900963772646,-3.8925697513321205,31.821420547317455,-7.8051006359654655,-3.079549947467597,2.3660030512453045
left,11.31,1787652121931508096,1787652121926857341,9046,4.650755,1.2404924509515558,-3.9138879916385974,31.580504295235162,-7.806664123105181,-3.0811753245258293,2.3664832478644953
left,11.32,1787652121941508096,1787652121936935767,9055,4.572329,1.2140128417866327,-3.926026320114198,31.538602214818184,-7.809071134394655,-3.0828369205254074,2.3709815557752525
left,11.33,1787652121951508096,1787652121946995582,9061,4.512514,1.3126302466581525,-3.8855742882785607,31.098242523569496,-7.8032973794428475,-3.075596224221865,2.353254810068903
left,11.34,1787652121961508096,1787652121957036978,9069,4.471118,1.43849573755397,-3.9164158390855857,31.739680074487044,-7.80909071360044,-3.0821829201697675,2.3745381673419046
left,11.35,1787652121971508096,1787652121967065100,9079,4.442996,1.4347168682051543,-3.9163311718089955,31.6716727703365,-7.809665915515741,-3.0838756605637716,2.373691868902295
left,11.36,1787652121981508096,1787652121976904501,9085,4.603595,1.3589083377686333,-3.8877324524629455,31.049877915206633,-7.8054989007361035,-3.0749952901166573,2.352846873697856
left,11.37,1787652121991508096,1787652121986919674,9094,4.588422,1.5250886641773787,-3.8622637068797587,31.3506078162856,-7.804139964645266,-3.0740745096977324,2.3550511815698556
left,11.38,1787652122001508096,1787652121996863632,9101,4.644464,1.4967970453585642,-3.8439580850404074,31.361261014168132,-7.801971561173357,-3.0734292351432897,2.3504101286808123
left,11.39,1787652122011508096,1787652122006906799,9109,4.601297,1.1902022065659759,-3.9320514359878302,31.52398491750518,-7.812379766385296,-3.0877826323650854,2.37682095399567
left,11.4,1787652122021508096,1787652122016912443,9117,4.595653,1.2368820253570045,-3.9122888073355933,31.506938398509877,-7.806900394539577,-3.0835953532507396,2.367574020013712
left,11.41,1787652122031508096,1787652122026946267,9126,4.561829,1.4445384506683916,-3.8768568892476325,31.680806992804992,-7.801569153921445,-3.077103151631059,2.3599680276253068
left,11.42,1787652122041508096,1787652122036936041,9133,4.572055,1.274758684781245,-3.8859542565782186,31.437969621061686,-7.799767807782015,-3.076326074453884,2.3552275106577136
left,11.43,1787652122051508096,1787652122046881312,9141,4.626784,1.5545992082057036,-3.804867739398128,31.23406899007707,-7.792322764570454,-3.065250306593125,2.3324848122746027
left,11.44,1787652122061508096,1787652122056929673,9150,4.578423,1.5472317803673494,-3.793126394170396,31.289739608740938,-7.7948059326969465,-3.0693132518629627,2.3390344224393758
left,11.45,1787652122071508096,1787652122066950613,9158,4.557483,1.36091776687742,-3.806829211677047,31.146312456197577,-7.799113271321876,-3.072948922605618,2.3460122625966577
left,11.46,1787652122081508096,1787652122076951670,9164,4.556426,1.350168052537551,-3.837646591860451,31.136582605247096,-7.805341297472772,-3.078164657924293,2.3563405526131316
left,11.47,1787652122091508096,1787652122086871095,9172,4.637001,1.5011151125453859,-3.8209720403726637,31.3444458104311,-7.802352475866758,-3.075718381587767,2.3543989222104895
left,11.48,1787652122101508096,1787652122096859542,9180,4.648554,1.2556343039060123,-3.865094325819682,31.518783484988013,-7.802638969589292,-3.0791238905372715,2.3635342253997202
left,11.49,1787652122111508096,1787652122106974200,9189,4.533896,1.285924291488843,-3.839775935980478,31.496230661287278,-7.799340273997144,-3.0755126238567847,2.3569072119399066
left,11.5,1787652122121508096,1787652122116858467,9196,4.649629,1.5332331651684412,-3.7650367896307846,31.25575648463983,-7.790507783370941,-3.066620519286337,2.3316245457819966
left,11.51,1787652122131508096,1787652122126942837,9204,4.565259,1.254852448189734,-3.8146394872528493,31.45490285556833,-7.797246859705477,-3.0752146722933578,2.351567204675014
left,11.52,1787652122141508096,1787652122137097980,9213,4.410116,1.522831339772714,-3.734341258667036,31.300596093465874,-7.792753940683012,-3.064177059500036,2.3307247094928636
left,11.53,1787652122151508096,1787652122147108880,9221,4.399216,1.2550321454292033,-3.7852687386228485,31.52526293181693,-7.801781656935274,-3.0739502964389986,2.353053160252668
left,11.54,1787652122161508096,1787652122157021205,9229,4.486891,1.397695049117771,-3.770991755782439,31.69370444823228,-7.803858225120294,-3.079376111761997,2.3611247097494314
left,11.55,1787652122171508096,1787652122166968379,9239,4.539717,1.415413456982868,-3.7432579549467033,31.62929947065271,-7.7944260866044,-3.073434547225329,2.3447345737604124
left,11.56,1787652122181508096,1787652122176934428,9246,4.573668,1.5322551263226192,-3.693487460618448,31.203909224286473,-7.783717761285064,-3.060582132459305,2.315129251104147
left,11.57,1787652122191508096,1787652122186954367,9252,4.553729,1.4156031733942842,-4.149664697810041,31.66291287642928,-7.794211098379694,-3.071299092427413,2.342996581216049
left,11.58,1787652122201508096,1787652122197105433,9262,4.402663,1.2317309674195234,-3.738334431311741,31.444134982025588,-7.802521910677777,-3.0767405522476476,2.3529182616135986
left,11.59,1787652122211508096,1787652122207067005,9271,4.441091,1.4234626404532855,-4.066680045055639,31.63435785398638,-7.794520398791151,-3.0729108679929844,2.342126311633856
left,11.6,1787652122221508096,1787652122217078648,9276,4.429448,1.189780608614823,-4.005933916005917,31.397547195382526,-7.791806407886657,-3.070430998898697,2.336967774548457
left,11.61,1787652122231508096,1787652122226886101,9284,4.621995,1.4842437249066969,-3.83246763649944,31.26449757630233,-7.7740036455949415,-3.044638045876356,2.286739433060931
left,11.62,1787652122241508096,1787652122237173926,9292,4.33417,1.647488323195487,-3.3041873056899886,31.37655251843847,-7.774967749866487,-3.0234781507660795,2.237476028711564
left,11.63,1787652122251508096,1787652122246893952,9301,4.614144,1.5117659021451746,-3.3051098514092994,31.190095445755436,-7.764621065558865,-3.0177002710095833,2.235859014767533
left,11.64,1787652122261508096,1787652122256915718,9308,4.592378,1.5104541019207682,-3.336345884934475,31.25922905095575,-7.762388099221362,-3.0145883381529073,2.2257021009271396
left,11.65,1787652122271508096,1787652122266991628,9316,4.516468,1.7794932586675298,-3.2542237186594765,31.542641674890323,-7.752507455991115,-3.0052238938912526,2.219139427022726
left,11.66,1787652122281508096,1787652122277045628,9326,4.462468,1.446753045533206,-3.2913182095305435,31.725207799189615,-7.752677036862863,-3.007698949308015,2.2271320412114
left,11.67,1787652122291508096,1787652122286878402,9332,4.629694,1.7181827589267158,-3.100169319995394,31.88179007284716,-7.721797690137362,-2.9783472256750834,2.1691425712533077
left,11.68,1787652122301508096,1787652122296881443,9342,4.626653,1.9095237513793342,-2.9352255833875054,31.4633391216289,-7.706020344805964,-2.9601316891033562,2.1299523699103897
left,11.69,1787652122311508096,1787652122306957235,9350,4.550861,1.63803893998118,-2.948411753997899,31.27903415066157,-7.7097593044632315,-2.9639907331684654,2.1300458737417967
left,11.7,1787652122321508096,1787652122316915064,9359,4.593032,1.6469248115009025,-2.944930578371964,31.409777229744527,-7.715950218750708,-2.9626241120682604,2.127464815853466
left,11.71,1787652122331508096,1787652122327077804,9364,4.430292,1.6108828452693018,-2.9230801853894226,31.838324217829474,-7.709422934894828,-2.9647788051739177,2.1338039329653817
left,11.72,1787652122341508096,1787652122336887800,9372,4.620296,1.791164362853757,-2.8501974698827994,32.01490416999882,-7.699883074703171,-2.9491040161032025,2.1139601284370126
left,11.73,1787652122351508096,1787652122346951933,9382,4.556163,1.8459988983168856,-2.7821743553138525,31.958857894829812,-7.687931396539188,-2.9381465259584596,2.0880015712943583
left,11.74,1787652122361508096,1787652122357051172,9388,4.456924,1.7828253968053243,-2.820375516904698,31.90028590472747,-7.693541792961434,-2.9474932780922964,2.1038904505937195
left,11.75,1787652122371508096,1787652122366924718,9398,4.583378,1.8044630704867015,-2.8025840750715227,31.866997375743143,-7.691807034593543,-2.9467431849022248,2.0984711211374614
left,11.76,1787652122381508096,1787652122377398876,9407,4.10922,1.6372081019906413,-2.7812438368154835,31.708446207043767,-7.68369376856237,-2.9370408059639486,2.083225271933165
left,11.77,1787652122391508096,1787652122386872398,9412,4.635698,1.7087800038504024,-2.720653866748852,31.386501900117135,-7.674750988495472,-2.926436690423995,2.05947287631938
left,11.78,1787652122401508096,1787652122396885571,9421,4.622525,1.8023222986823728,-2.709477620642166,32.02516967273818,-7.669876262544123,-2.927548849630462,2.0645522436810415
left,11.79,1787652122411508096,1787652122406970788,9431,4.537308,1.8566581542893243,-2.997040492663998,31.956328610266574,-7.656682203908521,-2.9158600149731617,2.039273419879437
left,11.8,1787652122421508096,1787652122416888013,9439,4.620083,1.7992732985383666,-2.544181739008521,31.90617775561566,-7.660589321491513,-2.920947929592085,2.0487651395828084
left,11.81,1787652122431508096,1787652122426914788,9446,4.593308,1.6137097507204725,-2.590161456117502,31.677504869105764,-7.666551678133857,-2.926511744417682,2.059228991551928
left,11.82,1787652122441508096,1787652122436947264,9452,4.560832,1.6195007605928067,-2.6468622236601735,31.69092918838985,-7.670072522068587,-2.9309042580758984,2.063468429859323
left,11.83,1787652122451508096,1787652122446911608,9460,4.596488,1.9128095492679886,-2.6039253016787667,31.571785362766338,-7.664212661647749,-2.922253640933005,2.044246591337521
left,11.84,1787652122461508096,1787652122456960620,9470,4.547476,1.617939802779745,-2.713398070422172,31.74194527282358,-7.677138882824818,-2.937518418239926,2.0741997458761476
left,11.85,1787652122471508096,1787652122466972074,9476,4.536022,1.9596937730177646,-2.610598859806694,31.53647186122145,-7.661499727290603,-2.9170394408727844,2.03447959559924
left,11.86,1787652122481508096,1787652122476953318,9485,4.554778,1.8614923267751342,-2.687169573532107,31.939677233234573,-7.672060309823114,-2.9261545172010424,2.062539940857769
left,11.87,1787652122491508096,1787652122486907161,9492,4.600935,1.6292542378926662,-2.6919520146934266,31.741457946094133,-7.673100473954557,-2.92846020174727,2.0657449146490747
left,11.88,1787652122501508096,1787652122496892166,9500,4.61593,1.7663566761050151,-2.610753321369594,31.351190910767627,-7.661591825777299,-2.913786601972781,2.038867419908017
left,11.89,1787652122511508096,1787652122507069309,9509,4.438787,1.7779461619951775,-2.608449504957381,31.369794859581926,-7.6573547425614805,-2.910141473130305,2.03110334457085
left,11.9,1787652122521508096,1787652122516985297,9516,4.522799,1.9857413537146025,-2.5384036780771675,31.61601436894365,-7.649852597944198,-2.9030759482295005,2.018169738985027
left,11.91,1787652122531508096,1787652122526880844,9524,4.627252,1.7608606221646779,-2.5905213169902264,31.450976186722176,-7.656137711451008,-2.9109273292974365,2.0291622926835133
left,11.92,1787652122541508096,1787652122536841364,9533,4.666732,1.9678199125873335,-2.538547449331068,31.721929545037256,-7.651632782615769,-2.9077523295329453,2.0230263660207113
left,11.93,1787652122551508096,1787652122546866838,9542,4.641258,1.6779229096618815,-3.0017318636252277,31.901745889267602,-7.658632025387757,-2.9211773987555993,2.0508472446044883
left,11.94,1787652122561508096,1787652122556963906,9549,4.54419,1.891497335081531,-2.9188435138925284,32.031328348167236,-7.655810842455276,-2.9165875360502636,2.0403701163110464
left,11.95,1787652122571508096,1787652122566868760,9558,4.639336,1.913269504477726,-2.439829593864724,31.954482927151666,-7.6496211929100975,-2.9069364120976564,2.028181644756949
left,11.96,1787652122581508096,1787652122577093802,9564,4.414294,1.99472578856805,-2.395060123706763,31.565305105003485,-7.6440460776353865,-2.894148009841861,2.002549143411735
left,11.97,1787652122591508096,1787652122587150877,9572,4.357219,2.003428499041601,-2.3815432619307124,31.63335848537124,-7.6411191469643995,-2.8909925362949256,1.9944441902063272
left,11.98,1787652122601508096,1787652122597043199,9582,4.464897,1.8098599574958592,-2.4251581943958134,31.49210852627169,-7.645691557621657,-2.895540392401317,2.0035118650419483
left,11.99,1787652122611508096,1787652122606971833,9588,4.536263,1.6885464554842167,-2.508739773271069,31.952620223677997,-7.656908028200694,-2.9097481343710854,2.038280401189063
left,12.0,1787652122621508096,1787652122617100673,9598,4.407423,1.8903630021791982,-2.471884395513993,32.13794110243389,-7.651129278851283,-2.9045603598901755,2.0302459541600606
left,12.01,1787652122631508096,1787652122626916331,9604,4.591765,1.7036103832810168,-2.8461199523782255,31.837027522680643,-7.652606009475814,-2.9084117579672517,2.034273570698413
left,12.02,1787652122641508096,1787652122636881630,9612,4.626466,1.711541617736286,-2.712312470969591,31.79844796277942,-7.645422653225614,-2.8997714406342423,2.0204726977923912
left,12.03,1787652122651508096,1787652122647151335,9620,4.356761,1.9893584664955528,-2.208718258573562,31.620174492544404,-7.634737094875728,-2.883201905497361,1.990729560175828
left,12.04,1787652122661508096,1787652122657120594,9631,4.387502,1.6426527073305999,-2.356344599312126,31.852584925536664,-7.646565993845528,-2.900432591496772,2.023562557660574
left,12.05,1787652122671508096,1787652122666859327,9639,4.648769,1.7132801085768035,-2.335491789737895,31.896922049211124,-7.633044591333743,-2.8902479611451355,2.0010040465366443
left,12.06,1787652122681508096,1787652122677135452,9646,4.372644,1.982834105456032,-2.2873357694566403,31.704142267348008,-7.625709509975454,-2.8787557173522114,1.9776915506160966
left,12.07,1787652122691508096,1787652122686927004,9652,4.581092,1.8717566037555875,-2.3330935307832164,32.062430506212415,-7.626344446743727,-2.8844133111829784,1.9887523988209592
left,12.08,1787652122701508096,1787652122696899804,9661,4.608292,1.8751706507741637,-2.3198855493560275,31.994795047951996,-7.620594401679755,-2.879699885461216,1.976836556334438
left,12.09,1787652122711508096,1787652122706930341,9671,4.577755,1.6877014437073639,-2.699239722792425,31.7537814815328,-7.621921905048026,-2.882268834638161,1.978024527834163
left,12.1,1787652122721508096,1787652122716976863,9676,4.531233,1.995056216849336,-2.170007552803704,31.60999221539906,-7.611734089883779,-2.8693893223132356,1.9514060474807817
left,12.11,1787652122731508096,1787652122726915959,9684,4.592137,1.7648733983210347,-2.6672478494567744,31.83781869936233,-7.622713277193551,-2.881117467722653,1.980897142015885
left,12.12,1787652122741508096,1787652122736898768,9692,4.609328,1.9157624136911233,-2.2772462889305376,31.96841582671068,-7.630430565227546,-2.8849361996763383,1.993193752093639
left,12.13,1787652122751508096,1787652122746893456,9700,4.61464,1.92000959989023,-2.3252220152175034,31.92464607740722,-7.638375505211517,-2.886447268236842,1.9999593801384996
left,12.14,1787652122761508096,1787652122757056841,9709,4.451255,1.9718739575853081,-2.2747555969930455,31.522955911824646,-7.633397021755625,-2.879425728716134,1.9788338485176824
left,12.15,1787652122771508096,1787652122767147729,9717,4.360367,1.760911883596347,-2.262126288380313,31.39286193564654,-7.634881780614624,-2.883370319236475,1.9801811936814453
left,12.16,1787652122781508096,1787652122777007524,9724,4.500572,1.6998368638541503,-2.336987835511265,31.83777470136902,-7.637609763275495,-2.8917772440333787,2.0028934418536175
left,12.17,1787652122791508096,1787652122786904776,9732,4.60332,1.897996567055052,-2.3029018555108536,32.05949362671935,-7.636246025090542,-2.8864952797664927,1.9988300272977553
left,12.18,1787652122801508096,1787652122797105315,9741,4.402781,1.8669389271768209,-2.689964984098239,32.063446257027785,-7.636874799121434,-2.8878074483865523,2.003663015924928
left,12.19,1787652122811508096,1787652122807031713,9748,4.476383,1.6879826858689349,-2.65312302427855,31.831252518460477,-7.6350621377295536,-2.88869724155927,2.0024334801834898
left,12.2,1787652122821508096,1787652122816882789,9758,4.625307,1.7153343618431198,-2.1956070527238687,31.803130557309533,-7.630409649521554,-2.8861622900492963,1.99766585945715
left,12.21,1787652122831508096,1787652122827277113,9765,4.230983,1.9573895154642262,-2.1362499920325044,31.629392331062213,-7.627109311210446,-2.878126673101697,1.9763471898815181
left,12.22,1787652122841508096,1787652122836869754,9774,4.638342,1.7992250857478889,-2.1400968436711283,31.473148799727355,-7.6222738690952365,-2.8736075206907303,1.9651055881653936
left,12.23,1787652122851508096,1787652122847013173,9780,4.494923,1.8344001257160183,-2.1094332663657225,31.525040930460293,-7.611014080747827,-2.8650025515683737,1.9469777827546144
left,12.24,1787652122861508096,1787652122857222843,9788,4.285253,1.9306563375800434,-2.1366729383655096,32.15058352862301,-7.615612404796586,-2.8673600923166482,1.9620072920094902
left,12.25,1787652122871508096,1787652122866890464,9796,4.617632,2.007364320589506,-2.0756327676724298,31.709613009201934,-7.603915824138056,-2.8544747845415293,1.9317720013986197
left,12.26,1787652122881508096,1787652122877158902,9804,4.349194,1.7142793096711033,-2.1727985157214658,31.90345717816614,-7.6173779483236395,-2.8676042139141424,1.9622267369136235
left,12.27,1787652122891508096,1787652122886886785,9813,4.621311,1.705822408503416,-2.534195218186606,31.91937753025391,-7.617600381799023,-2.8711074575256728,1.9699103682057417
left,12.28,1787652122901508096,1787652122897139620,9820,4.368476,1.9875129492557488,-2.3740460856334806,31.705454289412145,-7.615026910498693,-2.861834252161077,1.9486292549212936
left,12.29,1787652122911508096,1787652122906998470,9829,4.509626,1.766672964941176,-1.9988461717856114,31.477735458191315,-7.621161010282092,-2.865879989940071,1.958719359617033
left,12.3,1787652122921508096,1787652122916878631,9837,4.629465,1.7672186191944323,-2.0554261711682322,31.529901518816516,-7.624419081446506,-2.8667105381721196,1.9613930754903048
left,12.31,1787652122931508096,1787652122926904979,9844,4.603117,1.775716978511334,-2.075061537576425,31.614885202082107,-7.620980278442559,-2.8657140050475123,1.9548259002290087
left,12.32,1787652122941508096,1787652122936913508,9854,4.594588,1.9452807634525242,-2.0554973124511813,31.868055637577804,-7.613697616159023,-2.85852125079703,1.9434630391914929
left,12.33,1787652122951508096,1787652122947088393,9861,4.419703,1.6859498311884562,-2.066209876191733,32.056605489944225,-7.602707786532779,-2.853457221600329,1.9332167340401578
left,12.34,1787652122961508096,1787652122957303677,9870,4.204419,1.7531762563987516,-2.3656130903728467,32.01407834424184,-7.587743128667029,-2.842661461211746,1.911742337312323
left,12.35,1787652122971508096,1787652122966983155,9877,4.524941,2.031895922570826,-1.798033099079287,31.810628057962038,-7.572453307500633,-2.8249819553951463,1.8749661544248393
left,12.36,1787652122981508096,1787652122977085579,9887,4.422517,2.0004324163038216,-1.7896683355052967,31.808594589820533,-7.574550591311623,-2.824347679412715,1.8758088948370297
left,12.37,1787652122991508096,1787652122986884867,9892,4.623229,1.7875329165683145,-1.8429153352112102,31.644262668819728,-7.581455872274214,-2.830622079883997,1.885532612432279
left,12.38,1787652123001508096,1787652122996881871,9903,4.626225,1.7665719852426272,-1.8871733773038386,31.71818620918468,-7.582570232965185,-2.8326417875537766,1.890303717616001
left,12.39,1787652123011508096,1787652123006908430,9908,4.599666,1.6757388775784945,-1.9513880382768098,32.15903597008065,-7.5826022640579875,-2.838285830773466,1.9037123191040424
left,12.4,1787652123021508096,1787652123016910562,9918,4.597534,1.8605313886728778,-1.9607546742291337,32.3020351750151,-7.583607503318872,-2.83596186126462,1.904479017148577
left,12.41,1787652123031508096,1787652123026880807,9924,4.627289,1.8347943277131138,-2.3351988205601018,32.205769517989744,-7.58027109718781,-2.834101850523002,1.9088283197706988
left,12.42,1787652123041508096,1787652123036915240,9932,4.592856,1.942746006629367,-1.7903192313822331,31.754961961293702,-7.569502046314525,-2.819388626977224,1.8717574747109047
left,12.43,1787652123051508096,1787652123047115102,9942,4.392994,1.7603169627953283,-1.8283691122755215,31.58384907665136,-7.5729470574779105,-2.823052798007269,1.8733027338515569
left,12.44,1787652123061508096,1787652123057227555,9950,4.280541,1.783174769495016,-1.861105060764555,31.67990758851186,-7.5718874029716705,-2.822895107319405,1.8710523567966852
left,12.45,1787652123071508096,1787652123067125644,9959,4.382452,2.0004237449394684,-2.2342298489276953,31.947278533842884,-7.566948507623172,-2.818929049871741,1.865989308438422
left,12.46,1787652123081508096,1787652123077214289,9966,4.293807,1.9008043233382586,-1.8379715067709899,32.335782140035434,-7.571357882253523,-2.8256417136777996,1.8833579761012298
left,12.47,1787652123091508096,1787652123086917306,9973,4.59079,1.8856948373825788,-2.207211129614432,32.241567472896726,-7.5670731958637045,-2.8229062289537588,1.8756197754891313
left,12.48,1787652123101508096,1787652123096870765,9982,4.637331,1.796025689472964,-2.149484426466194,31.578157187684177,-7.567579731699491,-2.8174628411392115,1.8621426333724864
left,12.49,1787652123111508096,1787652123106919354,9989,4.588742,1.740620543856581,-1.7384768156668187,31.988551574503774,-7.569510121604601,-2.824340667042372,1.8789744768842005
left,12.5,1787652123121508096,1787652123116967925,9997,4.540171,2.022905099019752,-1.7045365116817957,31.786743939687327,-7.564668717026638,-2.813059088010144,1.8560708847782592
left,12.51,1787652123131508096,1787652123127131284,10004,4.376812,1.9944256142930543,-2.116639014421784,31.825347177444325,-7.563970383951906,-2.8115638418272964,1.8543003062820422
left,12.52,1787652123141508096,1787652123136886646,10013,4.62145,1.8601197477482172,-1.7866258860572337,32.22681448405373,-7.576151086309772,-2.8246809536326074,1.8870063997034983
left,12.53,1787652123151508096,1787652123146962469,10020,4.545627,1.7535646479753295,-1.8557264165785587,31.573328505421475,-7.581437384126182,-2.8245038442897332,1.883094916272386
left,12.54,1787652123161508096,1787652123157474764,10029,4.033332,1.6821010938317464,-1.9384798665504004,31.985452886046104,-7.594441344551102,-2.8403701145301197,1.9130700502907985
left,12.55,1787652123171508096,1787652123166856480,10036,4.651616,1.9554653982170602,-1.9021218147459606,31.780995181152136,-7.5927208147353,-2.833080438887502,1.9013868009182517
left,12.56,1787652123181508096,1787652123176977618,10046,4.530478,1.8505780302912795,-2.375324298252759,32.15183735965827,-7.599803165178868,-2.843856173135343,1.9263953890533678
left,12.57,1787652123191508096,1787652123187086286,10054,4.42181,1.6723479788180942,-2.322889535167766,31.91606683454249,-7.5967728481897385,-2.84530590695835,1.9238995448894076
left,12.58,1787652123201508096,1787652123196911588,10063,4.596508,1.8801085653744092,-1.8591031120957213,32.12868664572161,-7.597242118899289,-2.8438266542723696,1.9252450183044887
left,12.59,1787652123211508096,1787652123206910902,10069,4.597194,1.7558864883607448,-2.22320989899311,31.546640499747824,-7.596863552564767,-2.8397969555311127,1.9108329971608073
left,12.6,1787652123221508096,1787652123217045998,10078,4.462098,1.7454745956149256,-1.8045567087099836,31.609043759698615,-7.599064043346023,-2.840652392094273,1.9149342101218323
left,12.61,1787652123231508096,1787652123227179701,10087,4.328395,1.9198765513710703,-1.8195231259191411,31.856810413195927,-7.592147553065611,-2.8364487992693856,1.9065065302728224
left,12.62,1787652123241508096,1787652123236940928,10094,4.567168,1.6636495004386378,-2.3319363976864302,31.6740152493335,-7.602743436501736,-2.846146617994843,1.9277936424750863
left,12.63,1787652123251508096,1787652123247063374,10100,4.444722,1.5850241281184523,-1.9698397037779414,32.093424279952444,-7.601971329710883,-2.852058880057962,1.9423033310424085
left,12.64,1787652123261508096,1787652123257423171,10110,4.084925,1.9232287734875495,-2.2858652698264974,31.859297529258487,-7.587719783322042,-2.8370410928827097,1.906249999842194
left,12.65,1787652123271508096,1787652123266932020,10118,4.576076,1.6693011874016537,-2.268614590404411,32.05925527917549,-7.586418392856359,-2.8418067164811047,1.911719622194317
left,12.66,1787652123281508096,1787652123277039052,10126,4.469044,1.9693040890366316,-1.7322398023635954,31.845391784392813,-7.576579577101086,-2.825160005632986,1.8765832428383413
left,12.67,1787652123291508096,1787652123286922908,10134,4.585188,1.6807150690962434,-2.2051013153725694,32.025320285930185,-7.582122570802484,-2.8348881862301694,1.8974357175718959
left,12.68,1787652123301508096,1787652123297112850,10142,4.395246,1.7587231150092673,-1.7636360379948763,31.622051303990702,-7.584058103065859,-2.832172302887197,1.8889271668414653
left,12.69,1787652123311508096,1787652123306892947,10150,4.615149,1.7861976209855792,-1.785961367711183,31.673811886140165,-7.58210564926925,-2.830501178723609,1.88647496909544
left,12.7,1787652123321508096,1787652123316990873,10156,4.517223,1.7058643183374058,-1.902011027895628,32.10025745429097,-7.58833835428966,-2.8401164376059915,1.909188724849635
left,12.71,1787652123331508096,1787652123327466094,10164,4.042002,1.9660533395335076,-2.2333742639272725,31.850151669535716,-7.581043301117177,-2.830222836314647,1.8869809607802497
left,12.72,1787652123341508096,1787652123336862154,10173,4.645942,1.9213832518657932,-2.2233620921619948,31.841057729679957,-7.581208659220592,-2.8309934185900643,1.8890149844799964
left,12.73,1787652123351508096,1787652123346892133,10182,4.615963,1.6131232383988547,-2.251618694904593,32.01384962333297,-7.589858320640802,-2.845482846514604,1.9183188511115967
left,12.74,1787652123361508096,1787652123357502092,10189,4.006004,1.6509657408636091,-2.1629780763509516,31.99891698024012,-7.58532601467621,-2.841586299995421,1.9095742991828732
left,12.75,1787652123371508096,1787652123366926606,10197,4.58149,1.8334286688604988,-2.0567911310608897,32.2075248230297,-7.576828426751548,-2.834139670969363,1.896276333488979
left,12.76,1787652123381508096,1787652123377134714,10207,4.373382,1.9003245488008824,-1.6345487737541378,31.821944643227404,-7.575797218284141,-2.825294613001817,1.8775541542251601
left,12.77,1787652123391508096,1787652123386911547,10212,4.596549,1.8897313709029497,-1.7144381262045651,31.854139463839267,-7.576582800114538,-2.827190721752059,1.8796354905265318
left,12.78,1787652123401508096,1787652123396900021,10220,4.608075,1.6978543740018668,-1.834083490166012,31.65865290461187,-7.582807131889471,-2.8340406408482055,1.8897989832464515
left,12.79,1787652123411508096,1787652123406962622,10229,4.545474,1.7239265896254052,-1.8652203742582365,31.713480797910666,-7.5801091165565335,-2.8323774255335588,1.8863672479281735
left,12.8,1787652123421508096,1787652123416896327,10239,4.611769,1.6630000836283576,-2.3047844133940103,32.1154910908129,-7.58428403233629,-2.840113369986657,1.9094427924402346
left,12.81,1787652123431508096,1787652123427154862,10245,4.353234,1.8680936673468267,-2.185893420848484,32.25575383751142,-7.581285924029948,-2.836389499485011,1.9008816953350192
left,12.82,1787652123441508096,1787652123436947801,10252,4.560295,1.9107981749694518,-2.1064356345828585,32.193563219045735,-7.577290353211356,-2.829576824402883,1.8895779251895497
left,12.83,1787652123451508096,1787652123446883781,10262,4.624315,1.7640110558130788,-1.6808631412400148,31.576428248298484,-7.579009418812868,-2.8259088019768717,1.8768793048704817
left,12.84,1787652123461508096,1787652123457567786,10268,3.94031,1.737967930496452,-1.710519532674793,31.674988515230726,-7.581051644572451,-2.8286474069772973,1.8865653225799626
left,12.85,1787652123471508096,1787652123467053492,10276,4.454604,1.7580846382933781,-1.7558909123565336,31.754546087560026,-7.580603196123542,-2.827355685000562,1.881826134474616
left,12.86,1787652123481508096,1787652123476994095,10286,4.514001,1.9315253069311364,-1.779898898044343,31.97031667841065,-7.582771226472322,-2.8298336811096627,1.8846283178814776
left,12.87,1787652123491508096,1787652123487182918,10292,4.325178,1.808502967234787,-2.2356253071871355,32.31722363283627,-7.589026336784583,-2.8386202488422976,1.905833686270445
left,12.88,1787652123501508096,1787652123496900744,10302,4.607352,1.812631638596758,-2.19863354712299,32.18671583468361,-7.587587699661556,-2.8383346362185975,1.9031855664544826
left,12.89,1787652123511508096,1787652123506854640,10311,4.653456,1.6507103048553895,-2.15244243228277,31.91136147660859,-7.587887926393083,-2.83801351881578,1.9006687286182733
left,12.9,1787652123521508096,1787652123516891064,10316,4.617032,2.000771219951654,-1.6306021350971824,31.727543576768866,-7.572034910457994,-2.816495598373476,1.85671398899361
left,12.91,1787652123531508096,1787652123527324318,10326,4.183778,1.8559866102136326,-1.7171510390769258,31.585187339792107,-7.570790885511743,-2.8175911507688545,1.8567322035122833
left,12.92,1787652123541508096,1787652123536911476,10334,4.59662,1.9913622112830078,-1.7263406893043236,31.87332743716407,-7.57435398932169,-2.8208224389145204,1.8652095350681255
left,12.93,1787652123551508096,1787652123546923963,10341,4.584133,2.0051339469236806,-1.7002757340203856,31.884152692103097,-7.568233574220969,-2.8147909067899803,1.8545671131600716
left,12.94,1787652123561508096,1787652123557546049,10348,3.962047,1.6966014154018778,-2.1858094784806923,32.069889143514125,-7.57819599466788,-2.825409432407138,1.880230747697294
left,12.95,1787652123571508096,1787652123567169419,10356,4.338677,1.7769421595313437,-1.706703827246229,31.6323838358515,-7.580585503442981,-2.8220896917636864,1.8684922887870212
left,12.96,1787652123581508096,1787652123576919866,10364,4.58823,1.7221085382607277,-2.129917467657707,32.025186146471825,-7.585383532309782,-2.8332362300482217,1.8905776197277409
left,12.97,1787652123591508096,1787652123586970831,10372,4.537265,2.0415496379490716,-1.9785178245663977,31.828759047369324,-7.57561539666459,-2.816516364820295,1.8563413158856452
left,12.98,1787652123601508096,1787652123596928033,10381,4.580063,1.935798546071577,-2.0013958887834185,32.206079399726896,-7.576381047907171,-2.824445660714514,1.8783527451009514
left,12.99,1787652123611508096,1787652123606963272,10388,4.544824,1.9089721544571294,-1.6081857354590334,32.18432884393619,-7.574641157421182,-2.822048378971682,1.873424709162
left,13.0,1787652123621508096,1787652123617098146,10397,4.40995,1.9584968579181234,-1.6059082951132049,31.75146337926047,-7.5696928187111,-2.8153296490672197,1.8543982000039518
left,13.01,1787652123631508096,1787652123627426118,10404,4.081978,1.7487172126713755,-1.7029956651220441,31.595035551552964,-7.574296803306021,-2.8211564130186355,1.8630271128618292
left,13.02,1787652123641508096,1787652123636891743,10414,4.616353,1.702174938736833,-1.808192142942095,32.05398332603878,-7.578186005765666,-2.8283962078210836,1.8787018243693512
left,13.03,1787652123651508096,1787652123646881604,10422,4.626492,1.9203489129954157,-2.1482454351918308,32.250018878825344,-7.571770656542715,-2.8241691634490564,1.8713306884011316
left,13.04,1787652123661508096,1787652123657044057,10428,4.464039,1.8937769791430565,-2.095625098752799,32.20571464061348,-7.572567542106162,-2.8234968304449284,1.874141095651471
left,13.05,1787652123671508096,1787652123666904468,10436,4.603628,1.7154686062154363,-1.7491191178246397,31.952256988844233,-7.576449756559715,-2.827265838974559,1.8879757741333871
left,13.06,1787652123681508096,1787652123677024219,10444,4.483877,2.022392841718167,-1.7327821761475488,31.790579650159607,-7.566045099513412,-2.811354334640214,1.8559091644546044
left,13.07,1787652123691508096,1787652123686973868,10452,4.534228,1.808785473127232,-1.8018216882351474,31.634923364507596,-7.574118864709565,-2.8199089873166123,1.8664759938109508
left,13.08,1787652123701508096,1787652123696897626,10462,4.61047,1.816524491350169,-1.7791970406066706,31.71944541561845,-7.569746097741406,-2.822232114430962,1.865390994541158
left,13.09,1787652123711508096,1787652123707148926,10470,4.35917,1.7478045631981782,-2.2118271048190414,32.1458787596389,-7.5699865424414465,-2.8269969541758817,1.8792424516929864
left,13.1,1787652123721508096,1787652123717222019,10476,4.286077,1.9354446088517017,-2.1281300337115985,32.27129805460169,-7.570031840028259,-2.8237005945421503,1.8806957387247676
left,13.11,1787652123731508096,1787652123727213928,10484,4.294168,1.9038294346165279,-1.6774562970683848,32.16677116192082,-7.5719123646981465,-2.8313568272840213,1.8833713349825518
left,13.12,1787652123741508096,1787652123736872558,10493,4.635538,1.9476398053571713,-1.6758959074916249,31.742978794673817,-7.5748076775039355,-2.8251902765343093,1.8681184401117994
left,13.13,1787652123751508096,1787652123747104742,10500,4.403354,1.7577498545976307,-1.7486065838165987,31.610640375435324,-7.579051882484987,-2.826625106777498,1.8760851046034965
left,13.14,1787652123761508096,1787652123757208649,10508,4.299447,1.7687086320599623,-1.7996774844746677,31.71035754248448,-7.577778025023919,-2.827017894238021,1.8800023736977285
left,13.15,1787652123771508096,1787652123766877289,10518,4.630807,1.7743355265034932,-1.819236289220855,31.780339335160903,-7.579295879961815,-2.8278241074405726,1.8841030250097186
left,13.16,1787652123781508096,1787652123777066495,10524,4.441601,1.891465788554273,-2.177031902828599,32.346462825814484,-7.574648312180406,-2.8298347259026606,1.8917320382040366
left,13.17,1787652123791508096,1787652123787160807,10533,4.347289,1.8966505338517756,-2.0583690890668107,32.254864162802136,-7.562848918122126,-2.8215518735664658,1.8694121377513002
left,13.18,1787652123801508096,1787652123796920035,10541,4.588061,1.8852482243991344,-2.0061421490352442,32.161450790095635,-7.562610830051327,-2.818666236495484,1.8664222949869371
left,13.19,1787652123811508096,1787652123806996584,10549,4.511512,1.930427773528938,-1.5745066199494675,31.746631574838023,-7.562734888755457,-2.8134193285028237,1.8504331742784965
left,13.2,1787652123821508096,1787652123816885297,10556,4.622799,1.7411579847590597,-1.673514548447188,31.60641887556836,-7.57372790921998,-2.821133736792979,1.8630391640113946
left,13.21,1787652123831508096,1787652123827407241,10564,4.100855,1.7711315213447347,-1.7101088437233847,31.703187106230107,-7.574974450107763,-2.8200694529833106,1.8644392969709762
left,13.22,1787652123841508096,1787652123836902344,10574,4.605752,1.9465946637464808,-2.079372753480758,31.965298668555317,-7.5686324702670085,-2.816901390495257,1.8614435516465277
left,13.23,1787652123851508096,1787652123847123890,10583,4.384206,1.8364751315994425,-2.0247905888164737,32.30845118546469,-7.569349942312382,-2.823830755535009,1.8784958398723508
left,13.24,1787652123861508096,1787652123857056224,10590,4.451872,1.835515264206851,-1.9601856925319714,32.192320588802126,-7.569160960535363,-2.8232061101000427,1.8772357838155305
left,13.25,1787652123871508096,1787652123866909471,10597,4.598625,1.8338563129902348,-1.9207425011595203,32.106106740009864,-7.571771378085115,-2.824285916346203,1.8785145113037331
left,13.26,1787652123881508096,1787652123877474321,10605,4.033775,1.8971219366286216,-1.496037259108742,31.71475688732634,-7.571307893690142,-2.8148988275915823,1.8560893744811047
left,13.27,1787652123891508096,1787652123886940632,10612,4.567464,1.719552735094968,-1.6100087981827091,31.588033675222686,-7.574094971586325,-2.820122015764107,1.8634857002330516
left,13.28,1787652123901508096,1787652123896899301,10621,4.608795,1.6798271708250858,-1.7120083062861144,32.0379241920784,-7.57960804165481,-2.827719799088144,1.8841924630920905
left,13.29,1787652123911508096,1787652123906963043,10628,4.545053,1.962461761858853,-1.6797010594266317,31.842896739154032,-7.567118447725962,-2.8139712809751876,1.8572905982151235
left,13.3,1787652123921508096,1787652123916893502,10637,4.614594,1.824592070849364,-2.176778145815362,32.21999356534632,-7.575446240679297,-2.827176455430936,1.8927145535116416
left,13.31,1787652123931508096,1787652123927528789,10644,3.979307,1.7947317838239927,-2.097763091544087,32.16664665453417,-7.576825806028997,-2.827925236375922,1.894127394497958
left,13.32,1787652123941508096,1787652123936973018,10653,4.535078,1.9565980009233792,-1.55280943116003,31.744702565090453,-7.565140756058102,-2.810679095606182,1.8548508360309792
left,13.33,1787652123951508096,1787652123946959828,10661,4.548268,1.7797019514877066,-1.5880877083075204,31.596996265806894,-7.5637201667219465,-2.8072922646766862,1.8459683290531657
left,13.34,1787652123961508096,1787652123956992258,10669,4.515838,1.7861340730430295,-1.6396153489783931,31.685382399897858,-7.563750754817927,-2.8085746531029097,1.8475275748339848
left,13.35,1787652123971508096,1787652123967141175,10676,4.366921,1.8454088748406092,-1.6546719585733825,31.768630450401833,-7.558677058713112,-2.806025409311144,1.8409232893804166
left,13.36,1787652123981508096,1787652123977084553,10684,4.423543,1.933017483899676,-2.0854679542984407,32.38110361055579,-7.564038742180251,-2.8137244261831356,1.8614075595726531
left,13.37,1787652123991508096,1787652123986903836,10692,4.60426,1.8487788955110247,-2.0579527929729204,32.262561764026366,-7.570513694633526,-2.8231209560304364,1.8779379035568022
left,13.38,1787652124001508096,1787652123997114968,10702,4.393128,1.660559349145213,-2.0022127531903218,31.973811915641395,-7.573927757775252,-2.8245770878636316,1.877184588822563
left,13.39,1787652124011508096,1787652124006914656,10709,4.59344,1.700944761350489,-1.9379023397372577,31.944527763498677,-7.5719660216209785,-2.8223056072217165,1.8730080738509565
left,13.4,1787652124021508096,1787652124016908536,10718,4.59956,1.79595165993802,-1.517770118387116,31.556201415660592,-7.570459320971317,-2.8143134193916044,1.855346384165407
left,13.41,1787652124031508096,1787652124027067239,10725,4.440857,1.8034155993669596,-1.5997732583238022,31.62395172363736,-7.570659973716183,-2.8146489693631143,1.8585475310943058
left,13.42,1787652124041508096,1787652124036899349,10732,4.608747,1.8150605037375611,-1.648535862998425,31.716896908095794,-7.56896116419601,-2.8150247234405397,1.8572745626924498
left,13.43,1787652124051508096,1787652124046883041,10740,4.625055,1.967308990926474,-1.673044884650055,31.974736083689876,-7.569094897833683,-2.81442757415813,1.8588624222982821
left,13.44,1787652124061508096,1787652124057240067,10750,4.268029,1.6772369400547789,-2.1223741492278285,32.120988131117755,-7.577173649062271,-2.8270288958652765,1.8811043796600877
left,13.45,1787652124071508096,1787652124066922091,10758,4.586005,1.692743716849569,-2.0281775091738976,32.035626407842074,-7.5727394836486095,-2.8248297985503372,1.879335823697876
left,13.46,1787652124081508096,1787652124077005120,10764,4.502976,1.8688091643138345,-1.9553293875164324,32.17894321770621,-7.5734100880011574,-2.8228721517030104,1.8809002103247165
left,13.47,1787652124091508096,1787652124087117093,10774,4.391003,1.8562004693729932,-1.9185364520824753,32.09494133235515,-7.575019964030755,-2.8253531210384377,1.8816036083370298
left,13.48,1787652124101508096,1787652124097114043,10782,4.394053,1.917731748871307,-1.486611593294772,31.679297600660178,-7.56723246534606,-2.814524942375005,1.85478368990543
left,13.49,1787652124111508096,1787652124106915199,10789,4.592897,1.7447869868690997,-1.5874821019816234,31.545544421467998,-7.566503621336185,-2.8149065172035224,1.8558623103213565
left,13.5,1787652124121508096,1787652124116890127,10796,4.617969,1.771092320075801,-1.6537426432263724,31.656795382730657,-7.568187587866259,-2.816925783809829,1.8607247209195372
left,13.51,1787652124131508096,1787652124127597854,10804,3.910242,1.961119736933101,-2.0205051330070862,31.929382722743597,-7.560720349925965,-2.810953006199374,1.8482336778182749
left,13.52,1787652124141508096,1787652124136920137,10812,4.587959,1.8662941238626551,-1.9828392473225942,32.28635219866289,-7.558796235916947,-2.813025415077999,1.857732356241075
left,13.53,1787652124151508096,1787652124147135004,10820,4.373092,1.8359646066362802,-1.9240044696344552,32.20556068856803,-7.558856906670357,-2.813555330878372,1.8599976168781092
left,13.54,1787652124161508096,1787652124156961481,10829,4.546615,1.8231206479888022,-1.8816023808564917,32.13431107354675,-7.559128564133343,-2.814911083636793,1.860882280358427
left,13.55,1787652124171508096,1787652124166980406,10836,4.52769,1.7264116075453526,-1.4770980559015146,31.556097352592605,-7.5568167712055665,-2.808883020199321,1.84318778830887
left,13.56,1787652124181508096,1787652124177187619,10845,4.320477,1.7544756327605586,-1.5744482498043624,31.675597133605088,-7.562984599083267,-2.811319281611868,1.8494064217155823
left,13.57,1787652124191508096,1787652124186928666,10854,4.57943,1.9519619804053816,-1.5966107125920226,31.954043312433946,-7.5610352588309695,-2.8091836632942133,1.8441134036796145
left,13.58,1787652124201508096,1787652124197151600,10861,4.356496,1.9485500031284384,-1.6320677997907858,31.985465277824666,-7.5605810305570955,-2.8080458957991556,1.8424545580176726
left,13.59,1787652124211508096,1787652124207143985,10868,4.364111,1.6681276670272964,-2.079729077373849,32.169330795830824,-7.564306799967006,-2.8161791226116977,1.8674014183879775
left,13.6,1787652124221508096,1787652124216948341,10876,4.559755,1.8663219860192102,-1.9620355444746675,32.29955911779119,-7.563357918531452,-2.812187118170936,1.8604072961160556
left,13.61,1787652124231508096,1787652124227521837,10886,3.986259,1.928719996105228,-1.879049615490998,31.845551794137833,-7.565790400552228,-2.8075590110745647,1.8489643882070388
left,13.62,1787652124241508096,1787652124236976112,10893,4.531984,1.706620341686415,-1.5425039966157945,31.6211390104574,-7.577199472431635,-2.815035585569867,1.8593118920044889
left,13.63,1787652124251508096,1787652124247135484,10902,4.372612,1.718730706562995,-1.6221275750881718,31.669418720806572,-7.576162249091759,-2.8161139908448325,1.8632931632094782
left,13.64,1787652124261508096,1787652124256948949,10911,4.559147,1.9284503495928829,-1.6474832300961937,31.949282100966464,-7.573414993699002,-2.812842402543458,1.8608920935854731
left,13.65,1787652124271508096,1787652124266899139,10916,4.608957,1.7666402954688656,-2.0731202966801585,31.777495443171137,-7.572306917702109,-2.8150302757592813,1.8586216138132927
left,13.66,1787652124281508096,1787652124277118371,10924,4.389725,1.6980550839166257,-2.0432046175133247,32.1876307681583,-7.57115751585798,-2.821728106476387,1.8743581576778652
left,13.67,1787652124291508096,1787652124287107647,10932,4.400449,1.8625987263008539,-1.9538159787807068,32.330865376719146,-7.566908480293016,-2.818561994152587,1.8732521954349057
left,13.68,1787652124301508096,1787652124296923440,10942,4.584656,1.8882355326857443,-1.8639148262080298,32.238798250029966,-7.558683817641567,-2.8108881929085534,1.8547686803072398
left,13.69,1787652124311508096,1787652124306835370,10950,4.672726,1.9440062163972451,-1.4097761307110428,31.80175903047721,-7.5528813998999365,-2.80297194803137,1.8348333606918283
left,13.7,1787652124321508096,1787652124316854112,10957,4.653984,1.7496676453211688,-1.524662774263317,31.66561515513498,-7.560940867008111,-2.8091180489547796,1.8473421806988544
left,13.71,1787652124331508096,1787652124327107538,10964,4.400558,1.7783436011715235,-1.6014729163526737,31.748032556412664,-7.5623596836466,-2.8099092512358315,1.8514840046336032
left,13.72,1787652124341508096,1787652124336843508,10974,4.664588,1.7882645488650857,-1.6470524370504358,31.795698355042074,-7.56345776271862,-2.80919953320197,1.8505927439346987
left,13.73,1787652124351508096,1787652124346933371,10982,4.574725,1.7234168200198838,-2.0445279649310617,32.18456099279751,-7.560507221893102,-2.8135336209326116,1.8605946407403922
left,13.74,1787652124361508096,1787652124357031227,10991,4.476869,1.907282165897019,-1.9437641864340667,32.31137690932486,-7.561261222277384,-2.8103241125916254,1.8580193336534254
left,13.75,1787652124371508096,1787652124366938792,10998,4.569304,1.8787307065180971,-1.8825832339497848,32.215905492687284,-7.561507154463333,-2.8098447529292256,1.8544121153073005
left,13.76,1787652124381508096,1787652124377556925,11007,3.951171,1.7383224274590556,-1.460647385406976,31.630905267416075,-7.562303789255431,-2.808123675950272,1.8431355545908283
left,13.77,1787652124391508096,1787652124386919850,11012,4.588246,1.9327509048780407,-1.493164993593614,31.930128608183203,-7.560277830443377,-2.8068877496535833,1.8400703802779794
left,13.78,1787652124401508096,1787652124397033465,11022,4.474631,1.7599646456083355,-1.6047709943343855,31.760903301212334,-7.567531141441762,-2.8132038781887667,1.8506231359788334
left,13.79,1787652124411508096,1787652124406913577,11029,4.594519,1.7051339268861023,-1.693377092875152,32.19436504862371,-7.569876387043172,-2.8201168823947222,1.8692874932295376
left,13.8,1787652124421508096,1787652124416895209,11039,4.612887,1.9681189851352614,-2.0121164009326913,32.34566721053478,-7.560630138101413,-2.810663999648063,1.8543039731109718
left,13.81,1787652124431508096,1787652124427021099,11044,4.486997,1.9383510284867442,-1.9220924954136573,32.25894504139098,-7.555180726329737,-2.807786189892208,1.8481257494213188
left,13.82,1787652124441508096,1787652124437173390,11054,4.334706,1.9003353706673394,-1.8630535794821061,32.18108374913336,-7.553583591285491,-2.8064442981794784,1.8455312361217058
left,13.83,1787652124451508096,1787652124446865692,11062,4.642404,1.7023529810126343,-1.50364712375576,31.904864283068708,-7.568253545735262,-2.8142751814889335,1.8602219815295462
left,13.84,1787652124461508096,1787652124456972590,11069,4.535506,1.7714200339416075,-1.524700203530331,31.57534911257486,-7.5674271910180435,-2.809990171566165,1.843720220675519
left,13.85,1787652124471508096,1787652124467055808,11076,4.452288,1.8090430449285633,-1.5821944012425748,31.710408928751075,-7.561759817808396,-2.8084027984194657,1.8412486449835734
left,13.86,1787652124481508096,1787652124477077491,11084,4.430605,1.8207034132609976,-1.6281830461607099,31.78205900954445,-7.560644510445695,-2.8090387129637415,1.8418066060362188
left,13.87,1787652124491508096,1787652124486902566,11092,4.60553,1.7602301551239132,-2.0557081219169393,32.16353823846655,-7.557137413754564,-2.812615816343973,1.853133469085547
left,13.88,1787652124501508096,1787652124497013897,11102,4.494199,1.9362994491278769,-1.9493931660088282,32.277322460355556,-7.5492811688791726,-2.8054444102740304,1.840186063865798
left,13.89,1787652124511508096,1787652124507103003,11109,4.405093,1.9299698939924912,-1.8549233403467729,32.20719116807951,-7.54510501704315,-2.8005698103943164,1.8298872520573393
left,13.9,1787652124521508096,1787652124517125265,11117,4.382831,1.9190873393122232,-1.8265400298987047,32.199933940564065,-7.551321291853085,-2.80270552727164,1.8352708483175706
left,13.91,1787652124531508096,1787652124526897988,11126,4.610108,1.7310639312892928,-1.4812656663351853,32.012519126095235,-7.5589039570119185,-2.809054462605846,1.843949261562563
left,13.92,1787652124541508096,1787652124536860404,11133,4.647692,1.8353249907910107,-1.508660153925583,31.674358408692655,-7.551325922558081,-2.8003510322490515,1.824077358207305
left,13.93,1787652124551508096,1787652124546941539,11141,4.566557,1.99973902585807,-1.546443859746122,31.94372541078727,-7.544496860296579,-2.798016618805155,1.8239894610262628
left,13.94,1787652124561508096,1787652124556941266,11149,4.56683,1.8167377955411064,-1.9641612443469252,31.724851002174905,-7.547168638103847,-2.802359592158023,1.8306201844138255
left,13.95,1787652124571508096,1787652124567124193,11156,4.383903,1.7506359027361393,-1.9092037693483792,32.111461529862034,-7.547036218365301,-2.8052275777744384,1.8396427473014698
left,13.96,1787652124581508096,1787652124577525718,11167,3.982378,1.9228484158210775,-1.835307893750002,32.2311352516546,-7.548053142750476,-2.804944091518794,1.8381880625085172
left,13.97,1787652124591508096,1787652124587109351,11172,4.398745,1.9189527927478554,-1.78548263619143,32.17102529675861,-7.54452915968149,-2.801790030507746,1.8326582356040737
left,13.98,1787652124601508096,1787652124596993911,11180,4.514185,1.9080116262828497,-1.430857872815491,32.1601099076031,-7.551348407735389,-2.805606528687547,1.84055212508179
left,13.99,1787652124611508096,1787652124606895047,11188,4.613049,1.9748715540033552,-1.4975934247303642,31.807959226949627,-7.554993586655264,-2.8025534301488797,1.8298568822627728
left,14.0,1787652124621508096,1787652124616902732,11197,4.605364,1.6998369530582202,-1.6127211867476248,32.03997278178679,-7.565057368173216,-2.815315701938302,1.8605229237549874
left,14.01,1787652124631508096,1787652124626982500,11205,4.525596,1.9554312747533187,-1.543643239274145,31.835991219225562,-7.560349795117822,-2.8078411442624542,1.8417194273943205
left,14.02,1787652124641508096,1787652124636885289,11212,4.622807,1.647626584806696,-1.9933428888672058,32.03768477581484,-7.565159016920922,-2.81922811318612,1.8655232706661458
left,14.03,1787652124651508096,1787652124646881955,11223,4.626141,1.6700365161743393,-1.9290192682275988,32.028050281411865,-7.563810022604397,-2.8149615578721994,1.8594117024775627
left,14.04,1787652124661508096,1787652124656933792,11228,4.574304,1.73479960519306,-1.494540771891605,31.67918225218399,-7.560244959264111,-2.8069607377520747,1.8410264269400647
left,14.05,1787652124671508096,1787652124666946276,11238,4.56182,1.7481473846971847,-1.9585781345681608,31.720594869675093,-7.561114659592748,-2.8097536222085164,1.8504357635748654
left,14.06,1787652124681508096,1787652124677266075,11244,4.242021,1.8298552390660583,-1.947164305111623,32.32662600775721,-7.561132343728768,-2.8148332598595287,1.8659331930855703
left,14.07,1787652124691508096,1787652124686904851,11253,4.603245,1.6390755703232962,-1.9158004099261265,32.039634041174494,-7.563319899412471,-2.8170800445004778,1.8654424690299876
left,14.08,1787652124701508096,1787652124696913628,11262,4.594468,1.74606585882877,-1.8078326872995718,31.62057146109274,-7.553512269379755,-2.804338030964562,1.835120305584087
left,14.09,1787652124711508096,1787652124706947911,11268,4.560185,1.9221984585627723,-1.401248899521265,31.90028249797222,-7.547874785724298,-2.7963226646418082,1.830165546121604
left,14.1,1787652124721508096,1787652124717073248,11277,4.434848,1.7560057503087114,-1.4888636177337444,31.73546202349658,-7.5446985650581535,-2.786297234501024,1.820531235272858
left,14.11,1787652124731508096,1787652124727018118,11284,4.489978,1.8480173676204938,-1.5563873464949625,32.36751180657108,-7.538092045710741,-2.7794204764290633,1.8278011914505834
left,14.12,1787652124741508096,1787652124736937267,11293,4.570829,1.8440237255724474,-1.5391447990722757,32.32040070490097,-7.512338407141122,-2.7506294761596886,1.7866987357041706
left,14.13,1787652124751508096,1787652124746958699,11302,4.549397,1.6759992188749961,-1.5446580671392793,32.29280059571032,-7.485728012939882,-2.718596126573517,1.7508824763918642
left,14.14,1787652124761508096,1787652124756925939,11308,4.582157,1.500809668149869,-1.476182540140208,32.36628515701434,-7.4111118548939094,-2.6530500945117392,1.6565347693577483
left,14.15,1787652124771508096,1787652124767089305,11318,4.418791,1.3341776831339143,-1.2581180191453019,32.47697815176746,-7.293339018319692,-2.55604184835341,1.4940445106021285
left,14.16,1787652124781508096,1787652124777305209,11326,4.202887,1.1031705216285608,-0.9487135367558092,32.64108713940794,-7.1379561382451815,-2.444024731128966,1.2863312614758047
left,14.17,1787652124791508096,1787652124786889018,11334,4.619078,0.9857301117609499,-0.39202540561972077,32.59671782122044,-6.916945909319482,-2.28258024948368,0.9633175367748857
left,14.18,1787652124801508096,1787652124796949296,11343,4.5588,0.7341738287363165,0.23335838175508514,33.07479546350735,-6.665687730923792,-2.1159880854815327,0.5949540615214639
left,14.19,1787652124811508096,1787652124806984500,11348,4.523596,0.3860629932891666,0.9056625472110652,33.46958670896953,-6.389156064393946,-1.9563136515178536,0.17730975836326807
left,14.2,1787652124821508096,1787652124816916822,11359,4.591274,-0.005322611722339451,1.7815053436701336,33.79178282414953,-6.06675651937241,-1.7924435428915473,-0.32574304253547604
left,14.21,1787652124831508096,1787652124827133093,11365,4.375003,-0.7031318783600308,2.605193482201389,33.965181723497714,-5.7552902246080855,-1.6639277187670327,-0.7965456830618305
left,14.22,1787652124841508096,1787652124836938160,11373,4.569936,-1.5217329007103908,3.34045759536959,33.99267906868307,-5.475605263356107,-1.5679330464219632,-1.2058743043748439
left,14.23,1787652124851508096,1787652124847132692,11381,4.375404,-2.3328409550944116,3.945297307212292,34.06566686782996,-5.262265394928226,-1.5199739683245452,-1.49887659478797
left,14.24,1787652124861508096,1787652124856945760,11389,4.562336,-2.9466487765301443,4.641688238540151,34.29842730518171,-5.059656858587443,-1.4825834116020689,-1.7827607833675911
left,14.25,1787652124871508096,1787652124866940558,11398,4.567538,-3.610991309453186,4.7172766334376774,34.371982957715254,-4.935215378549094,-1.4674489475036605,-1.9463570856425543
left,14.26,1787652124881508096,1787652124877334641,11405,4.173455,-4.343500985427216,5.0057988277702625,34.262341073553806,-4.891210205080616,-1.4791010497730745,-1.9964009774609168
left,14.27,1787652124891508096,1787652124886963208,11412,4.544888,-4.9994510155914345,4.724918338710934,34.1162380425653,-4.916538300224544,-1.5152045364503959,-1.9452504189066064
left,14.28,1787652124901508096,1787652124897126658,11422,4.381438,-5.294791490097826,4.646194083384964,33.6253332036605,-4.936580721064185,-1.531606073335361,-1.936694441728277
left,14.29,1787652124911508096,1787652124906897910,11428,4.610186,-6.118904576105362,4.429234138596404,33.006682872651275,-5.0155069265500565,-1.5837554492410204,-1.820677359240041
left,14.3,1787652124921508096,1787652124917069143,11436,4.438953,-6.5304270852755355,3.8329036603967443,33.10347467080833,-5.118427825512842,-1.651883022704923,-1.6514578503930812
left,14.31,1787652124931508096,1787652124926947731,11447,4.560365,-5.825629276023947,4.084791412006404,30.49957102629779,-5.182493930460318,-1.6503697917300402,-1.6290822878261175
left,14.32,1787652124941508096,1787652124936923057,11453,4.585039,-6.245226018169095,4.069410420495716,27.794810202805962,-5.297441067230217,-1.7300375293347048,-1.5037241444054583
left,14.33,1787652124951508096,1787652124946916730,11463,4.591366,-6.496386766054323,4.138155931667561,28.14280406232944,-5.432984724858989,-1.8735185623362667,-1.2393696302399926
left,14.34,1787652124961508096,1787652124956920009,11468,4.588087,-7.269499189332071,2.9589641095501973,27.184647710791566,-5.499506874629737,-1.9570875284046636,-1.0898062554297971
left,14.35,1787652124971508096,1787652124967085886,11479,4.42221,-9.058045271741687,2.9135202032453327,25.63021570853983,-5.569511943430181,-2.041542280874342,-0.9314748911958888
left,14.36,1787652124981508096,1787652124977262724,11486,4.245372,-9.733586458169215,2.9393480524043802,25.634093311635993,-5.612369864525643,-2.123074793553811,-0.7574663399741486
left,14.37,1787652124991508096,1787652124986929356,11492,4.57874,-10.302330354803242,2.90779186114741,25.226283548944654,-5.568765312766916,-2.1572637369414727,-0.6133824439656554
left,14.38,1787652125001508096,1787652124997125893,11500,4.382203,-10.963538915056624,2.573143005808566,24.70786317274918,-5.44138673653715,-2.133091754153564,-0.5506775823172336
left,14.39,1787652125011508096,1787652125006883627,11508,4.624469,-10.668833079158498,3.081020305847778,24.767552949654746,-5.2967350181520665,-2.0887602446136038,-0.5399997349103908
left,14.4,1787652125021508096,1787652125016891434,11516,4.616662,-10.950665835266738,3.790012278015631,24.779113273169823,-5.163256033852597,-2.0460656433896416,-0.5397342337099194
left,14.41,1787652125031508096,1787652125026967943,11525,4.540153,-10.793824813099814,2.806268161063647,24.4044224816311,-4.971096013166291,-1.9886179604429723,-0.5571327849941687
left,14.42,1787652125041508096,1787652125037142982,11532,4.365114,-10.995957706472117,1.736899102705431,23.24434014691202,-4.773416894354705,-1.9479557504256109,-0.5399502885394603
left,14.43,1787652125051508096,1787652125046909620,11540,4.598476,-10.679476343594471,1.552247483579663,23.411354754939296,-4.610907232789657,-1.9171467150874877,-0.5257981530799564
left,14.44,1787652125061508096,1787652125056946012,11548,4.562084,-10.478943117235843,-0.12510951903818146,21.690961762295373,-4.472004229758086,-1.905401803432052,-0.44839327868165024
left,14.45,1787652125071508096,1787652125067039621,11556,4.468475,-10.044503745068466,-0.22814465532033346,20.31765899283878,-4.351837103383887,-1.894209184251102,-0.35521686148527953
left,14.46,1787652125081508096,1787652125077703124,11566,3.804972,-10.127089107616483,-0.954293370390003,19.57119261965662,-4.227644875868421,-1.8877002438585917,-0.23763832134044138
left,14.47,1787652125091508096,1787652125086914337,11574,4.593759,-9.711485369254314,-1.6791273592160776,18.506267363033913,-4.052706569991253,-1.836174919624166,-0.18455335503815173
left,14.48,1787652125101508096,1787652125097194123,11583,4.313973,-9.461404585513092,-1.6340966858694865,17.77829755137021,-3.8824781112555184,-1.7995923352283727,-0.1047503729524859
left,14.49,1787652125111508096,1787652125106900969,11589,4.607127,-10.589863645619268,-1.7275386281656817,15.853071202672416,-3.731012054122692,-1.8117053397982565,0.08498954194721264
left,14.5,1787652125121508096,1787652125116850831,11596,4.657265,-10.124458789924576,-1.7010869648725002,15.975316474719707,-3.586142767748937,-1.8278750163838615,0.23900432644397818
left,14.51,1787652125131508096,1787652125126862243,11607,4.645853,-10.52596208314188,-2.0528722134239374,15.230760622315904,-3.4372533806689156,-1.84042626115192,0.376128800943739
left,14.52,1787652125141508096,1787652125136946843,11614,4.561253,-10.236874978062152,-2.25214516693913,14.082939843932984,-3.2670502004948476,-1.8371681622040374,0.4905732610390373
left,14.53,1787652125151508096,1787652125146938803,11620,4.569293,-9.635281299711403,-2.1650182048224984,13.200551025911055,-3.065567841729357,-1.791168523295688,0.5394044601539136
left,14.54,1787652125161508096,1787652125156943989,11631,4.564107,-8.444634041348708,-2.1551564979619715,12.48773396477415,-2.8333850301811263,-1.6875699413589151,0.49829795305217395
left,14.55,1787652125171508096,1787652125166991515,11638,4.516581,-8.117536512801767,-2.2251819365641268,12.042513329812499,-2.664819592923135,-1.6607217099108058,0.5815559128137151
left,14.56,1787652125181508096,1787652125177522154,11646,3.985942,-8.352887753949371,-2.3044778323087556,11.002688594293444,-2.5084370986804534,-1.7055737948686356,0.7749817217967868
left,14.57,1787652125191508096,1787652125186933473,11653,4.574623,-7.935062436092904,-2.562586007712221,8.894652523388839,-2.336209682451423,-1.7136220146719792,0.8755352790053823
left,14.58,1787652125201508096,1787652125196931220,11661,4.576876,-8.68710644181363,-3.8767184628282343,7.872076115185201,-2.187870536950144,-1.8595161870339554,1.173335887560035
left,14.59,1787652125211508096,1787652125206917581,11670,4.590515,-9.28579751885062,-3.5721613759730366,6.651053872128724,-1.9883464434177922,-1.9401349176947233,1.349775253345556
left,14.6,1787652125221508096,1787652125217059712,11677,4.448384,-9.3224108357347,-3.0009302579773696,5.215879079936641,-1.7521539087047537,-1.944266751672397,1.392234099488317
left,14.61,1787652125231508096,1787652125227113367,11687,4.394729,-9.34354592842554,-3.095603576370793,4.092998491381529,-1.5558351888359945,-1.984776525445426,1.4634000642554628
left,14.62,1787652125241508096,1787652125236970582,11692,4.537514,-9.044333351526113,-3.06427641346769,3.5878448738539648,-1.3042255635021769,-1.9477889915217304,1.4769105241993248
left,14.63,1787652125251508096,1787652125246933918,11702,4.574178,-8.592384430573697,-2.6697524142355236,3.1745528254212365,-1.086723384418618,-1.9215546209570413,1.4938863289093993
left,14.64,1787652125261508096,1787652125256932751,11710,4.575345,-9.203612994611367,-2.6604228703833677,2.0322976642019244,-0.9639158842587817,-1.977023835874899,1.600239320066033
left,14.65,1787652125271508096,1787652125267217629,11716,4.290467,-9.358274414085438,-3.819543441757045,1.8211545041618007,-0.8387117539128922,-1.9685913363410683,1.6011818390417751
left,14.66,1787652125281508096,1787652125277439701,11724,4.068395,-9.733647398347735,-4.449854038256391,1.0908241428102268,-0.7691105760195707,-1.9647201004505608,1.6103911558329254
left,14.67,1787652125291508096,1787652125286923879,11732,4.584217,-11.097705238685249,-4.84099560031514,0.09045042037580497,-0.7941702383496194,-2.0642180071295897,1.7664664653943003
left,14.68,1787652125301508096,1787652125296954419,11740,4.553677,-11.238268672356941,-5.3594485940043475,0.7133673684337705,-0.7913083604835057,-2.1011119416576145,1.8696267495900032
left,14.69,1787652125311508096,1787652125306945075,11748,4.563021,-11.145098205018465,-5.27711541837187,0.520338420931306,-0.7700419123310147,-2.1209215296955772,1.9394453128554465
left,14.7,1787652125321508096,1787652125316920331,11758,4.587765,-11.332148987917488,-5.257617759082601,1.148422959097993,-0.7465816226950053,-2.126412119014753,2.0177935570912138
left,14.71,1787652125331508096,1787652125327015699,11764,4.492397,-10.88454306609185,-5.549097207787429,1.6389461512316492,-0.7151745272306784,-2.0806920086293808,2.0373173375187683
left,14.72,1787652125341508096,1787652125337000996,11773,4.5071,-10.72483330614971,-5.280972116322855,1.5407284417584841,-0.6772163325031868,-2.0240347409669592,2.018131700927066
left,14.73,1787652125351508096,1787652125346983190,11780,4.524906,-10.784795995399934,-5.198513080271513,1.5119070087711508,-0.6671167361095344,-2.007904613332215,2.0590472695191924
left,14.74,1787652125361508096,1787652125357007691,11788,4.500405,-11.301505898442455,-5.298704884446537,1.4056285899238024,-0.6789702950046623,-2.0461770656223335,2.1616698315771807
left,14.75,1787652125371508096,1787652125367014157,11797,4.493939,-12.487052671441955,-5.24758334854465,0.8237844912918,-0.7032836162022409,-2.136418936881466,2.3172432720510217
left,14.76,1787652125381508096,1787652125377477250,11804,4.030846,-12.687947897287373,-5.951249437914483,1.2808969518885105,-0.6975769961142102,-2.1663805619172765,2.3777911358795207
left,14.77,1787652125391508096,1787652125386937020,11814,4.571076,-12.137068278934946,-5.414577512992214,1.1317955642903579,-0.6301368139183574,-2.06421676882436,2.233102884967697
left,14.78,1787652125401508096,1787652125396884271,11821,4.623825,-11.27327407532162,-5.72753128129563,1.722290031900572,-0.5657661082034287,-2.0397145798768865,2.1544938876683726
left,14.79,1787652125411508096,1787652125406984623,11828,4.523473,-10.735067002926755,-5.774690119888021,1.8664023226506519,-0.49136949937447694,-2.0028993381349802,2.041774353622695
left,14.8,1787652125421508096,1787652125416908897,11836,4.599199,-10.350366379507447,-5.98175932555378,1.9993305732926965,-0.41887954844986225,-1.9516751969259827,1.9425950752706338
left,14.81,1787652125431508096,1787652125426912466,11844,4.59563,-9.26769343478312,-5.5184190182815325,1.6946608814292254,-0.3188339440056918,-1.809280426327642,1.732090146494212
left,14.82,1787652125441508096,1787652125436975750,11852,4.532346,-9.627220684509169,-5.239607944004661,0.42951548717330734,-0.32193254486280737,-1.8754913533270705,1.7863913005420535
left,14.83,1787652125451508096,1787652125446912931,11863,4.595165,-9.990837934972298,-5.517618538172405,0.7504944507850952,-0.3262136149488286,-1.9326921129953574,1.8514822091501775
left,14.84,1787652125461508096,1787652125456911157,11869,4.596939,-9.685806745389074,-6.281158226971875,0.4443026177223732,-0.30331534065053634,-1.924607620127097,1.816314274573772
left,14.85,1787652125471508096,1787652125467048455,11876,4.459641,-9.135254188027456,-6.264897416996918,0.885747102212119,-0.27240027711809556,-1.8710253535839159,1.7603036196876618
left,14.86,1787652125481508096,1787652125477302245,11884,4.205851,-8.682717251002341,-4.630967250594078,0.9590827211442408,-0.21684010313171748,-1.7921930620148545,1.6342998436462017
left,14.87,1787652125491508096,1787652125486927556,11892,4.58054,-8.266259027405413,-4.375081334286508,0.728382683333801,-0.18890536961706572,-1.7305435228731008,1.565547134886475
left,14.88,1787652125501508096,1787652125496901389,11900,4.606707,-8.742963560906848,-5.173187125229683,1.1231822329774168,-0.219403588852586,-1.7762094942977489,1.653764050912796
left,14.89,1787652125511508096,1787652125506946743,11908,4.561353,-9.924539758095326,-6.093045993900709,-0.48494503332340333,-0.30333860365754184,-1.8467221285621243,1.785565378373575
left,14.9,1787652125521508096,1787652125516952596,11916,4.5555,-10.607660155529866,-7.429358376461944,-1.431267998394504,-0.4011943118887666,-1.9137017545602772,1.9304676787284374
left,14.91,1787652125531508096,1787652125526960626,11926,4.54747,-12.281461867067708,-6.519309477883053,-1.521999272206302,-0.5938700607446168,-2.09243965002299,2.2592846753803832
left,14.92,1787652125541508096,1787652125536945011,11932,4.563085,-12.740612987808879,-5.113334309285586,-1.436831008497382,-0.7513756267849825,-2.132416807327811,2.4137410766998237
left,14.93,1787652125551508096,1787652125547031553,11942,4.476543,-11.955557270045698,-5.44700710784366,-1.6898665424462447,-0.7984308326461114,-2.0103749108341407,2.306787404892447
left,14.94,1787652125561508096,1787652125556966797,11948,4.541299,-10.958849326318608,-3.8674292440080116,-1.4315287694267944,-0.7766785542987646,-1.80487622310318,2.0502671378218493
left,14.95,1787652125571508096,1787652125567126018,11956,4.382078,-9.68119010000186,-3.1028103240254215,-0.033421529002249706,-0.7198528603896824,-1.5888870078038546,1.7237338576469887
left,14.96,1787652125581508096,1787652125577044335,11964,4.463761,-8.060842813978663,-1.9543064783827406,0.8533767177908382,-0.6628949564052373,-1.380355062260455,1.3823193843015507
left,14.97,1787652125591508096,1787652125586895972,11972,4.612124,-8.057131176620802,-1.3936084750903235,0.20902685424300227,-0.7309712044206569,-1.3834235292043762,1.2802736778425716
left,14.98,1787652125601508096,1787652125596903653,11981,4.604443,-8.048220826083915,-0.5812697023180848,-0.6012468603333572,-0.7795381257913974,-1.3909612453974987,1.170686386769895
left,14.99,1787652125611508096,1787652125606987996,11988,4.5201,-7.471126888173454,-1.1636571670170284,-1.1572107282327224,-0.7815320292440382,-1.3692026548918181,0.9999969944848546
left,15.0,1787652125621508096,1787652125616892418,11997,4.615678,-8.571311524388959,-0.9259463751307968,-0.3356789494289445,-0.7932224611418274,-1.4838129957962691,1.0029839904797058
left,15.01,1787652125631508096,1787652125626967032,12004,4.541064,-9.756557329758527,-0.8780100020427204,-1.4013345513577056,-0.8586773666857108,-1.6602501096136726,1.0951647366607045
left,15.02,1787652125641508096,1787652125636921150,12012,4.586946,-10.542737962686763,-1.0990157204074658,-2.336722579045538,-0.934493701640544,-1.820932987768027,1.172684891461126
left,15.03,1787652125651508096,1787652125646969639,12022,4.538457,-10.948326273408055,0.42450147992393994,-2.801476843866064,-1.0116338827040587,-1.9509661707538206,1.2428476323040067
left,15.04,1787652125661508096,1787652125657141546,12028,4.36655,-11.183558973150465,-1.5180560324999592,-2.6500060869189657,-1.0253661800493636,-2.009393997970554,1.2631032439627605
left,15.05,1787652125671508096,1787652125666904382,12036,4.603714,-10.490130580311112,-3.4430193278195187,-2.4503488096212034,-0.9775765901841275,-1.9477815050682517,1.144406794903552
left,15.06,1787652125681508096,1787652125676981870,12044,4.526226,-9.660244868966224,-2.2722588386040226,-1.8530453535214444,-0.9220788826556041,-1.8569606019957763,1.02025904926754
left,15.07,1787652125691508096,1787652125686929664,12054,4.578432,-8.21278043538949,-1.592969774874242,-1.0377712973336428,-0.8318632753634709,-1.6989579731130027,0.8405332515983578
left,15.08,1787652125701508096,1787652125696862731,12060,4.645365,-6.48836370279694,-0.46676890368654145,-0.5467784412168872,-0.7155749541726121,-1.4797854424235368,0.6183459095502106
left,15.09,1787652125711508096,1787652125706928561,12069,4.579535,-5.027386665946074,-0.31335627488026696,-0.17424313971648608,-0.6271014926485716,-1.2771594294982607,0.4054774611822788
left,15.1,1787652125721508096,1787652125716972645,12077,4.535451,-4.437515625247193,-0.03217074570974221,-0.9514476731136312,-0.5751975662385128,-1.1442619146054964,0.2481755743215917
left,15.11,1787652125731508096,1787652125726867735,12086,4.640361,-3.645242705134964,0.8216554347567173,-0.6370598338926927,-0.5226256919281773,-1.0187016411932648,0.09899489856256
left,15.12,1787652125741508096,1787652125736925909,12092,4.582187,-3.9807740224514734,0.744020311766272,-1.4575182711710186,-0.49228049446552324,-0.9816508745147623,0.03927912150432035
left,15.13,1787652125751508096,1787652125746868382,12100,4.639714,-3.6930528210008733,1.7737398716114603,-1.27203310998456,-0.45563436734109786,-0.9609937757921201,0.0011854480662524813
left,15.14,1787652125761508096,1787652125756926558,12108,4.581538,-4.09021688615653,1.6558737873667406,-1.7141940326954745,-0.42223957371975684,-0.9572119776395223,-0.04278004012591785
left,15.15,1787652125771508096,1787652125767118559,12119,4.389537,-4.746486891974295,2.432439808208224,-2.393170138500774,-0.41966739714091406,-1.0184819041217794,-0.04022460293253949
left,15.16,1787652125781508096,1787652125777002917,12126,4.505179,-4.6157193772093486,2.017948525008881,-1.9231055351087898,-0.37088773714656825,-0.9929558234245708,-0.10414835451242177
left,15.17,1787652125791508096,1787652125786905970,12133,4.602126,-5.014951416344017,2.4846815579592376,-2.0332136343857767,-0.35085163952449294,-1.019453230697347,-0.14521926202379087
left,15.18,1787652125801508096,1787652125796931247,12142,4.576849,-5.816432863948694,2.52489339268306,-2.4591309246179014,-0.35366778531705134,-1.14183330646206,-0.10559518545381075
left,15.19,1787652125811508096,1787652125807049984,12149,4.458112,-6.191724586154034,1.7098112990481102,-2.2180591122580586,-0.305302018650134,-1.1569389634502847,-0.11685279604041449
left,15.2,1787652125821508096,1787652125816872122,12158,4.635974,-6.743631781941497,3.2874616768431246,-2.7584805228385325,-0.30395141063688313,-1.1867517879219314,-0.13092418662797056
left,15.21,1787652125831508096,1787652125827002209,12165,4.505887,-7.452167343521612,2.8018003194156695,-2.987209880186583,-0.3340774394108336,-1.3323735005119632,-0.09700949843965634
left,15.22,1787652125841508096,1787652125836867845,12174,4.640251,-8.162443285961622,2.4166906875170593,-3.0977305339124195,-0.3314808109355276,-1.3547495795232005,-0.12418938951712932
left,15.23,1787652125851508096,1787652125846923286,12180,4.58481,-8.368357390459668,2.2072311951818335,-2.4788162438151553,-0.31215702787796085,-1.3671343689255022,-0.15029831938498422
left,15.24,1787652125861508096,1787652125856907738,12189,4.600358,-9.005656608145879,1.4734010767773036,-3.2944611853631383,-0.2890929273949648,-1.4447697419872387,-0.13527522979395976
left,15.25,1787652125871508096,1787652125866856981,12196,4.651115,-10.356792270747086,1.0979648395470782,-3.541430945622708,-0.29162658207550457,-1.6682585738621647,-0.08911107117277006
left,15.26,1787652125881508096,1787652125877065604,12204,4.442492,-10.382199428314978,2.312943502366233,-2.6196478990783985,-0.22532362488813595,-1.650209256964983,-0.14400142434085733
left,15.27,1787652125891508096,1787652125887111284,12214,4.396812,-9.785604272772373,1.8703942926773203,-1.6498566925730427,-0.1449834101966582,-1.5094395580289848,-0.22106790861936615
left,15.28,1787652125901508096,1787652125896848334,12220,4.659762,-9.385631685931806,1.786785091695145,-2.1413469555352393,-0.08754021133895214,-1.432164920610471,-0.2517945610232142
left,15.29,1787652125911508096,1787652125906903647,12230,4.604449,-9.478499187551837,2.801906209204713,-2.9111662919592165,-0.08662693801480353,-1.509894684655794,-0.23301083920679927
left,15.3,1787652125921508096,1787652125916868014,12236,4.640082,-10.915774240390016,2.0277106347617035,-3.7487783134052566,-0.12683549366758773,-1.7359331626847345,-0.18619717128748586
left,15.31,1787652125931508096,1787652125926899972,12246,4.608124,-12.110056919472495,2.1483064784962,-4.058679308527319,-0.1562567826170591,-1.9144646594234902,-0.1769650209814237
left,15.32,1787652125941508096,1787652125936877300,12253,4.630796,-12.166511018011915,1.5432184232744623,-3.869423604016894,-0.1334483914444527,-1.8940178517670359,-0.20776959991849603
left,15.33,1787652125951508096,1787652125947032188,12260,4.475908,-11.62696105594837,1.4729384605160414,-2.772636625234532,-0.09876295775728189,-1.7596260096424179,-0.24860818103797133
left,15.34,1787652125961508096,1787652125957174197,12269,4.333899,-10.496631171429636,1.5421919469098486,-2.4460878946847444,-0.04736017477887597,-1.5563504100772854,-0.3129970226299323
left,15.35,1787652125971508096,1787652125967193090,12276,4.315006,-9.737215744515135,2.0977769970003473,-2.2388931158614764,-0.007817635371207957,-1.413598001839699,-0.3606941495600192
left,15.36,1787652125981508096,1787652125976904456,12284,4.60364,-10.040120816795431,2.03307290106126,-2.1822369895949727,-0.012620243267728398,-1.3772053105323758,-0.38907139264522694
left,15.37,1787652125991508096,1787652125986920457,12295,4.587639,-10.507275857002476,2.3811491380438934,-2.085878987343519,-0.039714720674363824,-1.4433969659196961,-0.4197724891902679
left,15.38,1787652126001508096,1787652125996908344,12300,4.599752,-12.182524534945328,2.8982599113207335,-2.486827625370987,-0.06493596325175938,-1.609207337397567,-0.413850650060874
left,15.39,1787652126011508096,1787652126006915683,12308,4.592413,-13.082455377461182,2.3083179169126287,-2.7419071878602024,-0.06788573704441854,-1.7221129497153387,-0.39870145902322307
left,15.4,1787652126021508096,1787652126016934510,12316,4.573586,-13.964640778320893,1.6118909486150859,-2.919220838681383,-0.05103681256004394,-1.8361821915677994,-0.36666358290579126
left,15.41,1787652126031508096,1787652126026982010,12326,4.526086,-14.575256660751933,0.5320198215767519,-2.766898876321564,-0.03190442491230072,-1.8532322073076561,-0.3579653099447856
left,15.42,1787652126041508096,1787652126036910054,12333,4.598042,-13.79659829335854,0.9455718327838352,-2.9498592086120823,-0.006487902750828833,-1.7289470852434903,-0.37473607976078976
left,15.43,1787652126051508096,1787652126047148512,12340,4.359584,-13.148385636601153,1.6658757677809555,-1.5918219444762896,0.031696836172835155,-1.5965561082837358,-0.38780574107202853
left,15.44,1787652126061508096,1787652126056894314,12349,4.613782,-11.44381781716754,1.3830043496672961,-0.6895579549651067,0.07295262563279728,-1.349274670675883,-0.4183362108151381
left,15.45,1787652126071508096,1787652126066880830,12358,4.627266,-9.122962022075065,2.4724318202061295,1.2310621220945688,0.08986771781721681,-0.9980592473359611,-0.4646149527929555
left,15.46,1787652126081508096,1787652126077467039,12364,4.041057,-6.101106232310318,2.137103295868127,2.9027111868919437,0.1092049384689575,-0.5914834001731878,-0.4956026977807397
left,15.47,1787652126091508096,1787652126087142587,12372,4.365509,-2.708193225175667,1.8549697375268863,4.310932014503064,0.1242088454226723,-0.2196105180509571,-0.5218649063209461
left,15.48,1787652126101508096,1787652126097084709,12381,4.423387,0.07496196399310331,1.8219724275538003,6.012818797054984,0.14109691387966738,0.15876965800841414,-0.5655136081774698
left,15.49,1787652126111508096,1787652126106913010,12388,4.595086,2.6149699555011083,2.950370380485239,7.396657766332222,0.1503419880494234,0.45775068720802303,-0.6358775667563847
left,15.5,1787652126121508096,1787652126116853752,12397,4.654344,4.769802294981259,3.191709524395079,7.755140850908418,0.16101378711619713,0.6654173920334334,-0.6862869224653582
left,15.51,1787652126131508096,1787652126127137448,12404,4.370648,5.621465310075217,3.059348190553255,7.80362901545622,0.17492777187713676,0.7679321065654585,-0.7170196659167704
left,15.52,1787652126141508096,1787652126136893887,12415,4.614209,6.050918330986016,2.9772062536416826,7.5328096931283905,0.1694961335206451,0.7784707652821419,-0.7256632315611554
left,15.53,1787652126151508096,1787652126147259314,12420,4.248782,5.8076167923100845,2.949778248227881,6.052784851229056,0.16246827056965052,0.7399293280491779,-0.7210533223049564
left,15.54,1787652126161508096,1787652126156914819,12428,4.593277,5.009767089091417,2.9339320624894256,6.1043001261544045,0.16021151953136473,0.6716318479357184,-0.7149599540032446
left,15.55,1787652126171508096,1787652126166894812,12437,4.613284,5.687693126420186,2.95275858214113,7.2555225351443315,0.14546563560734216,0.8533715302678158,-0.71051290115659
left,15.56,1787652126181508096,1787652126177509144,12446,3.998952,6.74353172176393,2.569928801135536,7.865416242571875,0.13502154685555123,1.0778626894904721,-0.6845517676150523
left,15.57,1787652126191508096,1787652126186952097,12452,4.555999,6.609048760907231,2.0904090127374433,8.719982527682415,0.1240282747188005,1.0948003022007797,-0.6452070738198804
left,15.58,1787652126201508096,1787652126196903548,12460,4.604548,7.63449249844567,2.1862216880829886,9.992981718794795,0.1179562821619857,1.2554492856195918,-0.6133384688387435
left,15.59,1787652126211508096,1787652126206994905,12468,4.513191,9.38532187107692,2.7207040397435245,10.212957574045843,0.13242405163656454,1.418014454197087,-0.6083370755602583
left,15.6,1787652126221508096,1787652126217050434,12479,4.457662,10.628020476607485,3.2683467396324164,10.049416325251592,0.16075529850375914,1.4373854036630171,-0.6057487993538555
left,15.61,1787652126231508096,1787652126226890028,12484,4.618068,12.884156833738585,3.3289826599331884,9.054066868703949,0.17300280951072225,1.5727920683135805,-0.6183370709864789
left,15.62,1787652126241508096,1787652126236932603,12494,4.575493,14.394476533207046,3.514025930531619,10.288874292056768,0.16083497469609748,1.6821970210005806,-0.6394407775902768
left,15.63,1787652126251508096,1787652126247094353,12500,4.413743,16.282423480681615,3.298260304264289,10.354447004611611,0.13942797383607103,1.9133962393160977,-0.6447510247000879
left,15.64,1787652126261508096,1787652126257183416,12508,4.32468,16.562689887299666,3.4973578637802243,10.414926758626375,0.10786203905268131,1.8739434894734808,-0.6190719525495547
left,15.65,1787652126271508096,1787652126266950293,12516,4.557803,16.18240559107421,3.584212488587268,8.556880971954689,0.08188995213243404,1.7959088077185172,-0.5792296405545652
left,15.66,1787652126281508096,1787652126277206467,12527,4.301629,16.5344878999381,3.671415440938647,9.289745261647878,0.051735385156766,1.7287554602867754,-0.5620171682607933
left,15.67,1787652126291508096,1787652126286921753,12532,4.586343,15.952092999876475,3.2997668850422097,7.563403533992981,0.04948608526365422,1.6156573046646496,-0.5496772981503532
left,15.68,1787652126301508096,1787652126296913244,12540,4.594852,14.195854962205262,3.317044510128988,7.211471520862929,0.049927699784738405,1.418174274170142,-0.5564584286099254
left,15.69,1787652126311508096,1787652126306921814,12548,4.586282,14.354853583753933,3.4113147912196093,8.069817841486241,0.05079129768676599,1.3521574620117207,-0.5694517177836285
left,15.7,1787652126321508096,1787652126316911801,12558,4.596295,14.367010751780219,3.4699582995905653,6.400838683769162,0.05736956045290044,1.2616786940258917,-0.5830352590316452
left,15.71,1787652126331508096,1787652126327167608,12564,4.340488,15.32591435016319,3.8182166011846403,6.080007692269323,0.07708034030012764,1.2925285879416257,-0.5842979483543569
left,15.72,1787652126341508096,1787652126336959313,12572,4.548783,14.497841057491943,3.909462617416488,6.657731477756524,0.09924585679431724,1.261969738294303,-0.5765203853860854
left,15.73,1787652126351508096,1787652126347057065,12580,4.451031,13.359456594404897,3.68705863190641,6.483482289783093,0.11771925105538676,1.2519133206655102,-0.5695850558611121
left,15.74,1787652126361508096,1787652126356969925,12589,4.538171,14.211573450272748,2.9087978387321067,6.053021253229161,0.1208769034676018,1.3916868299861782,-0.5694955541352663
left,15.75,1787652126371508096,1787652126366907324,12599,4.600772,11.998967804414045,2.566510017405893,6.82084656833074,0.13226649513870792,1.257210110384908,-0.5600128497939074
left,15.76,1787652126381508096,1787652126377105565,12606,4.402531,12.501373166414112,2.364167067151305,5.564180082141007,0.15318762865851898,1.2202809102064742,-0.5337112308333145
left,15.77,1787652126391508096,1787652126386898843,12615,4.609253,11.933303662272587,2.100181403883655,7.507849306047869,0.17047107849153503,1.1262510433093154,-0.5131103476635012
left,15.78,1787652126401508096,1787652126397065843,12620,4.442253,13.322654891563754,1.761736820660274,6.564408825229838,0.1813030798738241,1.2925651352399086,-0.4876362635438145
left,15.79,1787652126411508096,1787652126406964258,12628,4.543838,12.661103451726097,0.3929246184128805,7.555821141882857,0.19050549448042745,1.1984509167419228,-0.4599242247787864
left,15.8,1787652126421508096,1787652126416888208,12639,4.619888,11.992442428079118,0.4959156624353145,4.467405578741063,0.1959156446833438,1.1300972935420535,-0.4422715908965127
left,15.81,1787652126431508096,1787652126426934255,12645,4.573841,11.754405322242205,0.9916345357829247,5.133408734362465,0.19874549363250404,1.0515926705709497,-0.4282791524598841
left,15.82,1787652126441508096,1787652126437083385,12652,4.424711,10.985515556827576,0.4638586259903917,5.0599488025237696,0.20413894282554915,0.9856346289145859,-0.417087751483253
left,15.83,1787652126451508096,1787652126447320693,12660,4.187403,9.211062574774388,0.013194727508829995,5.560347281145564,0.215951349461523,0.7618637108298922,-0.39917641758485706
left,15.84,1787652126461508096,1787652126456912027,12668,4.596069,8.87830067970537,-0.3861795077624986,5.61010504649943,0.2248653041934873,0.7545285740751654,-0.37797833699670097
left,15.85,1787652126471508096,1787652126467012161,12676,4.495935,8.901883695611978,-0.16335899878999133,6.187825357935937,0.2303797196711595,0.7828349698994028,-0.35408804348546846
left,15.86,1787652126481508096,1787652126477215302,12687,4.292794,8.305476174006122,-0.04040496518027864,5.235473025976743,0.23608716199273186,0.7518164750565809,-0.3470318829857212
left,15.87,1787652126491508096,1787652126487127035,12692,4.381061,6.993777576912165,0.09422043670292068,5.626825835150417,0.23631353258381183,0.6177547682017666,-0.34339075082777204
left,15.88,1787652126501508096,1787652126496902876,12700,4.60522,7.241628709778114,0.3058065739518721,4.396936412838742,0.22178271358788554,0.5787342748012679,-0.35086535455418255
left,15.89,1787652126511508096,1787652126506898708,12709,4.609388,7.363176930539188,-0.2741807995306313,5.463229449960563,0.21016738992557668,0.6188133945907532,-0.3553515271836122
left,15.9,1787652126521508096,1787652126517021077,12718,4.487019,7.469198879972707,-0.5875838936647817,5.4663939159687605,0.19542311802789566,0.6179416400033535,-0.37210807472542773
left,15.91,1787652126531508096,1787652126526928900,12726,4.579196,7.44957100378673,0.3743014230626672,4.369421986374859,0.18291999521721877,0.6175954583517982,-0.3791564583513527
left,15.92,1787652126541508096,1787652126536877340,12732,4.630756,6.822187067006958,0.06554366061661615,3.830826808003533,0.17107330659010608,0.6607029086784182,-0.38995451153024
left,15.93,1787652126551508096,1787652126547275203,12742,4.232893,6.3739793077219895,-0.11692391987028555,3.9836314877991597,0.16736528599759368,0.6709875890991864,-0.39692415117601054
left,15.94,1787652126561508096,1787652126556851329,12750,4.656767,5.425603641570698,-0.18175395084517904,3.988224886791773,0.1618392660188854,0.6114154384566037,-0.41088846133494505
left,15.95,1787652126571508096,1787652126566901256,12756,4.60684,5.519827785885431,0.257295443020632,4.595504302930532,0.15338499865248378,0.6811649323384552,-0.4237299920922555
left,15.96,1787652126581508096,1787652126576934125,12767,4.573971,6.215262260758146,-0.08660458560756079,5.175896341332697,0.15017925854281744,0.7578290318333294,-0.4384505036314788
left,15.97,1787652126591508096,1787652126587141516,12772,4.36658,6.979889718662809,0.165705058730939,4.953847950894768,0.14184907757321705,0.7739346681756842,-0.4508203539109979
left,15.98,1787652126601508096,1787652126596890070,12780,4.618026,6.965261423802185,0.9095295788859736,5.169969329669424,0.13293490890189863,0.7550301321789135,-0.4627322606882551
left,15.99,1787652126611508096,1787652126606882996,12790,4.6251,6.533341545144031,1.54331679418295,5.361900328600001,0.12303513180038561,0.7377729912894176,-0.47668684757451796
left,16.0,1787652126621508096,1787652126617193732,12796,4.314364,6.990723350242404,1.3091862883979983,4.238257597192462,0.11005937940402238,0.7296378174802528,-0.4901087965200116
left,16.01,1787652126631508096,1787652126627157843,12807,4.350253,7.431304106633725,1.2021983754666237,3.0652136335360245,0.0977526027779315,0.7482788006966424,-0.49334650161760507
left,16.02,1787652126641508096,1787652126636860492,12812,4.647604,6.645310470595606,1.4762703178923822,3.4820783764627503,0.08961008557223091,0.6742160975423259,-0.4959444948282263
left,16.03,1787652126651508096,1787652126647125160,12821,4.382936,6.451791640179482,0.9146194696343547,4.111225537954809,0.08625145480554572,0.6510364369540834,-0.4960986473493372
left,16.04,1787652126661508096,1787652126656928368,12830,4.579728,6.827029740799396,0.08205694249652817,3.905380205108333,0.08571496918503582,0.6519738936713573,-0.4840766174322951
left,16.05,1787652126671508096,1787652126666892383,12836,4.615713,6.5640520172148555,0.5808193971489972,4.159453314948749,0.08051776770838658,0.6946127020941282,-0.47326252362077603
left,16.06,1787652126681508096,1787652126676936701,12845,4.571395,6.952020981791878,1.1960752621247006,4.738632237452245,0.0789232956439086,0.7346589867352896,-0.465685658899198
left,16.07,1787652126691508096,1787652126686907434,12852,4.600662,7.143055780881189,1.4369830540340105,3.9471111805535317,0.073431016202054,0.811459829118518,-0.4599889357114098
left,16.08,1787652126701508096,1787652126696892138,12862,4.615958,7.662192486632239,0.9213806267031155,4.413429059629667,0.07007500371768115,0.8397785384766988,-0.4470895185490591
left,16.09,1787652126711508096,1787652126706904205,12869,4.603891,8.108972336693773,-0.19765900222485272,4.780366971953818,0.062217867920056694,0.9220928515296518,-0.42180563598916004
left,16.1,1787652126721508096,1787652126717035761,12877,4.472335,8.193959217402833,-0.2701480599694514,4.849584166951794,0.043320623401972666,0.9530919348654989,-0.39317088580280535
left,16.11,1787652126731508096,1787652126726935253,12884,4.572843,8.008338376791116,0.4497147285797012,5.374501814537945,0.015664127668773148,0.9111630008440305,-0.36353547608074405
left,16.12,1787652126741508096,1787652126736920201,12894,4.587895,7.77713699014719,0.6026807493489039,5.270085826372976,-0.021663687882673227,0.8846521299699618,-0.3405945485764691
left,16.13,1787652126751508096,1787652126747148460,12901,4.359636,7.343550193293833,0.17089282082476126,4.6114987549280775,-0.05289514595569366,0.735517024899496,-0.31397565694288343
left,16.14,1787652126761508096,1787652126756902737,12909,4.605359,7.589372739798712,-0.18556712618469168,5.01780669282554,-0.0994703575376891,0.6903722742177918,-0.27624143085724606
left,16.15,1787652126771508096,1787652126766913800,12918,4.594296,7.192369574613002,0.27125229062014256,4.459536506572739,-0.14619936051705434,0.6458808377750055,-0.23957827508005203
left,16.16,1787652126781508096,1787652126776918652,12926,4.589444,7.3645701051569485,0.2950849809139431,5.063948349326855,-0.19538819095116416,0.6162053253842495,-0.20891549694291073
left,16.17,1787652126791508096,1787652126786901686,12934,4.60641,8.106379700001373,-0.1269498822564471,3.977333029721594,-0.2449657471213475,0.6355169534451259,-0.17429934561976412
left,16.18,1787652126801508096,1787652126797055584,12942,4.452512,8.28087482269101,-0.16890458046245205,4.905066775734859,-0.28727217432328994,0.610463474268801,-0.14040828674558228
left,16.19,1787652126811508096,1787652126806874381,12950,4.633715,9.147790578288786,0.20515540014004408,4.612193149904489,-0.3403746220520176,0.742520759835418,-0.11511435040696158
left,16.2,1787652126821508096,1787652126816955897,12958,4.552199,9.747379464339648,0.19243938190126514,4.805298655611725,-0.38457177658170005,0.8041263370360553,-0.08812016598422975
left,16.21,1787652126831508096,1787652126827361364,12966,4.146732,9.681544137018816,0.42494734867795986,4.881391117984288,-0.42087792351319675,0.8124797779378227,-0.06242037141925966
left,16.22,1787652126841508096,1787652126836865259,12974,4.642837,9.733087153231555,0.5928424822128516,4.649698758987154,-0.43758764030190844,0.8497903432109924,-0.04940427181435657
left,16.23,1787652126851508096,1787652126846901796,12981,4.6063,9.113189976170677,0.962070415508671,4.454532781193952,-0.43269401683437947,0.8097906468764817,-0.043665493157821596
left,16.24,1787652126861508096,1787652126856958011,12989,4.550085,9.151331747139881,0.5566796355565595,4.352245611201312,-0.42989141637008493,0.7402225463625696,-0.03542186419930629
left,16.25,1787652126871508096,1787652126866897500,12998,4.610596,8.720065455728038,0.5067885116267001,4.049629309439885,-0.4389089332048212,0.7254234214295744,-0.030664423211645114
left,16.26,1787652126881508096,1787652126876934507,13004,4.573589,8.577051249311156,0.5105903777316021,4.274429906820552,-0.4525908674409529,0.7095293373782285,-0.01959861871842189
left,16.27,1787652126891508096,1787652126886933890,13012,4.574206,8.686272744731923,0.510869625679689,3.7292999739815986,-0.461877031632292,0.6786459631185714,-0.004415046351272017
left,16.28,1787652126901508096,1787652126896972170,13023,4.535926,8.579930136989022,0.508957692628196,3.6806150518347494,-0.46008838927738394,0.5976246010914472,0.005913070726709428
left,16.29,1787652126911508096,1787652126907150622,13029,4.357474,8.492275467984259,0.8161052510041666,4.071124538560488,-0.46577012501871085,0.6160894994681368,0.007725227454869678
left,16.3,1787652126921508096,1787652126916904358,13038,4.603738,9.210226018133325,0.7797539287740181,4.268031671088621,-0.4764849363835655,0.7012974636684056,0.010090371518993922
left,16.31,1787652126931508096,1787652126927041289,13046,4.466807,9.590269248350335,0.7589147177553355,4.095399318233157,-0.48124317885713097,0.7821200720021937,0.01075558659676526
left,16.32,1787652126941508096,1787652126936946463,13052,4.561633,9.632496964739953,0.7307001462742564,3.9888731942232774,-0.4709214175471403,0.807627742669219,0.0028289681960488797
left,16.33,1787652126951508096,1787652126947198159,13060,4.309937,9.183282555794374,0.6682966460890454,3.986503365619802,-0.45392853822857004,0.7566575111338237,-0.00735187771401314
left,16.34,1787652126961508096,1787652126957133893,13068,4.374203,8.587172716851361,0.6360417136759782,4.128932927911368,-0.4326631916921831,0.6811509975078632,-0.012670019177371691
left,16.35,1787652126971508096,1787652126967076906,13076,4.43119,8.466190094169566,0.6287945304459912,3.7404546114892123,-0.4152642605378346,0.6747376287934633,-0.017604341782687223
left,16.36,1787652126981508096,1787652126976936628,13084,4.571468,8.556209918627093,0.6521958878756171,3.572923913048792,-0.39180643411471683,0.6341436866939988,-0.02751915891982914
left,16.37,1787652126991508096,1787652126987116487,13092,4.391609,8.115292416591462,0.6233484324454244,4.0806792647621615,-0.3774455784718229,0.6142315794789439,-0.03807810676399518
left,16.38,1787652127001508096,1787652126997099266,13102,4.40883,8.717835894590696,0.7056225284877795,3.5411695521876934,-0.37751239359892297,0.6756133949918548,-0.039374543440556166
left,16.39,1787652127011508096,1787652127006856669,13108,4.651427,9.218590831616538,0.7396946900481819,4.28398407386304,-0.37935675865550544,0.7312646430247378,-0.03260023043916416
left,16.4,1787652127021508096,1787652127016902173,13117,4.605923,9.75027836527517,0.7743416617870315,4.494666309406271,-0.380342020382583,0.7726046320338339,-0.033533774031775404
left,16.41,1787652127031508096,1787652127027135419,13124,4.372677,10.314712994419216,0.4959172661972122,4.250434114549538,-0.38322441290130266,0.7938316625368944,-0.04051173113701273
left,16.42,1787652127041508096,1787652127036866041,13133,4.642055,10.43300129443778,0.5994045250463231,4.498167705642826,-0.3843620152742593,0.7635068157611611,-0.03700252662010721
left,16.43,1787652127051508096,1787652127046942717,13143,4.565379,10.45190763750451,0.6525586520507101,4.825554665618736,-0.38356881253450525,0.7425021578890059,-0.04114950427842631
left,16.44,1787652127061508096,1787652127056912053,13149,4.596043,10.4354082224926,0.6920852555521585,4.270391747593854,-0.38535191489028187,0.7506549140922402,-0.039239735046841584
left,16.45,1787652127071508096,1787652127067112268,13156,4.395828,10.213773715032222,0.6984740096896842,4.707036351107122,-0.386637761145902,0.7459769554063315,-0.038027748158666067
left,16.46,1787652127081508096,1787652127076962012,13164,4.546084,10.097468679028792,0.7209389718128978,4.427891648358035,-0.3884174430484457,0.7431742752658713,-0.035611004017448974
left,16.47,1787652127091508096,1787652127086994769,13174,4.513327,9.915501430255135,0.7272380668008077,4.527755512974263,-0.3906080399327492,0.7661742054654695,-0.038925232443181204
left,16.48,1787652127101508096,1787652127096864044,13182,4.644052,9.554091493988063,0.7010688533874223,4.664864362127593,-0.3878955275210647,0.757616200441778,-0.0385938057970794
left,16.49,1787652127111508096,1787652127107123010,13190,4.385086,9.544897734313086,0.7081980821034684,4.159632668262342,-0.38491584711371823,0.7354839599051293,-0.039591158814886035
left,16.5,1787652127121508096,1787652127116881524,13198,4.626572,8.914235271545675,0.6552713343200239,4.843923438421099,-0.37881753907448734,0.6868348830011409,-0.039410118016193485
left,16.51,1787652127131508096,1787652127127101074,13205,4.407022,8.865286260513402,0.9821681322362308,4.58020114320698,-0.3738404372701967,0.6601532574214042,-0.03836091009073042
left,16.52,1787652127141508096,1787652127136885106,13213,4.62299,8.93334985710774,0.9108473370174215,4.3153668518816755,-0.3669698711576229,0.6474937164857053,-0.03849379366410838
left,16.53,1787652127151508096,1787652127146936894,13220,4.571202,8.646512833914123,0.8221098408272972,4.466650341189925,-0.3604745815592539,0.6057529833027255,-0.042387428100598964
left,16.54,1787652127161508096,1787652127156948763,13228,4.559333,8.05862415001292,0.7133838597757514,4.624425061492146,-0.35589116661428166,0.5776053493485132,-0.04736938644606233
left,16.55,1787652127171508096,1787652127167166553,13237,4.341543,7.706244275534218,0.6692072271381715,4.558241564590686,-0.3448907125902201,0.5545764851068989,-0.04883310083311456
left,16.56,1787652127181508096,1787652127176901135,13244,4.606961,7.175399629309364,0.6096315216603214,4.682901990269961,-0.33924352197779417,0.5346014894505756,-0.053012058269572414
left,16.57,1787652127191508096,1787652127186947829,13252,4.560267,6.764845211272437,0.552038952561724,5.014890608129598,-0.34256371439885996,0.542133974311662,-0.051654433002512254
left,16.58,1787652127201508096,1787652127196919893,13263,4.588203,6.328311369344479,0.16890646070248716,5.090871976761745,-0.34575553744570064,0.5803909090619477,-0.05147245465689487
left,16.59,1787652127211508096,1787652127206895800,13269,4.612296,6.18071527510905,0.24284823422326685,5.550981348511461,-0.3527498334412367,0.6717879850633817,-0.052216566095972486
left,16.6,1787652127221508096,1787652127217021837,13276,4.486259,5.980485718937414,0.686950354387368,5.822491486844299,-0.3647895769568053,0.7873084178108856,-0.052453675487815474
left,16.61,1787652127231508096,1787652127227159641,13285,4.348455,5.761222431753228,0.3893198399421283,6.6230805950696094,-0.37215039264944616,0.8925821799007545,-0.05524988706097769
left,16.62,1787652127241508096,1787652127236926192,13294,4.581904,5.920930197388678,0.5713790254049067,7.314073010443037,-0.3770862225638293,0.9852247439980284,-0.05453595280079595
left,16.63,1787652127251508096,1787652127246974662,13300,4.533434,6.087166931513502,0.8110646426044015,7.664863822400789,-0.3808582640348,1.048314300784988,-0.05513993328058095
left,16.64,1787652127261508096,1787652127256980457,13310,4.527639,6.2973055696393665,1.10371776163759,7.685366983148789,-0.3814127777817616,1.0718643357606819,-0.05326506032188369
left,16.65,1787652127271508096,1787652127267142650,13316,4.365446,6.73597978073308,1.4372466591244188,7.7095491570284205,-0.37670360841618833,1.0368529004424503,-0.05268724854211246
left,16.66,1787652127281508096,1787652127276878831,13326,4.629265,7.120222007389454,1.4084544098713225,6.88938079765169,-0.36481838246565795,0.9585590207321875,-0.05421543477184748
left,16.67,1787652127291508096,1787652127286917050,13334,4.591046,7.7101461090656604,1.7974137599329587,5.924998964397127,-0.35362251201289924,0.862908727925194,-0.06008961771275648
left,16.68,1787652127301508096,1787652127297312034,13340,4.196062,8.436123029368598,1.7723538507820247,5.057842194238255,-0.3362711157844125,0.7601891116459347,-0.0628331018623973
left,16.69,1787652127311508096,1787652127306855223,13350,4.652873,8.474321261308713,1.7786659031066485,4.612569760953361,-0.318739311514494,0.6712802051291539,-0.06540469077110261
left,16.7,1787652127321508096,1787652127316911197,13356,4.596899,7.8035012672305895,2.492350072610707,4.9712823270762865,-0.2980048725087381,0.6027105336323065,-0.055104213943457825
left,16.71,1787652127331508096,1787652127327674597,13364,3.833499,8.548769984276236,2.4937103002709335,3.5607685402271674,-0.280736804563815,0.5844626020738569,-0.03233140840021753
left,16.72,1787652127341508096,1787652127336899554,13372,4.608542,8.414064747682069,2.018356516848848,3.913566298537924,-0.25813626642133064,0.531576043844421,0.011661934867200907
left,16.73,1787652127351508096,1787652127346954484,13380,4.553612,8.101500904863085,2.347701194739219,4.451083522181439,-0.2425878822521563,0.43457533538498594,0.07145055265069511
left,16.74,1787652127361508096,1787652127356945893,13388,4.562203,8.820213021416842,2.1345542924434295,3.333267695705064,-0.22889867417844406,0.350335931123249,0.1388454450989628
left,16.75,1787652127371508096,1787652127366907014,13396,4.601082,8.918446245652623,2.906773237713212,3.196472088352406,-0.21426781122656022,0.24878064027301194,0.2103814718044933
left,16.76,1787652127381508096,1787652127376903973,13404,4.604123,8.995259394945398,2.6522471629510616,3.0462687560384425,-0.19958078376313745,0.1591966008732193,0.25648196369190923
left,16.77,1787652127391508096,1787652127386902038,13414,4.606058,9.498602963931038,1.5887011404201354,2.4350217744959863,-0.1957504166247473,0.09783711088739622,0.27221497119876004
left,16.78,1787652127401508096,1787652127396978470,13421,4.529626,9.484223162770252,2.264658557941364,2.9935964706333813,-0.1987034032714967,0.006240520686336959,0.28987404588072974
left,16.79,1787652127411508096,1787652127406873570,13429,4.634526,9.41720548370083,2.5228716869739363,2.3984313078708253,-0.2018423639557042,-0.10072082910282198,0.3043089712022123
left,16.8,1787652127421508096,1787652127416868471,13437,4.639625,9.163757910299895,1.8969269184033242,2.3381164006604465,-0.21905110521286414,-0.20627347137899288,0.3116297927742254
left,16.81,1787652127431508096,1787652127427331075,13445,4.177021,8.87392863493456,2.1039973229280062,2.4440331707951577,-0.23823876028307978,-0.2886516594633073,0.32729310438717074
left,16.82,1787652127441508096,1787652127436994776,13453,4.51332,8.603335359665882,2.24545870913331,1.9008872136994863,-0.25247796973759784,-0.3543592810960584,0.31910577447917643
left,16.83,1787652127451508096,1787652127446912678,13461,4.595418,7.953511845308954,2.0031211860970473,1.787320657332227,-0.24896836963984037,-0.37825178354706235,0.31425869074209584
left,16.84,1787652127461508096,1787652127457196828,13469,4.311268,7.368448481765965,1.7074070044100025,2.1251928008698715,-0.2415668605449452,-0.40374354186224415,0.3076609579707886
left,16.85,1787652127471508096,1787652127467137463,13477,4.370633,7.123310733236361,1.7299129144220653,1.6651244283557585,-0.23721369345527968,-0.384780531935503,0.3005004233360867
left,16.86,1787652127481508096,1787652127476895923,13486,4.612173,6.57839594030448,1.3673405322923524,1.559240423380146,-0.22542946625297863,-0.38328079726272957,0.3097234316482369
left,16.87,1787652127491508096,1787652127487121541,13493,4.386555,5.764167063136859,0.9814889917684806,2.7988985558365687,-0.22134547865695572,-0.38676029920627397,0.30584992314974896
left,16.88,1787652127501508096,1787652127497053716,13503,4.45438,5.4748804309758725,1.065643352048407,2.366894810209071,-0.2224135961676892,-0.39210913961717564,0.3055486588826227
left,16.89,1787652127511508096,1787652127507101693,13510,4.406403,5.57921717351926,0.8253822335603143,1.5921381474965426,-0.21602590286583956,-0.41127160049905365,0.32038751274050986
left,16.9,1787652127521508096,1787652127516856986,13517,4.65111,5.360311950242047,0.8167774843474049,1.472329155181362,-0.20926643712136206,-0.463953549001322,0.3281512793859054
left,16.91,1787652127531508096,1787652127527309968,13525,4.198128,5.4322201591505666,0.45627470748930377,1.8888194687238478,-0.20942671718520423,-0.48903667382979954,0.3304369110385807
left,16.92,1787652127541508096,1787652127536890209,13532,4.617887,5.992755323708988,0.2352884417062683,1.4751820098022346,-0.21265163873568707,-0.4687248385932278,0.33316809036832695
left,16.93,1787652127551508096,1787652127546999908,13540,4.508188,6.545287021160815,0.04978812442625452,1.7219431608052733,-0.2197253328228011,-0.4201487353495156,0.3402279790823419
left,16.94,1787652127561508096,1787652127557136565,13548,4.371531,7.239020620101655,-0.029080651639787902,2.388766859751697,-0.2222827561030345,-0.3042820577237584,0.3339112805451838
left,16.95,1787652127571508096,1787652127567131399,13556,4.376697,8.437470249408994,0.02604761798351979,2.970252721644937,-0.22304820444770584,-0.14328831838717915,0.31608630862708786
left,16.96,1787652127581508096,1787652127577020623,13567,4.487473,9.746494756750419,0.5024543192728205,3.2820003098045003,-0.228321535774395,0.029920081934468934,0.28982578795546776
left,16.97,1787652127591508096,1787652127586937698,13574,4.570398,9.24185093613234,0.5031443419435364,4.65433807916335,-0.22890944052799836,0.16339615529545592,0.2594215625505547
left,16.98,1787652127601508096,1787652127597149754,13581,4.358342,9.51322815198217,0.6510372142487025,4.697074835504605,-0.22712877995517514,0.3397791998155637,0.23145418496521017
left,16.99,1787652127611508096,1787652127606958320,13590,4.549776,9.445392379594917,0.820796146886123,4.330491011676719,-0.21885724720214877,0.4746834888563276,0.20687185046088596
left,17.0,1787652127621508096,1787652127616902789,13597,4.605307,9.215868898484747,0.9524217781672778,5.694082763805964,-0.20931712009085146,0.6187693263115044,0.18375438828849533
left,17.01,1787652127631508096,1787652127627449912,13605,4.058184,9.493435749227878,1.0811907591686336,5.945720629212322,-0.20742609698882342,0.7908266702670869,0.16059664886297237
left,17.02,1787652127641508096,1787652127636863997,13615,4.644099,10.03971182760154,0.9036674266835055,4.963030776633272,-0.20553804159547362,0.8824281907515115,0.13673362186914295
left,17.03,1787652127651508096,1787652127647009094,13621,4.499002,9.201787034326719,0.9909471312020792,7.473797828021942,-0.20876656874918,0.9275334176215144,0.10562620293530936
left,17.04,1787652127661508096,1787652127656950410,13631,4.557686,8.947824428286031,1.0175996517795367,7.145786350671406,-0.21547901696927024,0.9876074125255829,0.05681563906834436
left,17.05,1787652127671508096,1787652127666893928,13637,4.614168,9.485725901623542,0.8442073566156418,7.902261908164151,-0.22176846342685436,1.0518832277950607,-0.002926048869164359
left,17.06,1787652127681508096,1787652127677113061,13644,4.395035,9.60874275161133,1.1200972849626505,6.98943693471514,-0.21300038974990548,1.114921496875478,-0.06667054744547583
left,17.07,1787652127691508096,1787652127686952103,13652,4.555993,9.251666241418231,1.6732325695079078,6.8269159383001305,-0.18086859838736552,1.0377977075820248,-0.13128767025757088
left,17.08,1787652127701508096,1787652127697227883,13662,4.280213,9.129603597439699,1.8193941626760852,5.757143934454982,-0.12638255429308087,0.9711280995925189,-0.20364523456155803
left,17.09,1787652127711508096,1787652127706904505,13668,4.603591,8.2546536397944,1.973235923402875,5.787402870605144,-0.06711965803986487,0.8561088224331608,-0.27886024972535767
left,17.1,1787652127721508096,1787652127717113678,13678,4.394418,8.226098895045205,1.936682744733079,4.4043286387173,-0.01205638770246669,0.7771625556584644,-0.3480474408801803
left,17.11,1787652127731508096,1787652127727300723,13684,4.207373,8.276118398640532,2.250626132848227,4.773941160100768,0.03228636358566994,0.698909526714989,-0.3854783852017286
left,17.12,1787652127741508096,1787652127736876688,13695,4.631408,7.991992689877028,2.40341325417428,4.947059539345677,0.05864648400915359,0.5837180258714274,-0.4031404186239758
left,17.13,1787652127751508096,1787652127747089410,13703,4.418686,7.979473436852303,2.224371602280519,5.498794548152166,0.07051175645963112,0.5865719993566778,-0.4047757461345861
left,17.14,1787652127761508096,1787652127756940680,13708,4.567416,7.470671496202484,2.2519869818605693,4.819215470764872,0.08792855176582087,0.5263633686416191,-0.39996893687028034
left,17.15,1787652127771508096,1787652127766861474,13718,4.646622,7.148063161890952,2.537261298322964,3.8547168627202133,0.09923494332818543,0.460413175862712,-0.4089113523678677
left,17.16,1787652127781508096,1787652127777122651,13724,4.385445,6.76577672005447,2.80865203912874,3.2691296332742823,0.10331367444839554,0.45006135758106347,-0.4236387504134318
left,17.17,1787652127791508096,1787652127786948935,13733,4.559161,5.931560985056518,2.70804617919826,3.2524644273798162,0.10519892270491775,0.39283452598854396,-0.43839621599015827
left,17.18,1787652127801508096,1787652127797404460,13740,4.103636,6.115963093608831,2.746077892931226,3.392049405820179,0.10069934984498174,0.42554468696651615,-0.446347166086738
left,17.19,1787652127811508096,1787652127806947226,13749,4.56087,7.2207286658300145,2.8182396766118742,3.431913591936545,0.09620276013153578,0.5185915088774553,-0.4410918859457371
left,17.2,1787652127821508096,1787652127817037563,13756,4.470533,6.350942419109763,2.6808437253376414,4.145805970875246,0.09255541280977594,0.5903965479229144,-0.44559382102614514
left,17.21,1787652127831508096,1787652127827209283,13764,4.298813,5.9869120580898745,2.5408462214948053,4.004995931795984,0.09513709730194293,0.5670505588055037,-0.44109539265390635
left,17.22,1787652127841508096,1787652127836915988,13773,4.592108,5.191177389321274,2.1535756910670427,3.2939449429730225,0.09166788332603436,0.5281895808183288,-0.43511745294481086
left,17.23,1787652127851508096,1787652127846986020,13781,4.522076,5.024062220663965,2.184078704243746,2.756057435571945,0.08055667150624019,0.5102195894697945,-0.42886884980880424
left,17.24,1787652127861508096,1787652127857189029,13788,4.319067,4.5695204977472,2.1753972537758552,3.574793588176888,0.06818952962352738,0.4892407921187005,-0.42142757726687813
left,17.25,1787652127871508096,1787652127867094772,13798,4.413324,4.521892890411368,2.2204115453610282,3.6604586285096854,0.05849779576568491,0.454339250413614,-0.41293681003816024
left,17.26,1787652127881508096,1787652127876922488,13804,4.585608,5.037486426660906,2.328213143228074,3.7345655103634368,0.0432628899374721,0.5119273200687758,-0.4150365116454514
left,17.27,1787652127891508096,1787652127886896564,13813,4.611532,5.69568099029339,2.4341079533862695,3.797386201141982,0.0333684927704488,0.5594775569158135,-0.4137866591962311
left,17.28,1787652127901508096,1787652127897502826,13820,4.00527,5.86301849819617,2.4690058684600347,2.9289613075846703,0.020149177068339547,0.584223826599414,-0.41821094036777107
left,17.29,1787652127911508096,1787652127906887144,13828,4.620952,5.954091412208585,2.553384527768518,3.0015495313757263,0.010522977731650923,0.5596653920115422,-0.41712344532803813
left,17.3,1787652127921508096,1787652127916861364,13837,4.646732,5.256393021503624,2.5895016976000806,2.8290073098069817,0.0033144460901235184,0.535252169505786,-0.4189190729178226
left,17.31,1787652127931508096,1787652127927029087,13844,4.479009,4.638791291928913,2.6197410847839557,3.4763247390070036,-0.0024596334988282453,0.49157085606639994,-0.4204320135378226
left,17.32,1787652127941508096,1787652127936953001,13852,4.555095,4.813077474510787,2.7511855785877697,3.651156105178365,-0.008833253309547956,0.503135150656713,-0.41942162812867795
left,17.33,1787652127951508096,1787652127947088796,13862,4.4193,4.33953583248318,3.012846794374416,4.188290426062747,-0.02169767544247296,0.5370827563234165,-0.4152848410738636
left,17.34,1787652127961508096,1787652127957180228,13869,4.327868,4.294048826871234,2.762488777156819,4.954983027160916,-0.04600994153567657,0.6042694540169566,-0.41683502120443405
left,17.35,1787652127971508096,1787652127966972359,13876,4.535737,5.048768437414064,3.1472536572037195,4.453310971728514,-0.08104981705609679,0.653986118075309,-0.4081813161299519
left,17.36,1787652127981508096,1787652127976938817,13885,4.569279,4.35747226325508,2.902144879928889,4.155220832996311,-0.12074219360168603,0.6933737949693841,-0.4076885020223603
left,17.37,1787652127991508096,1787652127987097162,13892,4.410934,3.9982108551481783,2.9935215573985996,5.531587925317047,-0.15937087315101095,0.7317643628636551,-0.40238054605827983
left,17.38,1787652128001508096,1787652127997368378,13900,4.139718,4.548389961522459,3.0957762878267303,4.572624768095908,-0.19403039915739095,0.7535191150839069,-0.39741194779726835
left,17.39,1787652128011508096,1787652128006911578,13908,4.596518,4.085500155694296,3.09130557314335,5.20282466552729,-0.22459457801697763,0.7496346071331541,-0.3886378631356625
left,17.4,1787652128021508096,1787652128016961929,13916,4.546167,3.9249296988133704,3.050037977229232,6.538006595330078,-0.25214695081966837,0.7844208970150419,-0.3759789461106172
left,17.41,1787652128031508096,1787652128027023884,13924,4.484212,4.974672844495017,2.8911328469881385,5.7900095494924315,-0.28002340285780186,0.7943780016113382,-0.36348068410718803
left,17.42,1787652128041508096,1787652128037042637,13933,4.465459,4.8806072790774735,2.9256604534446304,6.077198558277804,-0.29322415117001105,0.7638609184367738,-0.35375262320698625
left,17.43,1787652128051508096,1787652128047278871,13940,4.229225,5.520060199303779,3.244482522601908,6.280535282106428,-0.29622308554532634,0.7246382334399849,-0.3490204804805087
left,17.44,1787652128061508096,1787652128057048630,13948,4.459466,5.78365425580067,3.2018720626771024,5.5852810837549836,-0.30072560757277167,0.6879388614322607,-0.34723913900733916
left,17.45,1787652128071508096,1787652128066945266,13957,4.56283,5.357456633602367,3.1491393317248293,4.9404421682027335,-0.30537182506141236,0.622413603723008,-0.3426209204037718
left,17.46,1787652128081508096,1787652128077008977,13967,4.499119,5.247922148275476,3.093210874292672,5.207260307600494,-0.30821449618358576,0.575303119066759,-0.32927435935244626
left,17.47,1787652128091508096,1787652128087144243,13972,4.363853,4.866826309314704,3.0320637611708507,5.078515857715801,-0.3139067579591754,0.5684211049414288,-0.31633200997958405
left,17.48,1787652128101508096,1787652128097315054,13980,4.193042,4.650924562277996,3.0316355827531365,4.666425035037316,-0.3172119784136307,0.5322645806395477,-0.30339390030921065
left,17.49,1787652128111508096,1787652128106986539,13990,4.521557,4.8810542426889825,3.073702244378366,4.650201381899889,-0.31929772971846526,0.5264756793436659,-0.2921608671741322
left,17.5,1787652128121508096,1787652128117067273,13996,4.440823,4.891943815218013,2.948034970788643,5.241630688626295,-0.3205717753733424,0.5192384441767696,-0.27697818053775614
left,17.51,1787652128131508096,1787652128127001486,14006,4.50661,5.681850335131177,3.036593159523361,4.835122382033755,-0.3198960299106117,0.530146659284203,-0.2690151592957185
left,17.52,1787652128141508096,1787652128136897727,14013,4.610369,6.272953184654591,3.2397798975555263,5.095596695546586,-0.3236101511044343,0.5503667081908633,-0.2682322517467014
left,17.53,1787652128151508096,1787652128147193911,14022,4.314185,7.120746231743312,3.541954201098858,4.797990149491413,-0.321286352546697,0.5663588030902335,-0.268825882131791
left,17.54,1787652128161508096,1787652128157136130,14028,4.371966,6.565547733433226,3.5800904046985598,4.683481228317014,-0.3191513517238865,0.5099160225390479,-0.27468351846244626
left,17.55,1787652128171508096,1787652128167125950,14036,4.382146,6.158342139475488,3.887042546859128,4.105663811010241,-0.31853958904604657,0.45982928615996155,-0.2774995124078727
left,17.56,1787652128181508096,1787652128176914615,14046,4.593481,6.0597733922066555,4.1562760031553845,3.618667054073318,-0.3206563177804235,0.395811582493789,-0.28290831590011506
left,17.57,1787652128191508096,1787652128186899293,14055,4.608803,5.5941618939213225,3.993577217747558,3.58345630777473,-0.31871683807124856,0.33677417723251324,-0.2855822908086513
left,17.58,1787652128201508096,1787652128197379671,14060,4.128425,5.633114333866318,4.061405283145459,3.5220808420940823,-0.3175278168330354,0.2974703861207514,-0.2789335717735439
left,17.59,1787652128211508096,1787652128206901517,14068,4.606579,5.142867205537302,3.977558525223131,3.783284240330796,-0.3197485606721431,0.23999737406559074,-0.27387512587326374
left,17.6,1787652128221508096,1787652128216948685,14078,4.559411,5.930783881737066,4.160441674353253,3.136821723540426,-0.3216106101250672,0.22546561339035243,-0.26728740508702514
left,17.61,1787652128231508096,1787652128227125650,14084,4.382446,6.029417506169452,3.8921270779691093,4.575184204896383,-0.33103942293476496,0.2628523028545876,-0.269785363766294
left,17.62,1787652128241508096,1787652128236883112,14092,4.624984,6.218360242856835,3.507445876960823,4.047486802562808,-0.34088539312771,0.2780092548682731,-0.26098472948004214
left,17.63,1787652128251508096,1787652128247080949,14101,4.427147,6.781231802843715,3.352052140195421,3.6048395598353626,-0.3588282719941876,0.29742457441230497,-0.2448359416968222
left,17.64,1787652128261508096,1787652128256918535,14108,4.589561,6.2191906811764595,3.5241367717684184,4.373793338230021,-0.3731813312373249,0.31358342288687,-0.22839113299609667
left,17.65,1787652128271508096,1787652128266903713,14118,4.604383,6.211979826372678,3.8577738955638745,4.517150460164006,-0.38251464478920716,0.3709105027489662,-0.21126785242599294
left,17.66,1787652128281508096,1787652128276927227,14126,4.580869,5.859689091606005,3.647677406097561,5.122888176773603,-0.37752080992440046,0.4132381435605068,-0.18370084344698973
left,17.67,1787652128291508096,1787652128286887159,14134,4.620937,5.7465757129095945,3.4576788298496024,4.306512476390061,-0.3588679451492011,0.45310966198726843,-0.13661676914131843
left,17.68,1787652128301508096,1787652128297550206,14140,3.95789,5.274031388180971,2.78661164246926,5.037105373844895,-0.3371628931782769,0.4897925438541032,-0.05984399309161814
left,17.69,1787652128311508096,1787652128306862379,14148,4.645717,5.464205368003458,2.28950019775783,4.787129334195598,-0.3095107276176442,0.5420803782358486,0.04002673212228347
left,17.7,1787652128321508096,1787652128316932491,14156,4.575605,5.401956332971552,2.4456255293688876,5.1409735953383695,-0.28425476596028826,0.5781372654299903,0.13975663446176362
left,17.71,1787652128331508096,1787652128326956886,14164,4.55121,5.089475780771282,2.4024247973772535,5.009484859980289,-0.2683616537355138,0.6190833608166059,0.19455481217948006
left,17.72,1787652128341508096,1787652128336899509,14174,4.608587,5.31475854653052,2.0804255518319357,5.3627010052027515,-0.2593341362780194,0.6161406487397382,0.21840803661978161
left,17.73,1787652128351508096,1787652128347243677,14181,4.264419,5.20366233970309,1.7760416306862963,5.187209130668678,-0.25753888393152197,0.6133919884839149,0.21376284384467564
left,17.74,1787652128361508096,1787652128356927067,14190,4.581029,5.5084581451484755,1.5701922587283987,5.6352824454940045,-0.256737691718657,0.6079711178382905,0.21654596720502234
left,17.75,1787652128371508096,1787652128366957969,14196,4.550127,4.702687089077948,1.413930630399531,5.2093320005547845,-0.2572585647186112,0.5686608996458932,0.21892699142535846
left,17.76,1787652128381508096,1787652128376881735,14204,4.626361,4.876530380162082,1.6681290547572896,5.051765689571155,-0.2552730246704202,0.5321388830037165,0.23130066484972017
left,17.77,1787652128391508096,1787652128386881837,14212,4.626259,5.0664569487464695,1.4820375903249239,4.585147241298919,-0.25196761270411266,0.4742323618850164,0.23390268616519527
left,17.78,1787652128401508096,1787652128396984084,14221,4.524012,5.601527794686388,1.2358170486303857,4.896986163291501,-0.2481396632794736,0.41195495601611976,0.265246073463986
left,17.79,1787652128411508096,1787652128406896615,14230,4.611481,6.333277601748142,0.3934137160689284,4.197238856215739,-0.24504431410394933,0.32248503890488645,0.28298808829560557
left,17.8,1787652128421508096,1787652128416884228,14238,4.623868,7.299400038994278,-0.5880517198167519,3.936829945790747,-0.23974060715760476,0.2082384671985259,0.34334921470553875
left,17.81,1787652128431508096,1787652128426931141,14246,4.576955,7.117880641087642,-1.8311441310227365,3.1240132379052077,-0.2291266529876187,0.08627531921846698,0.41559114847744927
left,17.82,1787652128441508096,1787652128436938496,14253,4.5696,9.062879293001071,-3.1097415149430083,2.1309297257839983,-0.22293711687582932,-0.05421050096630886,0.4642825116896047
left,17.83,1787652128451508096,1787652128447175850,14260,4.332246,9.44875070395639,-4.319381652092804,1.8293708350501032,-0.21770243566488837,-0.15332334181819696,0.5069960626435759
left,17.84,1787652128461508096,1787652128456868375,14268,4.639721,10.150929799834177,-5.076845640488788,1.561251528348067,-0.21921146302297811,-0.25804443740673344,0.5330100030283801
left,17.85,1787652128471508096,1787652128466971856,14276,4.53624,10.240081844076048,-5.560380048027621,1.8067327410352956,-0.21689591835579936,-0.2934260379938329,0.5741138617438399
left,17.86,1787652128481508096,1787652128476915125,14285,4.592971,11.021346616512611,-5.764601289610504,0.7279078594658941,-0.21466811385295587,-0.29986678702337854,0.6031838446826385
left,17.87,1787652128491508096,1787652128486932225,14292,4.575871,10.745265383896237,-5.7385663849088795,1.6369129121345614,-0.2166479084244631,-0.30977346432589087,0.6125052877045247
left,17.88,1787652128501508096,1787652128497409019,14303,4.099077,10.130335585949584,-5.569190134229156,2.0400738312095568,-0.22230364154808563,-0.25752158843918865,0.6148995102790908
left,17.89,1787652128511508096,1787652128506884554,14310,4.623542,9.702055030719213,-5.878105752463066,1.265567805462843,-0.22875244125551042,-0.21607713581081478,0.6152589074874215
left,17.9,1787652128521508096,1787652128516915824,14317,4.592272,9.345594306379692,-5.69160834383992,2.9420729094823908,-0.24152994480638304,-0.22427781489428333,0.6111273624595263
left,17.91,1787652128531508096,1787652128526920359,14326,4.587737,9.202882664144132,-5.578322030337311,2.7046330824608846,-0.2520470050025263,-0.2145517904050288,0.5972616037223533
left,17.92,1787652128541508096,1787652128536943765,14334,4.564331,9.04342878247722,-4.83738178683281,1.731973883196793,-0.26249138767496216,-0.2529770151528118,0.5795627099641305
left,17.93,1787652128551508096,1787652128547474820,14342,4.033276,9.040040213689197,-4.470695659468299,2.1084859922336743,-0.2722109691763283,-0.31340774676091926,0.5624652428067615
left,17.94,1787652128561508096,1787652128556879915,14351,4.628181,9.516594290757064,-4.392209685610398,1.689417013055035,-0.2800619098242741,-0.3298863579414222,0.5478588984083772
left,17.95,1787652128571508096,1787652128566905453,14359,4.602643,9.189779849216126,-4.452894380202726,1.6128454529063152,-0.28402669643328515,-0.3787465487227063,0.5514417694948668
left,17.96,1787652128581508096,1787652128576950286,14365,4.55781,10.300322769673448,-4.400023274446783,2.386120771587769,-0.29051281900775844,-0.336789363758911,0.5545296206470031
left,17.97,1787652128591508096,1787652128586871526,14372,4.63657,10.94037373677304,-4.519550478232073,2.098305648998303,-0.2953017756967518,-0.2565156323611512,0.5589636945244659
left,17.98,1787652128601508096,1787652128596931522,14380,4.576574,10.819109438844668,-4.4852184857047295,2.735901518407955,-0.30463718737129497,-0.22312855220889705,0.5641413235117742
left,17.99,1787652128611508096,1787652128606910401,14388,4.597695,11.130025755786923,-4.405143237553494,2.6112506388591417,-0.31080488237527076,-0.17764535407750248,0.5685462956304622
left,18.0,1787652128621508096,1787652128617169707,14396,4.338389,10.636004425414264,-4.382555955979982,2.9755588342884955,-0.31309913752554847,-0.13082751351062005,0.5766129397380262
left,18.01,1787652128631508096,1787652128626997467,14405,4.510629,10.591394697899027,-4.546268655599149,2.543036655158172,-0.3091060802155928,-0.11544345760728525,0.581046381000632
left,18.02,1787652128641508096,1787652128637110160,14412,4.397936,10.144310794310936,-4.685835472285778,3.6066120100206995,-0.2984834966368856,-0.06230003672208728,0.5854722081212159
left,18.03,1787652128651508096,1787652128647392901,14420,4.115195,10.049988960994673,-4.797857916800623,3.0210755200436097,-0.28440558211951117,-0.017131984679569223,0.5851940415015925
left,18.04,1787652128661508096,1787652128656887994,14428,4.620102,9.249642444735523,-4.937515975919978,2.9210162377629736,-0.2694848921571258,-0.03884700658366225,0.5877765302357407
left,18.05,1787652128671508096,1787652128667030910,14436,4.477186,9.339478291047243,-4.970460708136533,3.9567796682961416,-0.2555478622633676,-0.02046886926903191,0.5893413823740139
left,18.06,1787652128681508096,1787652128677150344,14446,4.357752,8.679854674309869,-5.0038147470653325,3.965383525084988,-0.25143129707090983,0.0025593737527045413,0.5862871795710696
left,18.07,1787652128691508096,1787652128686897169,14454,4.610927,9.79161947382596,-4.83776291605422,2.9672271389903115,-0.252291599433467,-0.016904586134811384,0.5812328421743758
left,18.08,1787652128701508096,1787652128696876578,14461,4.631518,10.503104033617122,-4.3632332555521005,2.9488596177987523,-0.2633195295057859,-0.05883482527650241,0.5715183111633957
left,18.09,1787652128711508096,1787652128706924042,14470,4.584054,11.420230989463988,-4.102757679557458,2.7286294251530316,-0.2722511858639205,-0.08379695703804957,0.5604590498493276
left,18.1,1787652128721508096,1787652128717021746,14477,4.48635,12.000282516092009,-3.7588177147175985,1.52509674601371,-0.28282209266190556,-0.1531955402708733,0.5464885035971141
left,18.11,1787652128731508096,1787652128726907268,14486,4.600828,12.59951474964258,-3.446760068658415,2.1297409070063846,-0.29631524765376066,-0.23620356371046686,0.5351211198103266
left,18.12,1787652128741508096,1787652128736916505,14494,4.591591,12.303296425377507,-3.4560354873865013,1.8777051922828667,-0.30685443038022375,-0.2712867293940519,0.5241466300471798
left,18.13,1787652128751508096,1787652128747300496,14501,4.2076,12.324752892113498,-3.2408936953396745,1.6231013747072094,-0.31571196361198745,-0.2585487144740033,0.5170460541048079
left,18.14,1787652128761508096,1787652128756891185,14510,4.616911,12.043666331801779,-2.9596588646964164,2.18850740512696,-0.31507230720902074,-0.26808749616581773,0.5095008956146843
left,18.15,1787652128771508096,1787652128766952767,14516,4.555329,11.547612124426728,-2.590178233250142,2.3256067763723047,-0.30196966695362,-0.19899569449025017,0.4933145839197687
left,18.16,1787652128781508096,1787652128776924015,14524,4.584081,11.869088393318783,-2.530068677920332,2.6230866162649473,-0.2920970914500637,-0.13621468033745548,0.48321186597581156
left,18.17,1787652128791508096,1787652128786885394,14534,4.622702,12.855823275716535,-2.238577099731783,1.7238257555651577,-0.26709500245760626,-0.12179623360791825,0.4746729743407764
left,18.18,1787652128801508096,1787652128796951241,14540,4.556855,13.050662979593527,-1.8666098944555862,2.5797414778086996,-0.24493979056703397,-0.13242586322205163,0.4687696335992647
left,18.19,1787652128811508096,1787652128806961195,14548,4.546901,12.824174767827444,-2.173863311637662,2.497988627385342,-0.23778666820596783,-0.14380549016627153,0.47192693230674926
left,18.2,1787652128821508096,1787652128816924744,14556,4.583352,12.953497312686093,-2.1350075946763303,2.988338877366772,-0.23788803814454568,-0.1445166996269973,0.47448609080885107
left,18.21,1787652128831508096,1787652128827139635,14564,4.368461,13.175429925580604,-2.0335920870165345,2.179557647172663,-0.24359237597530417,-0.1302009405008701,0.4695469405483281
left,18.22,1787652128841508096,1787652128837147773,14572,4.360323,13.281929339689027,-1.7151904368689546,2.71644825033313,-0.24968757261393087,-0.07881541517912516,0.46773176485945445
left,18.23,1787652128851508096,1787652128847275269,14581,4.232827,13.747431122244793,-1.6976392938934093,2.150350308831216,-0.25030080029671137,-0.03449431461453245,0.4633860731631565
left,18.24,1787652128861508096,1787652128856911550,14588,4.596546,13.850946214984393,-1.7108456443901223,2.947087698671309,-0.2509905065527183,-0.014274559400093478,0.4649915933221852
left,18.25,1787652128871508096,1787652128866959736,14598,4.54836,12.883560625666826,-2.074831786326611,2.9758860997072447,-0.2465978569068345,-0.014602992244041824,0.47078872681633266
left,18.26,1787652128881508096,1787652128877163632,14604,4.344464,13.718541935959301,-2.0114743178108943,2.6296047244919087,-0.24898353028778436,-0.023426275954781695,0.4768863283845818
left,18.27,1787652128891508096,1787652128886943238,14614,4.564858,13.223634798084644,-1.8207723493071937,3.130391659558171,-0.25156602398147054,-0.11005545863693011,0.4785566950720491
left,18.28,1787652128901508096,1787652128896898478,14620,4.609618,13.602546787655095,-1.9176102847828114,2.606317252234689,-0.2520460349043667,-0.1571283752739454,0.47991464271775386
left,18.29,1787652128911508096,1787652128906906337,14631,4.601759,13.755731986679077,-2.240860382848762,2.4093981550356416,-0.25710207844066124,-0.17421704517310477,0.4936310154200268
left,18.3,1787652128921508096,1787652128916914423,14636,4.593673,14.073982795904652,-2.496232898269909,2.3531849032754373,-0.2639022428665746,-0.18444245632875061,0.5087967605653029
left,18.31,1787652128931508096,1787652128926898977,14646,4.609119,13.811111601492845,-2.700658053184185,2.398785658454728,-0.26374411578029927,-0.17138390229180311,0.5173783184132461
left,18.32,1787652128941508096,1787652128936949492,14652,4.558604,13.857712723577555,-2.911078962504092,2.9010255495763793,-0.26492085537448845,-0.14244535779182155,0.5273047416909807
left,18.33,1787652128951508096,1787652128947322880,14661,4.185216,13.83253088979654,-2.9997935377827534,3.131162350743506,-0.26539867304396353,-0.06395896285559843,0.5311966582690935
left,18.34,1787652128961508096,1787652128956933765,14668,4.574331,14.349266416944193,-3.2452533887800303,3.076750583810329,-0.2646008832403444,-0.029710250361600243,0.5356905252531606
left,18.35,1787652128971508096,1787652128967033815,14676,4.474281,14.741897234697776,-3.0992915294505012,3.1837038681221257,-0.26584071708413604,-0.050482277110194373,0.5391954089940824
left,18.36,1787652128981508096,1787652128976914984,14686,4.593112,15.28695475622081,-2.7874474822335196,2.7351886919820227,-0.26728458515665093,-0.0627029356528308,0.5401579359967299
left,18.37,1787652128991508096,1787652128986920535,14692,4.587561,15.107208297156255,-2.6295192283889097,3.018500130226891,-0.2675934842290495,-0.07898772124548903,0.5445120938591861
left,18.38,1787652129001508096,1787652128996941397,14700,4.566699,16.082755871489404,-2.4078685092642678,2.925232396292892,-0.2648034722803404,-0.05384755975237482,0.5503004223867882
left,18.39,1787652129011508096,1787652129007160766,14710,4.34733,14.835262189311596,-2.164130964644766,3.2763547007971763,-0.265116719616342,-0.06278567132084023,0.5363589903656909
left,18.4,1787652129021508096,1787652129017068876,14716,4.43922,14.586545017633908,-1.8502951988098424,3.0760954670953886,-0.2676720658493804,-0.11089270772779414,0.515891222440984
left,18.41,1787652129031508096,1787652129026891877,14724,4.616219,14.18072847762428,-1.802970013902294,2.495202574731571,-0.2692534907254549,-0.17293354473509043,0.5117773263838712
left,18.42,1787652129041508096,1787652129036896441,14732,4.611655,13.270619783119924,-1.4817868123823865,3.2569120267036107,-0.27598592953512147,-0.19881938362621865,0.49530114737213626
left,18.43,1787652129051508096,1787652129047486990,14740,4.021106,14.388204814982453,-1.53696736119628,2.8746526295410804,-0.2808193206000115,-0.1689992721904544,0.4856657110342264
left,18.44,1787652129061508096,1787652129056919954,14750,4.588142,15.57371776901333,-1.0340346457972618,3.01660906557945,-0.2830818715337901,-0.10433166769753516,0.45983015056199705
left,18.45,1787652129071508096,1787652129066963018,14756,4.545078,15.970762841655583,-1.2129884884446105,3.4508861501141936,-0.2816758907355783,-0.048898435812956165,0.44911315670718455
left,18.46,1787652129081508096,1787652129077040593,14767,4.467503,15.284934849468895,-1.1229063107141142,4.385779319534841,-0.2880571645877357,0.006149477226251587,0.42693291509392084
left,18.47,1787652129091508096,1787652129086914364,14773,4.593732,16.42532302296217,-0.6001165110933162,4.102184294981143,-0.2942387474608612,0.05184387163180004,0.4161358826555287
left,18.48,1787652129101508096,1787652129097097079,14780,4.411017,17.06515878949016,-0.6430640367133611,4.141146066376509,-0.29722046147793324,0.08199481519506724,0.41098750821365015
left,18.49,1787652129111508096,1787652129107068954,14789,4.439142,17.5192795350217,-0.9773731311780649,3.6625198986595926,-0.30240433196442446,0.044695805306338265,0.4240494530263627
left,18.5,1787652129121508096,1787652129116915829,14798,4.592267,16.662729642324763,-1.4240537924247638,4.205985967146976,-0.3074848148691789,-0.050365394004852626,0.43975345720977876
left,18.51,1787652129131508096,1787652129127142955,14804,4.365141,17.525745789687054,-1.5470859752149493,3.0982434719599024,-0.30877512501298837,-0.05882926971230851,0.44830624400279045
left,18.52,1787652129141508096,1787652129136908593,14812,4.599503,17.7966877961695,-1.8081018430060567,3.7199102207207972,-0.31017792000472144,-0.03580721424917738,0.46018911616007463
left,18.53,1787652129151508096,1787652129147322030,14821,4.186066,17.5736892032423,-2.348853417952559,3.6134489727990413,-0.3098592732987296,0.017041948035935117,0.4822452670864352
left,18.54,1787652129161508096,1787652129156905201,14828,4.602895,16.193347654486537,-2.892236384191025,4.423766941840363,-0.3125721117250687,0.018310379468072124,0.5031041187833243
left,18.55,1787652129171508096,1787652129166853608,14838,4.654488,16.035803133404865,-3.2053567187694583,4.196012840843373,-0.31020362681304386,0.040585831296285235,0.514816673937678
left,18.56,1787652129181508096,1787652129177222546,14845,4.28555,15.913980987648282,-3.3660731609170966,5.207299550935652,-0.31183720295629075,0.09789090954308355,0.5218129974545602
left,18.57,1787652129191508096,1787652129186956404,14852,4.551692,15.81163141651182,-3.8184524769977717,5.755943422004479,-0.30981527709544526,0.19919986027380732,0.5442472089431016
left,18.58,1787652129201508096,1787652129196913403,14861,4.594693,16.222612096503667,-4.035451616911232,6.505786911713959,-0.31090473747389613,0.2909364350957032,0.5519017723324856
left,18.59,1787652129211508096,1787652129206937167,14868,4.570929,16.342998232446952,-4.204428158411524,6.970933918973758,-0.31271423672510795,0.3631360082969467,0.5571546167119005
left,18.6,1787652129221508096,1787652129217082037,14876,4.426059,15.71885224298833,-4.393977424573392,7.440409547766847,-0.31311087044585545,0.3655286648171705,0.5633055791806638
left,18.61,1787652129231508096,1787652129226882596,14887,4.6255,16.65110685292227,-4.37288409851139,7.292294339520926,-0.30893054510282536,0.3480131095578979,0.5658675464881042
left,18.62,1787652129241508096,1787652129237000453,14892,4.507643,16.19539020925553,-4.749664327436424,7.375713908185813,-0.309542732183073,0.2957691171179485,0.581132645006035
left,18.63,1787652129251508096,1787652129247246762,14900,4.261334,17.31247935829665,-4.805719232127532,7.2839362732482265,-0.3099036554425074,0.30289261819822155,0.5831502379577481
left,18.64,1787652129261508096,1787652129257034106,14908,4.47399,17.17692340699786,-4.822847357448751,7.424026178550196,-0.31199390631904117,0.3278379983851536,0.58176549958552
left,18.65,1787652129271508096,1787652129266922816,14916,4.58528,16.696068738773715,-4.897061354677357,7.5587664355183986,-0.3161824293875292,0.3584481847133474,0.5854199342700965
left,18.66,1787652129281508096,1787652129276947514,14924,4.560582,17.252613345935725,-4.813432760343262,7.57856580964349,-0.31360871221772657,0.40316084014445086,0.5837812839311117
left,18.67,1787652129291508096,1787652129286897739,14934,4.610357,17.36779842187892,-4.66612042420449,8.006026259171536,-0.30981768376153074,0.4186031800393515,0.5792410796515827
left,18.68,1787652129301508096,1787652129296872153,14940,4.635943,18.629096864267623,-4.697253356853195,9.061527449436777,-0.3069011513694177,0.5314038751807808,0.5821087213440022
left,18.69,1787652129311508096,1787652129307066639,14948,4.441457,19.36111529009612,-4.69243492265738,10.562799112731025,-0.3056491805987751,0.614510662412409,0.5810774057291984
left,18.7,1787652129321508096,1787652129316870903,14958,4.637193,20.99629952117003,-4.591570273032939,11.728949758238471,-0.3059329122489359,0.6541264220063028,0.5773243236066097
left,18.71,1787652129331508096,1787652129326964859,14964,4.543237,20.889698942732227,-4.73286699726664,12.93371388508575,-0.3093138828107129,0.6015779372544994,0.5805831780494336
left,18.72,1787652129341508096,1787652129336872888,14973,4.635208,22.101075434103965,-4.683603295894894,13.667460567413485,-0.31728446575252417,0.5624638380870719,0.5765475810323903
left,18.73,1787652129351508096,1787652129347578249,14980,3.929847,23.637541320478213,-4.594918441146327,13.990527266908673,-0.32185417446404446,0.4722043279465107,0.5710853163952854
left,18.74,1787652129361508096,1787652129356906163,14991,4.601933,24.820032612018807,-4.47320959028258,14.111397945545399,-0.32477534589443374,0.3734075161033452,0.5636825847946152
left,18.75,1787652129371508096,1787652129366946062,14998,4.562034,25.53144631362136,-4.498965325439573,14.351520108811098,-0.3239436028951484,0.3158179728380339,0.5699131087642043
left,18.76,1787652129381508096,1787652129376948422,15004,4.559674,25.504928379129513,-4.894123824788654,14.6016985828888,-0.32225171861619245,0.2579353556601931,0.5834254415375241
left,18.77,1787652129391508096,1787652129387103092,15013,4.405004,26.7031077117871,-4.483592953493964,15.056289624424743,-0.31498069722855077,0.3106115804747711,0.576657994204899
left,18.78,1787652129401508096,1787652129397140274,15022,4.367822,26.894310167551442,-4.61733740803824,15.60829073683678,-0.30155119053243024,0.287409430241522,0.58223175797615
left,18.79,1787652129411508096,1787652129406927960,15028,4.580136,27.616533865506625,-4.56034921677962,16.63616389168267,-0.292009991777898,0.2305161426092468,0.5788974640975696
left,18.8,1787652129421508096,1787652129416896252,15039,4.611844,29.19064958298632,-4.779720242595989,16.905613049760635,-0.2860823413254952,0.13469404043273348,0.5882694482657903
left,18.81,1787652129431508096,1787652129426883423,15044,4.624673,29.064719681143874,-4.17248988471774,17.407389091801665,-0.2882611626544,-0.06557534338502657,0.5745092176436124
left,18.82,1787652129441508096,1787652129436919503,15052,4.588593,30.896365370435433,-3.0350737958070177,17.80054620344392,-0.2907813980680356,-0.16394143767986824,0.5308763882242493
left,18.83,1787652129451508096,1787652129446965793,15060,4.542303,32.69704703042406,-1.2797948670141215,17.4023598710205,-0.29088141817621643,-0.23494935247879112,0.46574559807845684
left,18.84,1787652129461508096,1787652129456872087,15070,4.636009,34.9226765247413,1.6976563029697496,18.293238790979903,-0.2954130701639202,-0.261595707956894,0.3518429979070362
left,18.85,1787652129471508096,1787652129466999514,15078,4.508582,36.556314625600436,4.452651021536792,19.9645541924366,-0.29537958575229684,-0.2402224836755611,0.24044677406632067
left,18.86,1787652129481508096,1787652129476992534,15087,4.515562,39.5476139056416,6.177775938172837,21.317077629489418,-0.2907527155470009,-0.1959477897860391,0.15753804557288908
left,18.87,1787652129491508096,1787652129486944872,15092,4.563224,41.22955889463955,6.1108332168688655,23.592767763897214,-0.2879518659275135,-0.24907992395845913,0.13030983127582174
left,18.88,1787652129501508096,1787652129496886809,15103,4.621287,44.16975333951836,6.105174588379189,24.989814651710788,-0.28244907842726824,-0.3335300568103028,0.12276222790175478
left,18.89,1787652129511508096,1787652129506940670,15108,4.567426,47.636652030122214,6.558318647384368,25.588070915406405,-0.27253208333846296,-0.4469012491079214,0.11659332889368551
left,18.9,1787652129521508096,1787652129517147370,15118,4.360726,49.59621115459503,5.870585501605099,26.51381513003132,-0.27541762378069506,-0.5970102427896435,0.13179537325245194
left,18.91,1787652129531508096,1787652129526886915,15124,4.621181,52.37956474897702,5.317664586087285,26.817089000779664,-0.2827339202213891,-0.6515622895478543,0.1561099318637415
left,18.92,1787652129541508096,1787652129537229265,15133,4.278831,52.233660127947225,4.5874765463446305,27.764513124746074,-0.30320417180311,-0.7691347171350471,0.19468909332944973
left,18.93,1787652129551508096,1787652129547331595,15140,4.176501,52.10052593386787,3.521836551138588,27.99231915238191,-0.32639544796805586,-0.7781213920890808,0.24688720562020067
left,18.94,1787652129561508096,1787652129556908238,15149,4.599858,51.12193092911746,4.199694997006887,28.74604677650258,-0.34618704652362464,-0.7779668251773262,0.2642723908687854
left,18.95,1787652129571508096,1787652129566864694,15158,4.643402,50.64522925217737,2.0210263668852884,28.943741304227967,-0.3547325917583282,-0.6768978695734327,0.3269721488416587
left,18.96,1787652129581508096,1787652129576898069,15164,4.610027,49.298495632927214,-0.2279223273133671,29.924978745145047,-0.35594537830557504,-0.6130749231957675,0.3594266245626613
left,18.97,1787652129591508096,1787652129586901939,15174,4.606157,48.196725113181884,-1.803476324198746,30.594874883527226,-0.3479044215235461,-0.5606817546780407,0.37967779993307715
left,18.98,1787652129601508096,1787652129596875299,15183,4.632797,48.975072145747426,-2.5239774714715946,31.293619300698946,-0.339013397043498,-0.4848455131310012,0.39070853774923614
left,18.99,1787652129611508096,1787652129606908589,15188,4.599507,50.20840968627004,-4.037471617047274,31.73294637698785,-0.33492452049236643,-0.4213375460066069,0.4404259746984369
left,19.0,1787652129621508096,1787652129616947945,15198,4.560151,50.869077261955255,-5.775481112473214,32.51575121973267,-0.3382023407519849,-0.397969206664317,0.5272850801398401
left,19.01,1787652129631508096,1787652129627188341,15206,4.319755,51.30855911940384,-7.04873725534685,33.15234116071643,-0.34707454843009306,-0.4039915829981795,0.6146109459691523
left,19.02,1787652129641508096,1787652129637070478,15213,4.437618,52.24505360799208,-8.103682691704202,33.13634983491786,-0.34898201513278004,-0.3878105517934909,0.6747640644630357
left,19.03,1787652129651508096,1787652129646955387,15221,4.552709,52.712080940776666,-7.2172689516242094,33.74808017595762,-0.35595406241810135,-0.4105195135556525,0.6641716085782549
left,19.04,1787652129661508096,1787652129656882573,15230,4.625523,53.462828548187126,-7.839323439729098,34.131275307276866,-0.3566157436593177,-0.41282684545666726,0.6672046483545924
left,19.05,1787652129671508096,1787652129666915590,15236,4.592506,53.44455684819534,-9.1183848848443,34.24565395010825,-0.36118464958600655,-0.44214703363856867,0.6858253409830851
left,19.06,1787652129681508096,1787652129676937073,15245,4.571023,54.117965510530986,-9.118307723853945,34.38457671964326,-0.3637096295172622,-0.43729414124954813,0.6665034876504671
left,19.07,1787652129691508096,1787652129686955906,15252,4.55219,52.570527260259254,-8.05263391706379,34.040955254592866,-0.36606680052055834,-0.49712831518835277,0.6046341996494962
left,19.08,1787652129701508096,1787652129696898615,15260,4.609481,51.47784329323397,-7.623337230808545,33.805320219523,-0.36152247987152525,-0.5270356629226876,0.563267202104655
left,19.09,1787652129711508096,1787652129707029122,15268,4.478974,51.11888743685871,-6.5978732831522,33.75923827317641,-0.34989538718580837,-0.5170617710355878,0.5323413486803876
left,19.1,1787652129721508096,1787652129716962979,15276,4.545117,49.25830590212355,-4.516829248873732,33.34079223081301,-0.33153619975802084,-0.5549370892127676,0.48854431598876114
left,19.11,1787652129731508096,1787652129726857703,15285,4.650393,49.68656580528762,-1.5621144502742232,33.20864877368602,-0.30555414970018085,-0.4809664751430347,0.41788684752902905
left,19.12,1787652129741508096,1787652129736872648,15292,4.635448,50.01330802629092,-1.4427539217337368,33.386934455412735,-0.29716061559332174,-0.46484324186782766,0.4174465920722048
left,19.13,1787652129751508096,1787652129747484046,15301,4.02405,49.60334615757991,-1.57404457569032,33.31814407445448,-0.29880066920704745,-0.47463178373574966,0.4486992231783915
left,19.14,1787652129761508096,1787652129757113556,15308,4.39454,50.32785507117488,-1.9162252373409592,33.80320306974455,-0.30382228068283035,-0.44317277969089464,0.45852617045742083
left,19.15,1787652129771508096,1787652129767116438,15319,4.391658,51.106557658573806,-2.8708865580801812,34.37425378130311,-0.30316927569935936,-0.4185526107763118,0.4910496550511219
left,19.16,1787652129781508096,1787652129776949476,15325,4.55862,51.77221656017028,-4.062969018070187,34.99528670827911,-0.3010677247613689,-0.37670102127530436,0.5125247568477515
left,19.17,1787652129791508096,1787652129786880059,15334,4.628037,51.84605484577537,-5.176428150575912,35.899816154750184,-0.30441427058156506,-0.2955794710399453,0.534875916158806
left,19.18,1787652129801508096,1787652129796937912,15343,4.570184,51.452188894103735,-5.9735177460533295,36.92354219354101,-0.30334223087614365,-0.17220939579823158,0.5497315211512057
left,19.19,1787652129811508096,1787652129807123531,15349,4.384565,50.93177099188415,-7.2168753261048995,37.74990696250903,-0.3036851873946991,-0.011999283592662557,0.5784937446392215
left,19.2,1787652129821508096,1787652129816878699,15356,4.629397,50.53907054785165,-7.992524980916394,38.72038664312389,-0.30429077290136036,0.21663816625257226,0.6291519143199269
left,19.21,1787652129831508096,1787652129826997441,15364,4.510655,49.63406498523002,-8.209721959843296,39.526496580306,-0.2970213321154467,0.4471197102840465,0.6626869567151528
left,19.22,1787652129841508096,1787652129836887250,15374,4.620846,47.20160630659344,-7.8130737908197325,41.22302463377912,-0.2799858571652496,0.6528856408122028,0.664675273953593
left,19.23,1787652129851508096,1787652129847373241,15380,4.134855,44.576807679263894,-7.771598816591093,42.385688837064215,-0.2556688963376296,0.8900346148497755,0.6736353729752111
left,19.24,1787652129861508096,1787652129856920002,15390,4.588094,41.745525031220616,-8.180001627721111,43.08871527524679,-0.22100322834921401,1.1081002230870833,0.6979446220722479
left,19.25,1787652129871508096,1787652129866863576,15396,4.64452,38.75122424257026,-8.529270655712624,44.57088515138987,-0.17305687891622049,1.3132389029408653,0.7285592354172846
left,19.26,1787652129881508096,1787652129877106000,15405,4.402096,36.799552075528716,-8.783782182608407,46.17582115622235,-0.11733455243279733,1.596004239290611,0.7508005383842661
left,19.27,1787652129891508096,1787652129887144035,15412,4.364061,36.14131177194065,-9.505556714322324,47.89417654155794,-0.06617567951314543,1.9306554718726314,0.7896644090083362
left,19.28,1787652129901508096,1787652129896905327,15420,4.602769,35.86023682459526,-10.128336909142536,50.25664398278535,-0.018067504055321454,2.2568388025930295,0.8235356154641756
left,19.29,1787652129911508096,1787652129907120788,15428,4.387308,35.89045353219096,-10.538147013012473,52.821865783848395,0.024342807875004507,2.583673417352446,0.8489992333211491
left,19.3,1787652129921508096,1787652129916896634,15436,4.611462,33.833459331684196,-10.723653983927427,54.98083390496796,0.06869313612475553,2.780610124934104,0.8555470749430573
left,19.31,1787652129931508096,1787652129926902051,15445,4.606045,32.83033619061642,-9.774352730910529,56.829597252683406,0.11269166517081985,2.9587715187172012,0.8148641536372201
left,19.32,1787652129941508096,1787652129936877296,15454,4.6308,32.558221797456625,-10.033721986317172,58.21313735119113,0.13488647787965213,3.1147605758197328,0.7961861320553381
left,19.33,1787652129951508096,1787652129947131590,15461,4.376506,31.9987334829394,-10.935675997625525,59.34525780994242,0.14967568247542828,3.2058197152635666,0.8280178100024685
left,19.34,1787652129961508096,1787652129956876588,15468,4.631508,31.33965211903271,-10.70765818940247,60.18651492850685,0.16371597753908976,3.253292289580318,0.8355958907700304
left,19.35,1787652129971508096,1787652129966945264,15479,4.562832,30.532949621443827,-9.962244740448961,60.78501206822642,0.16426120748453854,3.2740807561295036,0.8263962229009447
left,19.36,1787652129981508096,1787652129976933068,15486,4.575028,29.451571946712367,-9.264152585085997,61.095129060057474,0.1618755746725039,3.230755387158685,0.8151320945106745
left,19.37,1787652129991508096,1787652129987089220,15495,4.418876,28.855580090401347,-9.052842770123572,61.275917894324344,0.16186016968763292,3.175188590001884,0.8134115112768524
left,19.38,1787652130001508096,1787652129996928032,15500,4.580064,28.39923982718004,-9.79768250447485,61.609652067194844,0.15468433657896713,3.125267664556783,0.8470465563410411
left,19.39,1787652130011508096,1787652130006896339,15508,4.611757,28.79921707504466,-9.597941798336974,62.146641280434885,0.15465741705712122,3.1096181581506883,0.8521814208294177
left,19.4,1787652130021508096,1787652130017149679,15518,4.358417,29.607281699800748,-8.701786081076202,62.76939049028321,0.15838238661098966,3.107686997664092,0.8354292967189134
left,19.41,1787652130031508096,1787652130026960995,15524,4.547101,30.099852205906114,-7.928132236215616,63.42578961544092,0.15901541247233927,3.1084755457890862,0.8270860996494505
left,19.42,1787652130041508096,1787652130036899755,15532,4.608341,29.584317959286366,-6.587853743517417,63.81653630654975,0.16632880460080568,3.0681653438322822,0.802153371627305
left,19.43,1787652130051508096,1787652130047913156,15543,3.59494,29.75421414980592,-4.954764740859317,64.28640892861192,0.18176400046944277,3.0644960501190734,0.7590480613644139
left,19.44,1787652130061508096,1787652130056927627,15548,4.580469,30.431035026190706,-4.3622356744218145,64.82790943399965,0.20009170833387646,3.090510230982723,0.7405134276867695
left,19.45,1787652130071508096,1787652130066954102,15558,4.553994,30.804602043465042,-4.227598493695117,65.22183053622267,0.2131587168175585,3.097354604047519,0.7461440449535668
left,19.46,1787652130081508096,1787652130076938842,15566,4.569254,31.507023239768305,-5.001089361254374,65.53945487379488,0.2123012137799238,3.114368077050682,0.7811111898384251
left,19.47,1787652130091508096,1787652130086958048,15572,4.550048,32.111088898748626,-6.084487767479743,65.82204945810041,0.20823085836280913,3.135471298462396,0.8238546133574877
left,19.48,1787652130101508096,1787652130097061192,15580,4.446904,32.63002350014462,-7.358221314783849,66.0286194072943,0.20154841107433047,3.152977483099331,0.8642823745812469
left,19.49,1787652130111508096,1787652130106961768,15588,4.546328,33.37435340812338,-8.724581892406349,66.2510394687805,0.1982511416391024,3.1865637884312905,0.9070881377484642
left,19.5,1787652130121508096,1787652130117046761,15597,4.461335,33.49798967728594,-10.189754931099698,66.37765945498758,0.18821155986130073,3.1941941322192617,0.9531618642575053
left,19.51,1787652130131508096,1787652130126892274,15604,4.615822,33.57697999929256,-11.58094568843622,66.4479212514422,0.17897836198556963,3.1961808862240524,0.9925115746309761
left,19.52,1787652130141508096,1787652130136862392,15614,4.645704,33.564823800614086,-12.562501072638538,66.49656419443875,0.17379876559734658,3.1963509821386653,1.020851379994765
left,19.53,1787652130151508096,1787652130147492308,15622,4.015788,33.08544414844888,-13.086640575787806,66.4095413906253,0.17062964630811286,3.1722627805030568,1.028266032162783
left,19.54,1787652130161508096,1787652130156917879,15628,4.590217,33.13471471511554,-13.580091782632692,66.4183285539147,0.1693259269886095,3.1686721375089153,1.0306730675692157
left,19.55,1787652130171508096,1787652130166915713,15637,4.592383,33.34023117430584,-14.176015214287027,66.43856991394142,0.16754465411320685,3.1590876820529203,1.042366771103334
left,19.56,1787652130181508096,1787652130176906495,15645,4.601601,34.125181734351976,-14.404966537119142,66.55439354603837,0.1690699443258878,3.178962310285666,1.0419489089056233
left,19.57,1787652130191508096,1787652130186969083,15653,4.539013,34.35411057273103,-14.26571239674716,66.6181000026907,0.1688740866046778,3.172921460622171,1.033693516812036
left,19.58,1787652130201508096,1787652130196923242,15661,4.584854,34.48669572444336,-14.004160844543776,66.61063819572726,0.1707244534291098,3.1571475424376594,1.0239629661668985
left,19.59,1787652130211508096,1787652130206918138,15669,4.589958,34.559822267899534,-13.532236400103752,66.57412655484421,0.17199353071834117,3.131646826166844,1.005620543000698
left,19.6,1787652130221508096,1787652130217058646,15678,4.44945,34.60642446528724,-12.632732060698638,66.82789042346879,0.17308256776358183,3.1090612339462878,0.9762145832277953
left,19.61,1787652130231508096,1787652130226890821,15687,4.617275,34.44148305474327,-12.187979166074498,66.41957114297313,0.17459517457830057,3.067072700769156,0.9553138795439272
left,19.62,1787652130241508096,1787652130237113897,15694,4.394199,34.63448411642142,-11.482233938647932,66.67697644402409,0.17569468335244173,3.0407109661416305,0.9267369628704687
left,19.63,1787652130251508096,1787652130247453963,15701,4.054133,35.01350830817575,-9.99833415005112,66.60072467543617,0.18130211197294577,3.02390479251347,0.8749041042354989
left,19.64,1787652130261508096,1787652130256892420,15710,4.615676,34.81029766626855,-9.631856876227403,66.36876563478708,0.1826614496973635,2.9735153801377976,0.8461856242461331
left,19.65,1787652130271508096,1787652130266967347,15717,4.540749,34.822220194734165,-9.466177773990953,66.19762874505733,0.1779816414557805,2.9291235646858667,0.8298154026885842
left,19.66,1787652130281508096,1787652130276917619,15724,4.590477,34.84287142329328,-9.090675632379313,66.11413442596573,0.1718176760612274,2.895211081562975,0.816318041248124
left,19.67,1787652130291508096,1787652130286959975,15733,4.548121,34.62937150266187,-8.863944543540782,66.0318884166433,0.16894784633004628,2.852918251018897,0.8063982260795455
left,19.68,1787652130301508096,1787652130296887607,15742,4.620489,34.962352211394624,-8.671209783281798,66.02755504442632,0.1650079006077309,2.832163391489675,0.7956069065545481
left,19.69,1787652130311508096,1787652130306869985,15748,4.638111,35.27898600460267,-8.498916894119901,65.97438796559845,0.15922770463944289,2.8055417344825013,0.7899246159870349
left,19.7,1787652130321508096,1787652130316986459,15756,4.521637,35.62306949379919,-8.394442898917362,65.80275539905502,0.15744169734162475,2.768015203218593,0.7824179479153918
left,19.71,1787652130331508096,1787652130326965249,15764,4.542847,36.40383155469608,-8.397397419225188,65.77130551536287,0.15178157348533214,2.7590097146125867,0.7779175510696702
left,19.72,1787652130341508096,1787652130336856307,15775,4.651789,36.595959445220586,-7.953406910680226,65.6929100056187,0.14914898486730416,2.7308506679620725,0.7620964272134734
left,19.73,1787652130351508096,1787652130346920134,15780,4.587962,36.598596055040865,-7.34150110799045,65.63560387712965,0.1483469655144214,2.7081459246408865,0.7412212618817171
left,19.74,1787652130361508096,1787652130356911864,15788,4.596232,36.44646744172285,-6.975793212362013,65.58214148167919,0.14877519961884358,2.67278492751365,0.7232641972667957
left,19.75,1787652130371508096,1787652130366936835,15797,4.571261,36.69097559915245,-6.6628370934181085,65.61827919214147,0.14842804408344257,2.6647466474596513,0.7124035884205865
left,19.76,1787652130381508096,1787652130376924426,15804,4.58367,37.02091615679601,-6.1317626865748815,65.66419622018408,0.1450220303975686,2.6564834643283692,0.6937672356207252
left,19.77,1787652130391508096,1787652130387118474,15814,4.389622,37.61154383599383,-6.761600232234077,65.79385164564594,0.13647586598977351,2.6538576307221424,0.7089398618137968
left,19.78,1787652130401508096,1787652130396873435,15820,4.634661,38.39992067830192,-6.30759915376659,65.93532405194232,0.1411260128573108,2.664734387693236,0.6948594386568271
left,19.79,1787652130411508096,1787652130407152666,15831,4.35543,38.546623559529344,-5.463189715949824,65.98449805043265,0.153405634528224,2.659057667572191,0.68226624172205
left,19.8,1787652130421508096,1787652130416932906,15839,4.57519,38.62431673811543,-4.28488025810381,65.96854719395112,0.16326059482635402,2.6519097571861803,0.6689945156354273
left,19.81,1787652130431508096,1787652130426892297,15844,4.615799,38.558984316256094,-2.7882971328204893,65.87774537985807,0.17074049286903947,2.626029940985555,0.6451771950527798
left,19.82,1787652130441508096,1787652130436929267,15853,4.578829,39.2464891444902,-1.3665652201907985,66.03629095976042,0.18047422642709043,2.655689879144016,0.619329508234642
left,19.83,1787652130451508096,1787652130447524733,15863,3.983363,39.98881700008454,-0.9196933046539285,66.2673282440902,0.194424997326129,2.696101852110698,0.6116515680981154
left,19.84,1787652130461508096,1787652130456896314,15869,4.611782,40.55078957307403,-0.7905199095231419,66.51906777546488,0.20215898393735504,2.7377604794938337,0.6140425356314689
left,19.85,1787652130471508096,1787652130467105226,15877,4.40287,41.35046077109797,-0.8060946235222927,66.5624885211723,0.19819599745404226,2.7708715992503015,0.623603645529631
left,19.86,1787652130481508096,1787652130476919817,15886,4.588279,42.208913167537375,-1.4018967704548266,66.80837317618288,0.1980765790608663,2.8123764395626054,0.6453446454284041
left,19.87,1787652130491508096,1787652130487265851,15893,4.242245,42.370546067361694,-2.258886777852349,66.96633291361316,0.19561402531955402,2.8201611231935955,0.6744693639285371
left,19.88,1787652130501508096,1787652130496955388,15901,4.552708,42.03615038981404,-2.8857395618609063,67.2237538408114,0.1882051132438431,2.7997479999833663,0.6974749770939817
left,19.89,1787652130511508096,1787652130506900086,15908,4.60801,42.18916478664337,-3.343972071492216,67.25097060208415,0.18381708445484196,2.805656290437007,0.7150088406865511
left,19.9,1787652130521508096,1787652130517004908,15918,4.503188,42.301666822532965,-3.9040514400125126,67.2771746062029,0.18207035487209733,2.809766189261145,0.7342193984272729
left,19.91,1787652130531508096,1787652130526917607,15924,4.590489,42.396985985792355,-4.35471263867279,67.23430120026408,0.1811920414396357,2.8204310507840757,0.750703930877499
left,19.92,1787652130541508096,1787652130536857698,15934,4.650398,42.79549123051074,-4.596206925840323,67.28852008101394,0.1848921211872387,2.834487264708014,0.7557678020611334
left,19.93,1787652130551508096,1787652130546927705,15943,4.580391,42.72098285138304,-5.032253705578413,67.28278579798365,0.18489711131261533,2.8285610506257006,0.7617473934238632
left,19.94,1787652130561508096,1787652130556926125,15950,4.581971,43.096925092433914,-5.227715651697487,67.39700150925023,0.18608974413665935,2.834712846863561,0.7583694190558654
left,19.95,1787652130571508096,1787652130566898323,15957,4.609773,43.47611976919048,-5.300173466465637,67.5201111140046,0.18780988014770006,2.8511454044177285,0.7491408518123364
left,19.96,1787652130581508096,1787652130576916214,15964,4.591882,43.77702986837185,-5.448396568627677,67.5706493090553,0.18939599940153462,2.86387435077385,0.7484905256128979
left,19.97,1787652130591508096,1787652130586941841,15972,4.566255,44.16736875260196,-5.905492477199921,67.6548293345374,0.18977071817641383,2.8723861125239196,0.7706137501723149
left,19.98,1787652130601508096,1787652130596911486,15980,4.59661,44.53541819839834,-6.365777457833065,67.7760718229903,0.19168329232045525,2.8861960929613533,0.7931029531836367
left,19.99,1787652130611508096,1787652130606899448,15989,4.608648,44.76414905663477,-6.536185803341006,67.90497522928382,0.19225385517545257,2.8937393868783836,0.7975409304006664
left,20.0,1787652130621508096,1787652130616893394,15996,4.614702,45.03505071206255,-6.752755092053672,67.68194032727493,0.1928601325918416,2.8988098011476087,0.80429905825427
left,20.01,1787652130631508096,1787652130626884993,16007,4.623103,45.24576475164064,-7.223669206410438,67.72659698186027,0.19194157494350828,2.899337109850455,0.818025999073368
left,20.02,1787652130641508096,1787652130636891471,16014,4.616625,45.7221159953796,-7.295936212559435,67.83703070975272,0.19251462791726454,2.9155222967054666,0.827501787727655
left,20.03,1787652130651508096,1787652130646916956,16022,4.59114,45.681526476316236,-7.874023351131112,68.15950878953484,0.1901850878245771,2.9102696439645053,0.8498498440967691
left,20.04,1787652130661508096,1787652130657150942,16029,4.357154,45.367893331098784,-8.31676926978274,68.14806707673213,0.18687591551259636,2.8911152342196216,0.8679124213445926
left,20.05,1787652130671508096,1787652130666888838,16038,4.619258,45.61392842497522,-8.433183512883934,67.84405881590804,0.18920368522109826,2.884118175877224,0.8746145034946222
left,20.06,1787652130681508096,1787652130676930875,16046,4.577221,45.66833274350468,-8.462413594742822,67.8710781417305,0.19001264139844537,2.8859691909093472,0.8771875789653751
left,20.07,1787652130691508096,1787652130686988069,16052,4.520027,45.699400083088776,-8.493558510116332,67.8751330697508,0.18910064406943553,2.8867012489615593,0.8803896205785853
left,20.08,1787652130701508096,1787652130696863385,16063,4.644711,45.68750301135271,-8.927348635011787,68.17899048678376,0.1862736296029327,2.8854339189127414,0.8918468688097765
left,20.09,1787652130711508096,1787652130706907579,16068,4.600517,45.678235877931215,-8.859813802389876,68.16980714413829,0.18432386186089678,2.883451313722027,0.8971246031619291
left,20.1,1787652130721508096,1787652130716947805,16076,4.560291,45.64592630486733,-9.06816167643119,68.17365794747596,0.18283689834265332,2.883896155771625,0.905553499523519
left,20.11,1787652130731508096,1787652130727213600,16086,4.294496,46.121960910315636,-9.33697345313571,67.92064619475937,0.1839325345653039,2.896990897269845,0.917025588598387
left,20.12,1787652130741508096,1787652130736866681,16094,4.641415,45.71881380544129,-9.648098115567356,67.89767857431991,0.1807243419617145,2.8793062676618035,0.9291212338144864
left,20.13,1787652130751508096,1787652130746894427,16100,4.613669,45.95933816327242,-9.654655138093295,68.23951415707023,0.18024125699030838,2.8943307439089194,0.9292332356457306
left,20.14,1787652130761508096,1787652130756956623,16108,4.551473,45.55919592814642,-9.812120331141818,68.13729920757889,0.17838111826473826,2.876438863891442,0.9352694881548467
left,20.15,1787652130771508096,1787652130767120460,16116,4.387636,45.6336318821495,-9.955491968471101,68.10072374962266,0.17858315794299348,2.880769115486679,0.9410880014516237
left,20.16,1787652130781508096,1787652130777127013,16124,4.381083,46.04995504561002,-10.021616917638163,68.14274774750511,0.17750086820143918,2.897961233431042,0.9437418661321838
left,20.17,1787652130791508096,1787652130786928699,16135,4.579397,46.14598818614289,-10.502443269545932,67.86024134928,0.1760144404322883,2.895922371139582,0.9615142730680112
left,20.18,1787652130801508096,1787652130797053262,16143,4.454834,46.02063994650249,-10.548215624839456,68.18916528637725,0.17450687157524863,2.887632221836511,0.9663371080661431
left,20.19,1787652130811508096,1787652130806924101,16148,4.583995,45.72509937209779,-10.215226789671911,67.81341826758782,0.17516333996411448,2.8696391120912157,0.9628687776518396
left,20.2,1787652130821508096,1787652130817168688,16156,4.339408,45.67808085520889,-10.270929362188323,68.11347388009094,0.17691898122692684,2.8742398488765533,0.9686560846922416
left,20.21,1787652130831508096,1787652130826993944,16164,4.514152,45.76076761266059,-10.577150141645618,68.10747705538296,0.17457212525648574,2.877693944970882,0.9806948301313203
left,20.22,1787652130841508096,1787652130836929901,16174,4.578195,45.90063861010031,-10.765836269705465,67.81844967057948,0.17335867711503442,2.8793148868905467,0.9879032847150451
left,20.23,1787652130851508096,1787652130846923202,16182,4.584894,46.17149529929975,-10.866373028257948,68.12845109410804,0.17278057930475127,2.8952569636353953,0.9902514318150791
left,20.24,1787652130861508096,1787652130856946093,16189,4.562003,46.12283263992614,-10.969246728458886,68.13345753009422,0.171804139746894,2.8922944647208046,0.9942241415587517
left,20.25,1787652130871508096,1787652130866896082,16198,4.612014,45.81110346252428,-11.188973031272193,67.80965389131421,0.17015413547732455,2.874151055409266,1.003906339250235
left,20.26,1787652130881508096,1787652130876928477,16205,4.579619,45.749567229521695,-11.210433592161422,68.18637395867775,0.16931393392867122,2.87599317980888,1.004130234746868
left,20.27,1787652130891508096,1787652130886928840,16213,4.579256,46.12549933021753,-11.186309667472031,68.20100904709092,0.17129642917628485,2.899158577158034,1.0034590366839804
left,20.28,1787652130901508096,1787652130897035832,16222,4.472264,46.058298659059304,-11.18478068464175,68.18914523977764,0.17208888330934247,2.900131773759174,1.0023872668699105
left,20.29,1787652130911508096,1787652130906889855,16228,4.618241,46.13180189697466,-11.170323434608209,67.94828050380323,0.17202305897670905,2.9002974513338824,1.0012565617569278
left,20.3,1787652130921508096,1787652130916875293,16238,4.632803,45.75977097818335,-11.209852818602144,67.94797886824749,0.17040441673892487,2.877812640266227,1.0028420076470317
left,20.31,1787652130931508096,1787652130926904502,16244,4.603594,45.87223796492176,-11.506519243417605,68.21280351616826,0.16984553396353402,2.8840362807399718,1.006610784324367
left,20.32,1787652130941508096,1787652130936934498,16253,4.573598,46.2765228928033,-11.348164295290657,68.28588578842258,0.1718545513987101,2.8945611515245435,0.9996529661473306
left,20.33,1787652130951508096,1787652130947185648,16261,4.322448,46.627295234190456,-11.281327604145472,68.07242462097079,0.173439244543348,2.9075429266713604,0.998517693641977
left,20.34,1787652130961508096,1787652130956998030,16269,4.510066,46.766333305689464,-10.932645435063307,68.20681108453186,0.17339195034546245,2.913542539752071,0.9920993804550743
left,20.35,1787652130971508096,1787652130966974639,16277,4.533457,46.811883992171026,-11.331778697736132,68.51623235751332,0.1724669707814957,2.9229777051331753,0.9999335432036447
left,20.36,1787652130981508096,1787652130976904245,16287,4.603851,47.005227158572595,-11.381432883764495,68.29456310653205,0.1719455065685349,2.9242029988558436,1.0029453981650969
left,20.37,1787652130991508096,1787652130986911397,16292,4.596699,46.993982727504424,-10.987201418541739,68.51533268077088,0.17425024345412982,2.9246792911215715,0.9950743039173274
left,20.38,1787652131001508096,1787652130997047635,16302,4.460461,47.14686431779587,-11.161872816777219,68.21443866133808,0.17374847759699336,2.926465565519946,1.0051703128677474
left,20.39,1787652131011508096,1787652131006902613,16308,4.605483,47.38443909046466,-11.177060353869356,68.62625154946213,0.17586448025071327,2.9448983201407426,1.0077680164755036
left,20.4,1787652131021508096,1787652131017206275,16316,4.301821,46.953953835736264,-11.201752589665704,68.55475701097933,0.17354037992163657,2.928973577525105,1.010213400695785
left,20.41,1787652131031508096,1787652131026896909,16325,4.611187,47.07964638659496,-11.167375640955703,68.26067074302415,0.17258236527460882,2.9271030457552447,1.0118244915327081
left,20.42,1787652131041508096,1787652131036876437,16334,4.631659,47.05793009870355,-11.533108805789675,68.52833930261015,0.1706725597333434,2.927500528007849,1.0208998922541996
left,20.43,1787652131051508096,1787652131046925272,16341,4.582824,47.09356151021782,-11.557775893779803,68.54505290752905,0.1701137336730073,2.9310425127159165,1.0222788396268667
left,20.44,1787652131061508096,1787652131056939241,16348,4.568855,47.589948090983825,-11.561986733796351,68.39097992221953,0.1704403966086977,2.945184482016362,1.0236170654270853
left,20.45,1787652131071508096,1787652131066996220,16358,4.511876,47.514014142018596,-11.166621246235444,68.36199632320253,0.17102181721954557,2.9406673821764278,1.0128684305668196
left,20.46,1787652131081508096,1787652131077027644,16365,4.480452,47.00077864740296,-11.22207866480858,68.59878145336278,0.1696925859392771,2.9207888901057117,1.0138237346098649
left,20.47,1787652131091508096,1787652131086943430,16372,4.564666,47.143863311222404,-11.23518887860617,68.29519150454564,0.17184741710975895,2.922586910121642,1.0157309861056052
left,20.48,1787652131101508096,1787652131097086275,16380,4.421821,47.087234059715236,-11.608704992331269,68.60255585375357,0.17016889437794622,2.928531353598027,1.0243741155065675
left,20.49,1787652131111508096,1787652131106966368,16390,4.541728,47.09503273726474,-11.542679867767495,68.59949986048396,0.17000195962506087,2.931297992049328,1.023441199442769
left,20.5,1787652131121508096,1787652131117159701,16398,4.348395,47.5307472867248,-11.407351334551821,68.37014100543975,0.174123125867858,2.94956429788144,1.0189438712274939
left,20.51,1787652131131508096,1787652131126937370,16406,4.570726,47.454411673953324,-11.334987484726504,68.3946363617044,0.17204690536537495,2.9418397287756184,1.022088569741511
left,20.52,1787652131141508096,1787652131136906498,16413,4.601598,47.08088161528222,-11.776168302108594,68.3356190794387,0.17126908553670606,2.9214642365952015,1.037420683680137
left,20.53,1787652131151508096,1787652131146881856,16421,4.62624,47.141200116165585,-12.057845900099926,68.34546271739408,0.16992824435741893,2.9303313680963363,1.0471478438073007
left,20.54,1787652131161508096,1787652131156906728,16428,4.601368,47.12404296751652,-12.146201265534135,68.68377822736883,0.16747313337729017,2.927854511222134,1.0490592374086856
left,20.55,1787652131171508096,1787652131167131419,16438,4.376677,47.27752760221112,-12.246696580026903,68.35234123388001,0.1698301186503008,2.9325293513781503,1.052946224635319
left,20.56,1787652131181508096,1787652131176862194,16444,4.645902,47.5391651283881,-12.112812600562462,68.70118879526855,0.17112552318971735,2.955376186174007,1.048459845078304
left,20.57,1787652131191508096,1787652131186943627,16452,4.564469,47.498049377950245,-12.098969961394262,68.67224424231063,0.17046206950822518,2.950076850703212,1.046406935767527
left,20.58,1787652131201508096,1787652131197238467,16462,4.269629,47.51877489801827,-12.111348961871418,68.65962563309174,0.1696262535454921,2.939249694890824,1.0473311476079201
left,20.59,1787652131211508096,1787652131207167043,16468,4.341053,47.183819926892916,-12.236191231999856,68.5387301786649,0.1691550287603077,2.911123832025572,1.0475912334048292
left,20.6,1787652131221508096,1787652131217154357,16479,4.353739,47.300244034762784,-12.368726111460532,68.49275947958607,0.16892695931770693,2.905342795259018,1.0533421820142816
left,20.61,1787652131231508096,1787652131227022090,16484,4.486006,47.541174475660306,-12.75356985439904,68.21529962454342,0.16751686973455449,2.902552453279214,1.0639644663917542
left,20.62,1787652131241508096,1787652131237114554,16493,4.393542,47.47658851172174,-12.386058016856472,68.5293892100473,0.16915050190458125,2.903788830945201,1.0567151943047406
left,20.63,1787652131251508096,1787652131246956377,16502,4.551719,47.91374164889439,-12.746139771933782,68.55481570108644,0.16773088115348542,2.9198164125720245,1.0671539722013723
left,20.64,1787652131261508096,1787652131256890895,16509,4.617201,47.837822218079154,-12.764922021278073,68.58332355231248,0.1681762117365878,2.917303877868048,1.0664320150997053
left,20.65,1787652131271508096,1787652131267217741,16517,4.290355,47.859688536436686,-12.68488019977926,68.25077236307712,0.16978224887053886,2.9142453186653903,1.065230894957036
left,20.66,1787652131281508096,1787652131276883406,16524,4.62469,47.77753935640587,-12.241227506063709,68.29068291971178,0.17052149547696233,2.9101800468642747,1.0544459604940655
left,20.67,1787652131291508096,1787652131286916982,16534,4.591114,47.29853956563481,-12.168083230130913,68.56257887130751,0.16887575437337382,2.8948530851129677,1.0503533507244078
left,20.68,1787652131301508096,1787652131297338786,16540,4.16931,47.36773820313726,-12.42810430887068,68.57238257243945,0.16876374157279572,2.899316800879461,1.0495010283934476
left,20.69,1787652131311508096,1787652131306988386,16549,4.51971,47.395444169515436,-12.496375793879688,68.5942950481027,0.16772482999296617,2.9057044047958023,1.05359977741395
left,20.7,1787652131321508096,1787652131317680343,16558,3.827753,47.485055859963204,-12.135524784511162,68.34725287020335,0.1673174812352074,2.9057551571496933,1.0468594763855275
left,20.71,1787652131331508096,1787652131327073428,16566,4.434668,47.754267070777004,-12.230718099246824,68.66660731850509,0.16619719405042624,2.9278490843077005,1.0503086360397171
left,20.72,1787652131341508096,1787652131337232933,16572,4.275163,47.76311371952064,-12.178399604683822,68.39260748082576,0.1679123718128907,2.926234052517282,1.0442597139839338
left,20.73,1787652131351508096,1787652131347173460,16580,4.334636,47.661464612174534,-12.525290925782365,68.65567992040123,0.16665715962536454,2.9212633007060376,1.0521285418726989
left,20.74,1787652131361508096,1787652131356891779,16589,4.616317,47.587291575958844,-12.172178351756244,68.70618997696886,0.1664505132729594,2.920058665077061,1.0441498233378372
left,20.75,1787652131371508096,1787652131367276573,16598,4.231523,47.24730132663711,-12.450365782392025,68.59803007167413,0.16533291137044134,2.903750490864134,1.047483731823322
left,20.76,1787652131381508096,1787652131376892202,16604,4.615894,47.41993309702976,-12.406449686720588,68.29203310721849,0.16627671497428018,2.9038286296211693,1.0476555500455476
left,20.77,1787652131391508096,1787652131387194288,16614,4.313808,47.45407353239558,-12.106966148233433,68.31608527834402,0.1683462233274139,2.907017259605981,1.047080969532789
left,20.78,1787652131401508096,1787652131397470723,16621,4.037373,47.77141079760491,-12.11342191457873,68.63084575373357,0.16711800071412086,2.923310287551307,1.0494971159761546
left,20.79,1787652131411508096,1787652131406873663,16630,4.634433,47.837581322820085,-12.239349063283095,68.31719196721868,0.1661147081883741,2.9198556351410794,1.0538264692240726
left,20.8,1787652131421508096,1787652131417429502,16637,4.078594,47.676276372737746,-12.291960300124693,68.61425038204459,0.16456019911170688,2.9198822363740087,1.055555354344188
left,20.81,1787652131431508096,1787652131426977929,16646,4.530167,47.3869684087941,-12.563763748306199,68.2733544260377,0.163551592282291,2.902012251545189,1.060241554144324
left,20.82,1787652131441508096,1787652131437307705,16653,4.200391,47.426412121402755,-12.562224436534015,68.29666884339372,0.1666976988767882,2.9046474993762157,1.059416844433489
left,20.83,1787652131451508096,1787652131447393464,16662,4.114632,47.35610656200059,-12.223030617412913,68.62145688743857,0.1667289878416974,2.9094899270001227,1.0527236990855335
left,20.84,1787652131461508096,1787652131456920684,16668,4.587412,47.784301206005075,-12.51327520860053,68.6756697634205,0.1662923402591192,2.927036947375444,1.055448907043407
left,20.85,1787652131471508096,1787652131467350194,16676,4.157902,47.806491965946215,-12.056711229723433,68.35134493238732,0.16713386337375297,2.920735913235667,1.0423680033266738
left,20.86,1787652131481508096,1787652131476893828,16684,4.614268,47.66011591735377,-12.060888051796207,68.59111801208309,0.16696771319837683,2.914281230891069,1.0412985549486544
left,20.87,1787652131491508096,1787652131487001719,16695,4.506377,47.73374520943952,-12.230936394641027,68.28894330361226,0.16637194939012906,2.9101064316717213,1.0515936388737708
left,20.88,1787652131501508096,1787652131497480676,16701,4.02742,47.31968389177828,-12.565856810372429,68.52529668814964,0.16455699970745624,2.8893081649138077,1.0532614165168708
left,20.89,1787652131511508096,1787652131506893406,16709,4.61469,47.80483293828889,-12.00586361945952,68.30711045632484,0.16614625804207236,2.907035719195819,1.0409062382948495
left,20.9,1787652131521508096,1787652131517059263,16718,4.448833,47.363321321493316,-12.196745737442367,68.52268810388405,0.1642851548089095,2.8946966956769105,1.0469916498838074
left,20.91,1787652131531508096,1787652131526935747,16727,4.572349,47.759922131325396,-12.624104865795427,68.65230088707835,0.16345888916153045,2.9155195767055897,1.0579576393732413
left,20.92,1787652131541508096,1787652131537234254,16735,4.273842,47.721094849370736,-12.609301851724979,68.55916777075596,0.16466033540322472,2.9131198297390872,1.0564525946169807
left,20.93,1787652131551508096,1787652131547394816,16740,4.11328,47.67210783094195,-12.46868034501893,68.52513741758972,0.1655830186009053,2.911424686535775,1.0533806912066208
left,20.94,1787652131561508096,1787652131556910052,16748,4.598044,47.379805417829346,-12.032032808163414,68.21695792058675,0.16536956967369026,2.893002974886988,1.0439042091993014
left,20.95,1787652131571508096,1787652131567419734,16757,4.088362,47.44624490603204,-12.062048047293855,68.25040549306186,0.16567870531034784,2.8949169145930993,1.0464861437305586
left,20.96,1787652131581508096,1787652131576955179,16764,4.552917,47.42072072155987,-12.368569067906742,68.55174789564028,0.16655695313737673,2.9004426695306966,1.0524190602880312
left,20.97,1787652131591508096,1787652131586915945,16772,4.592151,47.39430875623808,-11.954165294244158,68.51977330596114,0.16759367696659402,2.9008560981599194,1.0430476058357905
left,20.98,1787652131601508096,1787652131597464353,16782,4.043743,47.738049131734286,-12.039490012910635,68.55967586442367,0.16629839501642063,2.9156166534783363,1.047680397084121
left,20.99,1787652131611508096,1787652131606956044,16789,4.552052,47.774230926364886,-12.424202753905057,68.31531644783975,0.1653389462161844,2.918272033623727,1.0570327004205369
left,21.0,1787652131621508096,1787652131617061886,16796,4.44621,47.72577631611376,-12.378656951953463,68.34799886306719,0.16460498219061837,2.918133039979404,1.0569145568859422
left,21.01,1787652131631508096,1787652131627105838,16805,4.402258,47.67994224655859,-12.061956447679297,68.37112488494623,0.16534419407182788,2.917059659774745,1.047246705849161
left,21.02,1787652131641508096,1787652131637213027,16815,4.295069,47.60383487034729,-12.165047436898423,68.62874537075953,0.1650198891934988,2.9151116499861187,1.0506237521786734
left,21.03,1787652131651508096,1787652131647449698,16822,4.058398,47.28705693193462,-12.374899890285723,68.57574806688059,0.16659647443083964,2.9008074815948044,1.0565957430875483
left,21.04,1787652131661508096,1787652131656864056,16828,4.64404,47.47380502579459,-12.724726392577429,68.29523841763466,0.16514856874967843,2.9037911812821964,1.064894192555344
left,21.05,1787652131671508096,1787652131667572696,16838,3.9354,47.866635347598745,-12.30817197385815,68.34660045894344,0.1670534288969638,2.9203077653601763,1.053785189717748
left,21.06,1787652131681508096,1787652131676921784,16846,4.586312,47.837118042614826,-12.165313340608547,68.34728080021834,0.1677503152470438,2.9188573362587995,1.0467437812339044
left,21.07,1787652131691508096,1787652131686885342,16852,4.622754,47.692232047712494,-12.095392546174859,68.62648867321116,0.1651589808411964,2.918286274876894,1.0417030077396419
left,21.08,1787652131701508096,1787652131697512549,16860,3.995547,47.64744829016714,-12.11741402485041,68.5980065151551,0.16742053967051404,2.9150495591067784,1.0435740821068902
right,0.01,1787652110631508096,1787652110627131904,4,4.376192,18.8545715344818,7.714555388439376,0.8534267403100222,0.21148801860607322,-0.2717084333367555,-0.5887102795616546
right,0.02,1787652110641508096,1787652110636836997,12,4.671099,18.834479695076446,7.843009202284242,0.7889205322142905,0.21167130343613258,-0.26975654776499886,-0.5923656125244269
right,0.03,1787652110651508096,1787652110647285677,20,4.222419,19.12991339586554,7.92414257807294,0.7665746381592211,0.21128071098848716,-0.251585083322926,-0.5925327193808828
right,0.04,1787652110661508096,1787652110656886629,28,4.621467,19.03485560805131,8.059464761957274,0.4298228035716256,0.21137044091836182,-0.2603045470700175,-0.5941132759989564
right,0.05,1787652110671508096,1787652110666937963,36,4.570133,18.921900434879394,7.487009598555875,0.38189773399425975,0.21189872451966293,-0.2681034822263347,-0.577904459898422
right,0.06,1787652110681508096,1787652110676876640,45,4.631456,18.868525214197735,7.059681403705791,0.46620757796328816,0.20613921719713652,-0.2706263565189412,-0.5676259918282132
right,0.07,1787652110691508096,1787652110687208981,53,4.299115,18.3819158714882,6.814013481922085,0.4893355914777522,0.1997700970422671,-0.2783675196360142,-0.5587571001066597
right,0.08,1787652110701508096,1787652110697318658,63,4.189438,18.28606815345553,6.3242484015117615,0.8051730237483854,0.19837974509329698,-0.2685948329547003,-0.5480940444371826
right,0.09,1787652110711508096,1787652110706792647,68,4.715449,18.319650971490162,6.751643681301208,0.7776332790082512,0.19380057362492326,-0.2597986955964954,-0.5584996129615338
right,0.1,1787652110721508096,1787652110717104009,79,4.404087,18.31698565191624,6.255198977431503,0.7359007598259328,0.19038649396042712,-0.25450474986973415,-0.5462235058198952
right,0.11,1787652110731508096,1787652110726871523,87,4.636573,18.720259897898394,6.73089377552379,0.7440097702239523,0.18669062482707297,-0.22930972545887962,-0.5621658965291632
right,0.12,1787652110741508096,1787652110737120578,95,4.387518,18.6805372617855,6.420860695108731,0.44848484749993967,0.18653075312638784,-0.23506228954917302,-0.563598298442134
right,0.13,1787652110751508096,1787652110747300882,101,4.207214,18.496924596929517,6.394161223563034,0.4159737354834987,0.18630002937155218,-0.24614301565099228,-0.5659026073199409
right,0.14,1787652110761508096,1787652110756863290,109,4.644806,17.95484079807726,6.550090645387112,0.4391722341951838,0.1867984768260088,-0.2605560709335065,-0.5701296808767049
right,0.15,1787652110771508096,1787652110767183174,116,4.324922,17.57398005447928,6.648140765106053,0.44201918559615994,0.18611979884178384,-0.27789840978370417,-0.5716714095459162
right,0.16,1787652110781508096,1787652110776810066,125,4.69803,17.23486061824999,6.180769421687009,0.6934312720410549,0.1879049982332876,-0.2927442597637322,-0.554186354127268
right,0.17,1787652110791508096,1787652110787342213,132,4.165883,16.84242832327023,5.831686816960489,0.602915712368246,0.18757347319911682,-0.31759658023709275,-0.5418653640311768
right,0.18,1787652110801508096,1787652110797365664,141,4.142432,16.99314236614222,5.5742633487291835,0.526584022146074,0.18922695084886007,-0.3270359747146823,-0.5335118876358208
right,0.19,1787652110811508096,1787652110806856416,148,4.65168,17.077448567758083,5.385136022908117,0.42736671672177584,0.19146771751061858,-0.33151732165490744,-0.5264556398199867
right,0.2,1787652110821508096,1787652110817171024,158,4.337072,17.11817990393447,4.930558309430712,0.3577929191541884,0.19544260222924859,-0.3347766822681208,-0.5148661652458167
right,0.21,1787652110831508096,1787652110827109525,165,4.398571,17.2441854271054,4.924174036173745,0.0014167133030171808,0.19317239378366607,-0.33055637865825754,-0.518735876415759
right,0.22,1787652110841508096,1787652110836826900,173,4.681196,17.195795510896993,4.919129983087688,0.3461710398681166,0.18971919536992102,-0.33363066141608,-0.5198042595402163
right,0.23,1787652110851508096,1787652110846878986,181,4.62911,17.4683448556523,5.257638855865595,0.052798315105062166,0.1914953692906172,-0.3305461038371961,-0.5261310396808887
right,0.24,1787652110861508096,1787652110857041260,189,4.466836,17.86231382501948,4.854672114242153,0.14515902430404282,0.18807461584806892,-0.2997683113877083,-0.5154769256680787
right,0.25,1787652110871508096,1787652110867171321,197,4.336775,17.37973595485462,5.198919148601165,0.13166718317146575,0.19008294649284127,-0.31004276171790063,-0.5253739435888128
right,0.26,1787652110881508096,1787652110877142997,205,4.365099,17.606270903039665,5.863882696116322,0.21673032406989545,0.19161370836251082,-0.28178534805637295,-0.5516495588645927
right,0.27,1787652110891508096,1787652110886986535,212,4.521561,18.17556341820811,6.210181673034574,0.4477601719101729,0.19064697244788023,-0.22153189928713946,-0.5616458647840841
right,0.28,1787652110901508096,1787652110897538166,222,3.96993,18.321078008271577,6.340456403987484,0.8796601031840414,0.1909415052866552,-0.17269843944900404,-0.5692063646194627
right,0.29,1787652110911508096,1787652110906875901,230,4.632195,17.687012602033906,6.501569269063293,0.7739068744936553,0.19257415553457724,-0.15491002174931,-0.574128456517777
right,0.3,1787652110921508096,1787652110917247597,237,4.260499,16.679115700482107,7.238363494234637,0.33570030045684707,0.19298048395182021,-0.1251218702836599,-0.5937239251444949
right,0.31,1787652110931508096,1787652110927510592,245,3.997504,15.622165447698201,6.823860267741094,0.41727223649977074,0.1930857817493907,-0.06031608752733553,-0.5872050157267245
right,0.32,1787652110941508096,1787652110936893762,253,4.614334,14.148015374270177,6.808715293709518,0.7848569010612333,0.2019995467048044,0.01907107164584365,-0.5828800906427348
right,0.33,1787652110951508096,1787652110946975500,261,4.532596,12.103293697448452,7.52684071651915,0.5939550292115835,0.2113518804714698,0.05646542370490809,-0.6076071718528938
right,0.34,1787652110961508096,1787652110956911952,269,4.596144,10.771448227415272,8.051814087462219,0.4602491930239946,0.21715801958492614,0.15257669529118512,-0.6227663820909416
right,0.35,1787652110971508096,1787652110967408304,277,4.099792,8.920380272816294,8.306989786100027,0.3780236138583346,0.22245759202364193,0.23523241349270896,-0.6281896431608494
right,0.36,1787652110981508096,1787652110977033289,284,4.474807,7.19812640632144,8.618147106272096,0.14300150433037506,0.22930156367606072,0.3530076372941208,-0.6375001860451119
right,0.37,1787652110991508096,1787652110986962136,292,4.54596,6.241352538855298,8.808121077746858,0.7422023763529048,0.236946582509318,0.5000104768870782,-0.6458315940380456
right,0.38,1787652111001508096,1787652110997513292,301,3.994804,5.430061041618748,8.823819351288678,1.458527783827201,0.2386747017222303,0.5893335408557874,-0.6475427288465925
right,0.39,1787652111011508096,1787652111006876512,308,4.631584,5.0056698465409655,9.349498544301593,1.920037695356907,0.2413070316316703,0.6572187975635544,-0.6561065263783896
right,0.4,1787652111021508096,1787652111017043347,316,4.464749,5.456949167728639,9.016320131492618,2.2425195037282926,0.2429533011955581,0.7667236814733609,-0.6434417721896766
right,0.41,1787652111031508096,1787652111027002733,324,4.505363,6.697270038401523,9.293500325682446,3.206909574509412,0.23711624934091405,0.8828869623464775,-0.649696647173317
right,0.42,1787652111041508096,1787652111036999823,333,4.508273,5.846590684423024,9.436432596226402,2.667863468016809,0.23607024832787696,0.8538943764399558,-0.6502060976326237
right,0.43,1787652111051508096,1787652111047283754,343,4.224342,5.4654124054022235,9.565952426453578,2.7355201101144364,0.23300692313883686,0.838902606818628,-0.6455534566585056
right,0.44,1787652111061508096,1787652111056851372,351,4.656724,5.920151242679135,9.31777567500055,2.8837004213538995,0.23193194318747,0.8329367198155472,-0.6314111479032772
right,0.45,1787652111071508096,1787652111066951584,357,4.556512,6.751413268332392,8.843389158044529,2.787975744489338,0.23228807462405876,0.7790131964800289,-0.6129827572664619
right,0.46,1787652111081508096,1787652111076878132,364,4.629964,7.414022038158363,8.065914728744094,2.7324492227412494,0.23410057747424687,0.775361420220784,-0.5920553866830195
right,0.47,1787652111091508096,1787652111087054650,373,4.453446,8.181108093909463,8.001300024928618,2.8561384404455827,0.2328407290589387,0.7775535713092812,-0.585231379113739
right,0.48,1787652111101508096,1787652111096960149,381,4.547947,8.414990496195456,7.981680704868596,2.7945162488496575,0.23424617144645699,0.7449669408067281,-0.5845521962367491
right,0.49,1787652111111508096,1787652111106853185,389,4.654911,8.12313448467066,8.330827185007445,2.4077998415890285,0.23267801097327856,0.7273923104370277,-0.5911311755987961
right,0.5,1787652111121508096,1787652111117081451,397,4.426645,7.271485714830742,8.293223435583206,2.445761330557232,0.2258605573475718,0.6777533080653491,-0.5919375047645453
right,0.51,1787652111131508096,1787652111126920895,405,4.587201,7.155663668388545,8.181959932842316,2.5777524525975224,0.21114447507562367,0.7231553615487974,-0.595201089731796
right,0.52,1787652111141508096,1787652111137018472,413,4.489624,6.84049046763597,7.676575179793996,2.991194865335128,0.17225351120826782,0.7932367683261414,-0.5793133234782626
right,0.53,1787652111151508096,1787652111147422310,421,4.085786,6.295125063137599,7.092045200697275,3.51257858413808,0.0893425083896102,0.8359667241300501,-0.5658678973797766
right,0.54,1787652111161508096,1787652111157063482,428,4.444614,6.68271328518922,6.690922327848126,3.874466389195538,-0.016089168918989535,0.9105567539979866,-0.5581618764183705
right,0.55,1787652111171508096,1787652111167073360,438,4.434736,5.224530712611637,6.205868955757651,4.116535544158951,-0.1221688032967958,0.9329368889214381,-0.547322482847588
right,0.56,1787652111181508096,1787652111176803242,444,4.704854,4.042332356579386,5.874122238429124,4.197703548545055,-0.19888189705102413,0.9630915800108268,-0.5453029709313268
right,0.57,1787652111191508096,1787652111187071616,453,4.43648,2.2704090919574575,5.715739999166956,3.9557029666722867,-0.24243141091253542,0.9349289361651416,-0.5450970356659885
right,0.58,1787652111201508096,1787652111196841642,461,4.666454,-0.07928987808762482,5.52566149912684,3.9364693601322127,-0.25220783792436374,0.8530670813791282,-0.5360575151125173
right,0.59,1787652111211508096,1787652111206864125,468,4.643971,-1.8231671349671308,5.032257373373285,4.218924928793307,-0.2592471594865529,0.7850299217234058,-0.5168705419556129
right,0.6,1787652111221508096,1787652111217370248,477,4.137848,-2.852913417598275,4.730849862109286,4.21797847612682,-0.26340493827519046,0.7316525015451674,-0.5033683770547128
right,0.61,1787652111231508096,1787652111226878542,484,4.629554,-4.236212904651097,4.307115294793234,4.268197179512992,-0.2570779652264783,0.63486640821019,-0.49221214927254886
right,0.62,1787652111241508096,1787652111236945032,492,4.563064,-4.451430525653804,4.546417888127742,4.234344223342508,-0.23593082106985355,0.5682171494187493,-0.4935713995778659
right,0.63,1787652111251508096,1787652111247057655,501,4.450441,-4.738371648040542,4.328600123099858,4.259891977784497,-0.2299865759652803,0.47834719685874527,-0.48570450289787004
right,0.64,1787652111261508096,1787652111256827809,508,4.680287,-3.6424699135244385,4.873380113530599,4.194848793605848,-0.24470676069219616,0.4367788332431458,-0.5044362050861855
right,0.65,1787652111271508096,1787652111267248110,517,4.259986,-2.7420605808794214,5.333899498020263,4.406125647374107,-0.2558104605890803,0.369221615073673,-0.512176377862261
right,0.66,1787652111281508096,1787652111276854780,524,4.653316,-1.448210112396955,5.9048077921401765,4.6608949830704915,-0.26365799437964577,0.317048748982656,-0.5295518405698676
right,0.67,1787652111291508096,1787652111286867160,532,4.640936,0.33335923295360675,6.409716806743265,4.947204318259185,-0.270455821276346,0.2699129463210357,-0.5458517096254912
right,0.68,1787652111301508096,1787652111296946931,540,4.561165,1.2653081202415892,6.734410464388455,5.0547197408744795,-0.2766689213032549,0.17906154483972292,-0.5585814732417359
right,0.69,1787652111311508096,1787652111306829574,548,4.678522,1.9223503865212999,7.094240556418465,5.344086998139753,-0.2853104968110019,0.07541676159319877,-0.5619140787740985
right,0.7,1787652111321508096,1787652111317216689,557,4.291407,2.667836465242592,7.122155655298266,5.153445527619697,-0.2869604542130714,-0.030838304557089025,-0.56105665775979
right,0.71,1787652111331508096,1787652111326841064,564,4.667032,3.686146556422541,6.69341575120866,4.897834558511209,-0.2910186353768335,-0.10804961103713451,-0.5548914798698744
right,0.72,1787652111341508096,1787652111336884876,573,4.62322,3.5476466201908115,7.2376689471079425,4.368521909121579,-0.2915285742136057,-0.20124962553939052,-0.5799065032867655
right,0.73,1787652111351508096,1787652111347260868,581,4.247228,2.812171731117248,7.73029855029238,3.912098059757851,-0.29096210372008074,-0.32995276527870343,-0.6000104864329496
right,0.74,1787652111361508096,1787652111356840862,589,4.667234,3.6257608506524996,8.025707477922833,3.532969793227716,-0.2898286645555849,-0.34059977220121507,-0.6134022767268427
right,0.75,1787652111371508096,1787652111367216631,596,4.291465,3.3636640213144893,8.245810035282181,3.2443065801174633,-0.2918537274013099,-0.3860433181529739,-0.6193303241229544
right,0.76,1787652111381508096,1787652111377029770,604,4.478326,3.4658583902605837,8.620186733873902,3.026593862496075,-0.2935638267605911,-0.43676478837183563,-0.6312211950981885
right,0.77,1787652111391508096,1787652111386870162,613,4.637934,3.3098355741240817,8.373894454674454,2.9385156695994503,-0.2963405823214385,-0.4558333906466571,-0.6257803392118775
right,0.78,1787652111401508096,1787652111396941012,621,4.567084,4.088264884821649,8.736296215751587,3.1290094592252338,-0.2949010257536909,-0.4641047353661656,-0.6301290124335209
right,0.79,1787652111411508096,1787652111406837418,628,4.670678,5.189653903798142,8.201799841907313,3.3696761871052123,-0.30259282053181014,-0.4031188122007746,-0.6138058351017859
right,0.8,1787652111421508096,1787652111417227356,639,4.28074,4.287514731380008,8.396982770689675,3.171913461141512,-0.3059654658926915,-0.41812629214936525,-0.6236911659308457
right,0.81,1787652111431508096,1787652111426828007,647,4.680089,4.431336291253646,8.549156766852988,3.22934715477944,-0.3023702856866049,-0.4127221321277029,-0.6344156327694623
right,0.82,1787652111441508096,1787652111437062436,653,4.44566,4.731426291151844,8.600057820396497,2.9298488287607634,-0.29865943921960847,-0.3896038895305203,-0.630567266539082
right,0.83,1787652111451508096,1787652111446848536,661,4.65956,4.296688696773921,8.791276080007206,2.97630262667649,-0.29713390609699414,-0.4021581522974512,-0.6280879271902957
right,0.84,1787652111461508096,1787652111457059977,669,4.448119,6.298098589667399,8.408151253099197,3.5173981196541426,-0.29438712005690165,-0.3030349480637827,-0.6088311903526353
right,0.85,1787652111471508096,1787652111468218945,679,3.289151,6.994111048415191,8.156971045725879,3.8533441954237126,-0.29177582144224096,-0.25287422497243756,-0.6037581437560393
right,0.86,1787652111481508096,1787652111476799661,684,4.708435,6.537237126016728,8.453320197185707,3.685846475663887,-0.2859941968837814,-0.2745754561776645,-0.6082233951975253
right,0.87,1787652111491508096,1787652111486817615,692,4.690481,6.747088795853673,9.032627720007131,3.8311096317789612,-0.279492089978305,-0.2887452740827618,-0.6254704147729028
right,0.88,1787652111501508096,1787652111496985507,701,4.522589,6.991344324842324,9.6236893352368,3.6994885080467803,-0.26798096706082636,-0.2831832674060313,-0.6387518344152693
right,0.89,1787652111511508096,1787652111506843556,708,4.66454,7.462351785322567,9.640632974413865,4.0519427247648,-0.2531372545813318,-0.27818790994747444,-0.6315520902321914
right,0.9,1787652111521508096,1787652111517331740,716,4.176356,8.408733788071073,9.912166094735605,4.002302909249,-0.22992693663357827,-0.2941493285487365,-0.6240382924530004
right,0.91,1787652111531508096,1787652111526872807,724,4.635289,9.319754372566283,10.342438970363268,3.733802833076008,-0.20080937650113007,-0.31917802389286787,-0.6202133021948965
right,0.92,1787652111541508096,1787652111537003205,733,4.504891,10.098777050201443,11.300107358093822,3.41516676170158,-0.16673167048346418,-0.3403169277610362,-0.6301346540058443
right,0.93,1787652111551508096,1787652111546919656,741,4.58844,11.06697526695876,11.685896842673701,3.087037376851171,-0.1301711548317813,-0.3742099264710669,-0.6259151105527136
right,0.94,1787652111561508096,1787652111556837688,751,4.670408,11.803097705707897,12.01910226504209,2.7808311020132948,-0.11396430275876737,-0.41893699397405915,-0.6185017182537641
right,0.95,1787652111571508096,1787652111567565768,756,3.942328,12.473886464619376,12.071489974843006,2.458285262754527,-0.11067339397555259,-0.46795204418285313,-0.601191929921979
right,0.96,1787652111581508096,1787652111576936605,766,4.571491,12.701021719047468,11.949026757192064,1.7410499932749244,-0.1182657909393783,-0.5315264894191913,-0.5818146355307108
right,0.97,1787652111591508096,1787652111586866503,773,4.641593,12.739564935741125,12.023159646562991,1.685630682678989,-0.1420122574585026,-0.5846949178568189,-0.5662693837643717
right,0.98,1787652111601508096,1787652111597040856,781,4.46724,12.673630082438613,11.672026119596342,1.2526125526615015,-0.18268395725802672,-0.6487295851373722,-0.5427339349100586
right,0.99,1787652111611508096,1787652111607013341,788,4.494755,11.972400231861329,11.482317072484072,0.5025832633344741,-0.236137431031566,-0.7327297266351893,-0.5285087783392024
right,1.0,1787652111621508096,1787652111617158603,797,4.349493,10.932336843180547,11.255437188988708,-0.039700210762672716,-0.2820791839120375,-0.8323659783718542,-0.5181516600880682
right,1.01,1787652111631508096,1787652111626895287,805,4.612809,9.559043795491144,10.569166835774704,-0.7548573912799221,-0.3065225139146397,-0.9157259233804845,-0.4882149717486057
right,1.02,1787652111641508096,1787652111636848998,812,4.659098,8.097762702802546,10.078267934931603,-1.5871389831762686,-0.3216615623463063,-0.9570656405478428,-0.4606378623955077
right,1.03,1787652111651508096,1787652111646802815,821,4.705281,6.487333824759341,9.508531868578018,-2.3054644987092447,-0.3266171012391827,-1.0059474343409023,-0.42928577528444056
right,1.04,1787652111661508096,1787652111656844688,828,4.663408,4.759462579249173,8.878417863128849,-3.0177150019951258,-0.32980846768596356,-1.082399946454549,-0.3994238351005479
right,1.05,1787652111671508096,1787652111666916371,836,4.591725,4.249795417522415,8.37036535267966,-3.178591276843215,-0.3330928579447505,-1.0844775037572811,-0.37427504429939895
right,1.06,1787652111681508096,1787652111676831486,847,4.67661,3.7658556180319853,7.786267645361993,-3.086486746120346,-0.3403709905495503,-1.0793451110032988,-0.34627868761915936
right,1.07,1787652111691508096,1787652111686870141,853,4.637955,4.0584204902738295,7.047864421736868,-3.0370821553323255,-0.35522332589279987,-1.081450934753332,-0.30824950049881344
right,1.08,1787652111701508096,1787652111697070768,860,4.437328,3.554875128975938,6.744488946306181,-3.2911520964193492,-0.3664845077982213,-1.1447823196403215,-0.2916617295658262
right,1.09,1787652111711508096,1787652111706814912,869,4.693184,4.827671859912857,6.341954456630974,-3.5801257832206135,-0.38195043134085943,-1.1162676973116974,-0.2681433915429071
right,1.1,1787652111721508096,1787652111716950991,877,4.557105,5.286932309290356,5.881328548401943,-3.7876414610235702,-0.3993559280360175,-1.1282063734417775,-0.24251391924336377
right,1.11,1787652111731508096,1787652111726846573,885,4.661523,5.300611843101727,5.284270842508345,-3.899406541509651,-0.4131972817093199,-1.1914335787990524,-0.21281797008017353
right,1.12,1787652111741508096,1787652111736816884,893,4.691212,6.1439973934813255,4.664322511820112,-4.2384722433182445,-0.4253240248208879,-1.2174891955488902,-0.1813589576598172
right,1.13,1787652111751508096,1787652111746880404,902,4.627692,6.43931979384236,4.204028971577266,-4.635476143170865,-0.41276359662807205,-1.2822659159309684,-0.15922067585397004
right,1.14,1787652111761508096,1787652111756848281,908,4.659815,5.864137347533455,3.4604024073241413,-5.194725577275445,-0.3794710236174527,-1.413476037539506,-0.12761062687599767
right,1.15,1787652111771508096,1787652111766919313,916,4.588783,7.182095694755028,2.864247570268785,-5.743716902600794,-0.34630796604859376,-1.4686244050335224,-0.10001980715660211
right,1.16,1787652111781508096,1787652111776822861,925,4.685235,8.528858319298008,2.3191267845294576,-6.396095624741331,-0.31298016714396254,-1.502944361764424,-0.0750572809659317
right,1.17,1787652111791508096,1787652111786895755,933,4.612341,7.601912501944011,1.5527345616584585,-7.067300040150159,-0.2846542790748543,-1.6397178373499415,-0.04549566434511189
right,1.18,1787652111801508096,1787652111796845642,942,4.662454,8.02750627894568,1.0690546581610414,-7.76195260740591,-0.2691619164421944,-1.7107646318435938,-0.023734681232238222
right,1.19,1787652111811508096,1787652111806817870,948,4.690226,7.1346336250552955,0.7608883987599228,-8.249982323221449,-0.25828178936542057,-1.8355896603278667,-0.006257198287930962
right,1.2,1787652111821508096,1787652111817249933,956,4.258163,6.964691218293375,0.17900325035935133,-9.262578171361184,-0.250014904777188,-1.8789354322223244,0.021845062206164806
right,1.21,1787652111831508096,1787652111826823227,967,4.684869,5.965694525402321,-0.2660667369226176,-8.810775375131762,-0.244195676895166,-1.8945326272939984,0.04505666639304402
right,1.22,1787652111841508096,1787652111836931435,973,4.576661,4.6261343736183544,-0.6229521827015106,-8.441064337374518,-0.24433228302294446,-1.8215254880718694,0.06589042599604925
right,1.23,1787652111851508096,1787652111846833019,981,4.675077,3.962267371913119,-1.1314309081438072,-7.719501626122475,-0.24268564163738668,-1.5915259045147196,0.08799853790979867
right,1.24,1787652111861508096,1787652111856851915,990,4.656181,4.509124086698119,-1.1160084515125375,-7.4891490186084555,-0.245324924217666,-1.4082006841623413,0.10055815989138887
right,1.25,1787652111871508096,1787652111867184997,996,4.323099,4.230809020822414,-0.5658988598945498,-6.411622466673446,-0.2448195652611539,-1.4251081801135816,0.09560351255281935
right,1.26,1787652111881508096,1787652111876840674,1004,4.667422,4.5945403450044315,0.5859435927503386,-6.391845420717983,-0.24625644004405237,-1.4481386172152366,0.07333285228415184
right,1.27,1787652111891508096,1787652111886859548,1013,4.648548,4.040430081663698,2.4040950274375716,-7.184116847445536,-0.24547285276983846,-1.4901290792969413,0.03803394116340236
right,1.28,1787652111901508096,1787652111896858702,1021,4.649394,4.682023026596148,3.8075673201768234,-6.797025967693113,-0.24373513219843662,-1.5150513607654814,-0.002985475399388593
right,1.29,1787652111911508096,1787652111906857962,1029,4.650134,3.9333935670499716,5.916518259657142,-6.883939202875804,-0.24865140718813866,-1.5546786179121015,-0.05035530082409695
right,1.3,1787652111921508096,1787652111916850791,1036,4.657305,4.186785898854281,6.339023825216473,-6.859964425983331,-0.24660909552227628,-1.54216250956071,-0.05303535175185187
right,1.31,1787652111931508096,1787652111926872873,1044,4.635223,4.4186756898758075,6.003906441005966,-6.972047101164094,-0.23730380323683115,-1.5571578382972506,0.004558558343931818
right,1.32,1787652111941508096,1787652111936837266,1052,4.67083,5.1556030893257585,6.106692606267137,-5.917213243024892,-0.2339316779754329,-1.5031650229529754,0.0354348773294515
right,1.33,1787652111951508096,1787652111946901552,1062,4.606544,5.649348651543674,5.992349358420613,-6.192559783210529,-0.23123872066432025,-1.4419189094159302,0.06590101841120999
right,1.34,1787652111961508096,1787652111956863584,1069,4.644512,6.061313909076375,4.928157818402962,-5.638175595660958,-0.227308646586528,-1.3517819048430613,0.10912433409581435
right,1.35,1787652111971508096,1787652111967219750,1077,4.288346,5.1533727849286235,3.210909285827181,-5.414101335314729,-0.21905254773949112,-1.266514698647075,0.17178437950512115
right,1.36,1787652111981508096,1787652111977041120,1084,4.466976,4.317973308558499,1.2113967934513783,-4.865950027038081,-0.20687301324780108,-1.1425284633414141,0.23950527257034954
right,1.37,1787652111991508096,1787652111986874476,1093,4.63362,2.1107569277878335,-0.07830355845637174,-3.980331311472516,-0.200003176080524,-1.0550353992024137,0.29583738677023325
right,1.38,1787652112001508096,1787652111996847293,1100,4.660803,-0.26901466507516136,-1.2978234601610033,-4.173673108550574,-0.1909109134780901,-0.992920698939596,0.3470858843831719
right,1.39,1787652112011508096,1787652112006853173,1108,4.654923,-1.7327762589074895,-1.9910726456565995,-4.285254282451209,-0.18599482610814988,-0.8649097524863711,0.3828993347469025
right,1.4,1787652112021508096,1787652112016856719,1118,4.651377,-3.7926342691135617,-2.4584130789179675,-4.0684591740344445,-0.186211277989208,-0.7518755716829124,0.3998290868923493
right,1.41,1787652112031508096,1787652112026856283,1125,4.651813,-5.723508694383595,-3.1710591978678653,-3.5606404846718016,-0.1869167835974313,-0.6490195764834661,0.42201777063832546
right,1.42,1787652112041508096,1787652112037165846,1132,4.34225,-6.310887806537269,-4.0348005790984,-3.235942544860673,-0.1819911562113085,-0.5236012853891877,0.44551408077106036
right,1.43,1787652112051508096,1787652112046813846,1140,4.69425,-6.2615099714995015,-3.9646035953470817,-3.4738099956610156,-0.17974352220397538,-0.3816339344597941,0.4428354733697913
right,1.44,1787652112061508096,1787652112057053197,1148,4.454899,-7.532831292899807,-3.80693417438144,-3.381600531673377,-0.17348623853859393,-0.3373294997519636,0.45058562917981354
right,1.45,1787652112071508096,1787652112067189956,1157,4.31814,-7.198651104356616,-3.689510913782594,-3.309240741470571,-0.16902588417527073,-0.2397309867474967,0.4481147127181935
right,1.46,1787652112081508096,1787652112076910065,1165,4.598031,-7.646435108433636,-3.0378146292798007,-2.7781719836848926,-0.17125252531376262,-0.16883972567411643,0.43523279420493044
right,1.47,1787652112091508096,1787652112086867778,1173,4.640318,-9.070575654431233,-3.6271127746630842,-1.97937688682829,-0.17219977872960768,-0.19154769004437439,0.47532748873428116
right,1.48,1787652112101508096,1787652112097038377,1180,4.469719,-8.124573283109164,-4.583358972903566,-2.6545127248137597,-0.1594666154883265,-0.08328494039061723,0.524874965531474
right,1.49,1787652112111508096,1787652112107018699,1190,4.489397,-9.003687621587703,-5.66300014779334,-1.8394252147852954,-0.15550564492336608,-0.06076469889489031,0.5699393041086415
right,1.5,1787652112121508096,1787652112116851526,1199,4.65657,-8.030074190084106,-6.334430565005815,-1.1679391111310307,-0.15317525681860641,0.04427333492211992,0.6024660069482787
right,1.51,1787652112131508096,1787652112127095946,1206,4.41215,-6.617468058714837,-7.270028099529669,-0.7784038892421379,-0.14721226560294887,0.11950878431734563,0.6298372641997584
right,1.52,1787652112141508096,1787652112137051943,1213,4.456153,-7.070692514202379,-9.285350930560304,-1.3774693020102848,-0.13989013577144302,0.0620274723230278,0.6826313585852452
right,1.53,1787652112151508096,1787652112146861984,1221,4.646112,-6.3756043825971895,-11.008893388832442,-1.165646848296412,-0.13355039671469815,0.0862215638780193,0.7460768425494011
right,1.54,1787652112161508096,1787652112156858506,1228,4.64959,-7.6536154295750185,-11.444833678509049,-1.0718667592011886,-0.1380259212152594,0.006680293149599836,0.7813346148931359
right,1.55,1787652112171508096,1787652112167227435,1236,4.280661,-7.278525683797638,-11.114059150252322,-1.4721953257692735,-0.14831114521180613,0.0260271090974612,0.7769892963143559
right,1.56,1787652112181508096,1787652112176865028,1245,4.643068,-7.46411335904126,-10.516731966691184,-2.0738628910271797,-0.15803297158301843,0.03203396350539278,0.7586833192965199
right,1.57,1787652112191508096,1787652112186877633,1253,4.630463,-8.017990988092768,-8.733948657237205,-1.275823426940565,-0.177568756298297,0.06508700111744026,0.7016306320947018
right,1.58,1787652112201508096,1787652112196804944,1260,4.703152,-7.785357808270181,-7.5137401500540815,-0.6539435478126243,-0.2006986481483858,0.18502735406143317,0.6441873108853283
right,1.59,1787652112211508096,1787652112206862443,1269,4.645653,-7.167610582355306,-7.6950037485149885,-0.27686905536628426,-0.22404941583926258,0.2263789947980361,0.6275274239149471
right,1.6,1787652112221508096,1787652112217023944,1277,4.484152,-6.309797979963795,-8.355088625456117,-0.8149201877333943,-0.23936848253154816,0.22169251569042386,0.6298482559012824
right,1.61,1787652112231508096,1787652112226856545,1284,4.651551,-6.8132890203849055,-7.1338893165068935,-0.493692080374061,-0.26228460517945007,0.1576940908676368,0.6007379713928268
right,1.62,1787652112241508096,1787652112237054940,1292,4.453156,-6.71177455588739,-5.402632826985132,-0.11687338834661931,-0.27813663850714176,0.14921853415201244,0.5687937512695469
right,1.63,1787652112251508096,1787652112247016839,1300,4.491257,-6.432688389908977,-5.5060844999751035,-0.12684993564204516,-0.2621846602857019,0.1847220271732742,0.5285560873599507
right,1.64,1787652112261508096,1787652112256851457,1309,4.656639,-7.80208262529075,-5.664376538303076,0.058430917918429914,-0.25941390203589837,0.15812415311713315,0.5284133226239988
right,1.65,1787652112271508096,1787652112267313232,1316,4.194864,-7.817165545827594,-5.843517837385079,-0.4775708790666844,-0.26934981102454797,0.22514298951044925,0.5314957659708338
right,1.66,1787652112281508096,1787652112276830197,1325,4.677899,-7.748962735999502,-6.1688544639876115,-0.10085440493858377,-0.2691221428478589,0.27689586457114157,0.5358845249163071
right,1.67,1787652112291508096,1787652112286841936,1334,4.66616,-7.2533556656397975,-6.133652831872949,-0.6870018057405252,-0.2635453909329303,0.2786560618599969,0.5385375887832055
right,1.68,1787652112301508096,1787652112296875755,1341,4.632341,-7.281281644519714,-6.354816443354499,-0.22719484048776062,-0.26742273451469123,0.22539646721778003,0.5374174158509933
right,1.69,1787652112311508096,1787652112306843702,1349,4.664394,-8.445835213295632,-6.694966891291799,-0.3460557300939957,-0.2652161117866766,0.14006030799167524,0.5400977270644797
right,1.7,1787652112321508096,1787652112316848726,1356,4.65937,-7.585666849330107,-7.349242406621225,-1.1916988253563328,-0.25654345479898416,0.11941907217428763,0.5495605768781564
right,1.71,1787652112331508096,1787652112326960477,1365,4.547619,-7.844541001224613,-7.776253861427828,-1.261778954598899,-0.24725623918822734,0.1181864058955654,0.5564658747632798
right,1.72,1787652112341508096,1787652112336843279,1374,4.664817,-7.488896851212271,-8.145006520477475,-1.0737882935467933,-0.23671529495550064,0.16185913731751062,0.5736881345638722
right,1.73,1787652112351508096,1787652112346866313,1381,4.641783,-6.716259014290089,-8.489178900880935,-0.9448510813147675,-0.21333018236629836,0.2626374537162476,0.5885721757486032
right,1.74,1787652112361508096,1787652112356839225,1388,4.668871,-6.410387274771101,-9.123039643939945,-0.36791442672144625,-0.1977905853773792,0.33299184786669994,0.6071026523729184
right,1.75,1787652112371508096,1787652112367206651,1397,4.301445,-5.993668663572456,-8.597817986243047,-0.35092449963685146,-0.18877347611050638,0.37289488508063706,0.6071773374148647
right,1.76,1787652112381508096,1787652112376870571,1404,4.637525,-6.5935322244653625,-7.174488382469944,0.029212792508605645,-0.19439621443492766,0.30933908694916035,0.5683141739098403
right,1.77,1787652112391508096,1787652112386857513,1412,4.650583,-6.753353560116164,-5.825579831826089,-0.546758133537633,-0.19882808449978498,0.30941280060464926,0.5039738417186501
right,1.78,1787652112401508096,1787652112396816540,1421,4.691556,-7.036416370078956,-5.60912492185609,0.03881769947889513,-0.1940584619387031,0.24772235000545897,0.455719057148523
right,1.79,1787652112411508096,1787652112406905419,1428,4.602677,-8.443660057111241,-5.761801180083482,0.6203558413435797,-0.19392677253259727,0.1815602241603575,0.41776438870552646
right,1.8,1787652112421508096,1787652112416823274,1436,4.684822,-7.873207101851675,-4.74786605617781,0.0852948872250594,-0.19369214611956612,0.2049997482832101,0.37602255851246663
right,1.81,1787652112431508096,1787652112426869885,1447,4.638211,-7.857660149367216,-3.7047108690408286,0.5639546921200662,-0.1889159537624175,0.2307876475714968,0.32020233485919
right,1.82,1787652112441508096,1787652112436856467,1453,4.651629,-7.506205739296264,-4.571066254575899,-0.0017744572671025693,-0.16258412040960818,0.27636218318241096,0.29187423689898156
right,1.83,1787652112451508096,1787652112447038175,1461,4.469921,-6.377134159327159,-4.971602590387661,0.12668488595260752,-0.11669391974262161,0.33604548181108507,0.2801104911709655
right,1.84,1787652112461508096,1787652112457034132,1469,4.473964,-6.625050053333618,-2.269854574531556,1.0369582345955273,-0.06207315592547723,0.3553455612433151,0.22322773638130938
right,1.85,1787652112471508096,1787652112467396575,1477,4.111521,-6.77297912039573,-1.9772883521639653,0.8466347360218123,0.014265069230958683,0.37721149872210474,0.16209480444573732
right,1.86,1787652112481508096,1787652112476901990,1485,4.606106,-6.129788955056908,-2.3749931657989944,0.00412259774064716,0.1025265918130978,0.41642490005853283,0.11741265404107287
right,1.87,1787652112491508096,1787652112487046623,1493,4.461473,-6.7633143437998795,-2.064277979013794,1.0189829898486455,0.1671256002842365,0.36574596939349907,0.07498661047653776
right,1.88,1787652112501508096,1787652112496849336,1501,4.65876,-7.004237562697773,-3.363146421860182,-0.9371013172641982,0.21477944348857536,0.36352047844780716,0.05786956526512699
right,1.89,1787652112511508096,1787652112506880717,1508,4.627379,-6.63694502323198,-2.341030275061654,0.6191283009348363,0.252331199629534,0.34337998031767714,0.04209531357122165
right,1.9,1787652112521508096,1787652112516859135,1517,4.648961,-6.802398105276315,-1.7582447249757651,-0.18862413385088184,0.27245007673488986,0.34106441544186794,0.004294290391072542
right,1.91,1787652112531508096,1787652112526850656,1525,4.65744,-5.63910259801754,-2.92724449147138,0.28284186337419337,0.27612516906433926,0.32250092122456236,-0.022131161458763426
right,1.92,1787652112541508096,1787652112536843398,1532,4.664698,-6.151338130017892,-2.0124698913682266,-0.5895028458090876,0.2700286166158304,0.2923160420018792,-0.05120229266726528
right,1.93,1787652112551508096,1787652112546852662,1541,4.655434,-6.302223336876365,-3.1214600488643915,0.4618157008862631,0.26936365509157745,0.24863174409073913,-0.05572695193603938
right,1.94,1787652112561508096,1787652112556841528,1548,4.666568,-6.972000199225631,-2.3610097616603123,-0.038098602181860564,0.26796989464465915,0.23934892250466577,-0.05858445264158563
right,1.95,1787652112571508096,1787652112567297648,1558,4.210448,-6.329913447885281,-1.5614388633403926,1.4616444084403946,0.26188722380142637,0.265922000963569,-0.07689257608204556
right,1.96,1787652112581508096,1787652112576906052,1565,4.602044,-6.729089885762307,-1.614398866764299,0.3002032513576218,0.2609130252894759,0.3097753647511384,-0.10031800467470803
right,1.97,1787652112591508096,1787652112586839774,1573,4.668322,-7.287530233656153,-2.27049747923447,2.1211286463908956,0.2648678891478394,0.30892623126723806,-0.11382901685239494
right,1.98,1787652112601508096,1787652112596820887,1580,4.687209,-6.798155638523436,-3.2846410241361608,0.4878100719294247,0.2701057934242683,0.4076585113836902,-0.09954506723392342
right,1.99,1787652112611508096,1787652112606927544,1588,4.580552,-6.789692224643972,-1.7492488370804111,1.0713680300920467,0.2594429115540207,0.34438703480871186,-0.10369737037199617
right,2.0,1787652112621508096,1787652112616861664,1597,4.646432,-6.505891158437658,-1.583878894538042,0.7848134507940097,0.24043766751393422,0.36141812028793346,-0.12806920024895246
right,2.01,1787652112631508096,1787652112626876750,1606,4.631346,-6.191340276603093,-0.8490132760979563,1.2407122591523674,0.22020418401614814,0.44773936208450604,-0.13877981661379632
right,2.02,1787652112641508096,1787652112637069208,1612,4.438888,-6.378680195597043,-0.8118721021488025,1.2304639391192413,0.2065768702926118,0.5865418161415341,-0.1544596487530641
right,2.03,1787652112651508096,1787652112646856307,1620,4.651789,-7.000339972001014,-2.0097065519490322,1.8929955084044892,0.20808481962319486,0.5503380261290535,-0.15980636375462443
right,2.04,1787652112661508096,1787652112656828768,1628,4.679328,-7.862640940006681,-0.5827007891437795,1.596951612863111,0.21164722864629965,0.41075567414633346,-0.12192860635240957
right,2.05,1787652112671508096,1787652112667207334,1637,4.300762,-7.875128145507515,0.9277254335205963,0.7116808895177367,0.20806112819209485,0.2865202326235897,-0.12910583171310136
right,2.06,1787652112681508096,1787652112676895413,1645,4.612683,-8.37609666365877,-0.20227724398454175,0.2386151124256375,0.20378862255180802,0.19610689215133748,-0.14479192069995198
right,2.07,1787652112691508096,1787652112686885349,1652,4.622747,-8.503824283739695,-1.1496650365911274,0.49009899941280954,0.20046339452280107,0.16379281730464842,-0.10893934575309437
right,2.08,1787652112701508096,1787652112696855292,1660,4.652804,-8.284358898495926,-1.9954441680598403,0.8639402268812042,0.19556606426774714,0.21727126729896817,-0.05717983735272064
right,2.09,1787652112711508096,1787652112706801254,1669,4.706842,-7.65847475058972,-2.5422825276399443,1.4047816308119139,0.1886061122867282,0.3322453091865196,0.006320382420180959
right,2.1,1787652112721508096,1787652112716930427,1677,4.577669,-6.913607560933381,-2.6997785317315994,1.9125857681683618,0.18282106235716436,0.47501553325111623,0.060437941198506706
right,2.11,1787652112731508096,1787652112726856274,1685,4.651822,-6.431817518084035,-3.3460091043184508,2.197548072629794,0.18098127350401114,0.5457153978801715,0.10537689641316361
right,2.12,1787652112741508096,1787652112736852796,1692,4.6553,-6.207873163506482,-3.9440854294739762,1.5351550984677107,0.1863621821979808,0.47053038855986756,0.15466855201819446
right,2.13,1787652112751508096,1787652112746943292,1700,4.564804,-7.2924939124886,-4.3489709753921275,1.078304883506001,0.1991702700338934,0.3041482669854342,0.19782083123098088
right,2.14,1787652112761508096,1787652112756843064,1708,4.665032,-8.38118933630215,-4.699227591117062,0.10408996248560332,0.2103047270957095,0.13951694390189368,0.22952767444752548
right,2.15,1787652112771508096,1787652112767238091,1716,4.270005,-8.682711520879336,-5.052577897800508,-1.0646991089233606,0.22103314037168575,0.016604181446746635,0.2709599211348355
right,2.16,1787652112781508096,1787652112776846775,1724,4.661321,-9.609862897666266,-5.391769748869662,-1.250271686121423,0.23999944671662038,-0.19913017812433198,0.30826224446412087
right,2.17,1787652112791508096,1787652112787079798,1733,4.428298,-9.144001537448236,-5.67413655355392,-2.9491945501586243,0.26235793472369323,-0.5045550800041069,0.3403507374724818
right,2.18,1787652112801508096,1787652112796866569,1741,4.641527,-7.937460822389962,-6.039372330304298,-4.639951105821174,0.28727125312554125,-0.8293617780442855,0.36759604374625743
right,2.19,1787652112811508096,1787652112807009359,1748,4.498737,-7.075198196695843,-5.9468518742493615,-4.334733099212537,0.30612386795462887,-1.1115728658349218,0.38661800561824644
right,2.2,1787652112821508096,1787652112816878634,1756,4.629462,-5.1353801055100465,-6.049869618751628,-5.367558262667742,0.3282966125861966,-1.3078720074666477,0.4075019640257222
right,2.21,1787652112831508096,1787652112827006030,1766,4.502066,-4.114642818368482,-6.163867333292549,-6.19375858765361,0.35176252912424,-1.4516079746829045,0.4270293244174274
right,2.22,1787652112841508096,1787652112836814621,1772,4.693475,-3.04092605473063,-5.9320780365594095,-5.913380348943159,0.3717617959851721,-1.6030769428265585,0.449443616260623
right,2.23,1787652112851508096,1787652112846813340,1780,4.694756,-2.3835442249993366,-5.069321317167236,-7.7736611129057245,0.3828901856307636,-1.6444934748096094,0.4503983917119377
right,2.24,1787652112861508096,1787652112856848464,1788,4.659632,-3.242978379119105,-4.627558481678352,-5.5081131739885585,0.38781040333668293,-1.6979425557241326,0.43318008489667614
right,2.25,1787652112871508096,1787652112866908966,1799,4.59913,-3.3509123230689295,-4.0648417115954745,-7.923726221445471,0.39427338935708445,-1.691083978859892,0.4097094636467351
right,2.26,1787652112881508096,1787652112876838645,1806,4.669451,-4.22665279374277,-3.604989884463073,-5.4374643983605715,0.38786153340718915,-1.70749145557057,0.3732326061043012
right,2.27,1787652112891508096,1787652112886874896,1812,4.6332,-5.462959679983867,-2.9935797380503666,-6.763010882114876,0.38578690960547396,-1.7590156408845756,0.32768575017124835
right,2.28,1787652112901508096,1787652112896863388,1821,4.644708,-6.704478796295915,-3.2174615316584765,-4.508018114112517,0.3840665484713653,-1.8823926846671286,0.2867700463406069
right,2.29,1787652112911508096,1787652112906874878,1830,4.633218,-7.051856394957948,-3.38099120946253,-6.879331527110081,0.3856817068692575,-1.8936883540479736,0.26400262169752886
right,2.3,1787652112921508096,1787652112916950038,1837,4.558058,-6.6537352004968975,-2.910301475230728,-5.746478444434802,0.39243788729296575,-1.954316923898725,0.25025998569955943
right,2.31,1787652112931508096,1787652112927086972,1845,4.421124,-6.418701708283235,-2.143356566649706,-6.48808399895554,0.4020329128875374,-1.9336137158655906,0.24296392865760438
right,2.32,1787652112941508096,1787652112936842289,1852,4.665807,-6.713097187132163,-1.7734309329098032,-5.9384913690203085,0.4095752523637656,-1.9333270907721967,0.21679476251967023
right,2.33,1787652112951508096,1787652112946820193,1860,4.687903,-5.961643275291851,-1.9292258771482638,-6.246059685991625,0.41087517380948313,-1.9007933946898972,0.20701584731067083
right,2.34,1787652112961508096,1787652112956861968,1868,4.646128,-5.82733836266993,-1.7986288959763979,-5.45316531361079,0.4051958970326511,-1.8549970669995262,0.2033822008469926
right,2.35,1787652112971508096,1787652112967372030,1876,4.136066,-5.514500310701523,-1.9493278290423035,-4.917590332653263,0.3930660547572245,-1.801506239142148,0.19586245020663107
right,2.36,1787652112981508096,1787652112976864614,1886,4.643482,-5.474931382333909,-1.861182343527635,-5.828431188147669,0.37989716329765066,-1.724624810508457,0.18618621131480143
right,2.37,1787652112991508096,1787652112986947144,1893,4.560952,-5.70215038147899,-1.7655921588568089,-5.321891086466849,0.36900995734531783,-1.7256191836036947,0.17333312870355486
right,2.38,1787652113001508096,1787652112997060440,1901,4.447656,-5.796687613337941,-1.6919712650361576,-4.901691225160772,0.3598250448350191,-1.6601200563229943,0.15772566729631862
right,2.39,1787652113011508096,1787652113006842969,1909,4.665127,-5.317184746900438,-1.4566920322336006,-4.390634389018443,0.34669677229761325,-1.613192214018982,0.14948463250346833
right,2.4,1787652113021508096,1787652113016967149,1917,4.540947,-5.28237537291408,-1.681927974019692,-4.795636880708978,0.3216341866177429,-1.5833946767801848,0.14831044988535216
right,2.41,1787652113031508096,1787652113026830835,1924,4.677261,-5.491222141091611,-2.1074562910700863,-4.433161477868976,0.2725441885276513,-1.5985077523366322,0.16312585245037303
right,2.42,1787652113041508096,1787652113037005071,1933,4.503025,-5.550514197361903,-2.647562643749332,-5.0210172030991895,0.19010436292963323,-1.5911563876760724,0.19866885200924364
right,2.43,1787652113051508096,1787652113047110741,1940,4.397355,-5.3037016424564625,-2.8097703526232394,-4.795138930160631,0.113831574542269,-1.5759359220819529,0.23709631706553225
right,2.44,1787652113061508096,1787652113056806619,1948,4.701477,-5.446003215473469,-3.3450651740008115,-4.601877479943755,0.0534816715087051,-1.5940252079639647,0.27672652359304617
right,2.45,1787652113071508096,1787652113066862390,1956,4.645706,-5.412626197483206,-3.163587017658392,-4.934827298025821,0.001268882589497311,-1.656587567028202,0.31204848279432773
right,2.46,1787652113081508096,1787652113076936823,1965,4.571273,-6.549762981645859,-4.301719975475648,-5.72033988011032,-0.025990784507922027,-1.754116606066823,0.32786227883342345
right,2.47,1787652113091508096,1787652113086858419,1972,4.649677,-6.547620134344805,-4.8121613342821465,-4.882776402468671,-0.032019138659486884,-1.7921050084810022,0.3460086116199768
right,2.48,1787652113101508096,1787652113096820220,1980,4.687876,-6.644092620334752,-5.2651556628758165,-4.915411279931475,-0.03243279326134671,-1.7835622315705875,0.36375999797984415
right,2.49,1787652113111508096,1787652113106858444,1988,4.649652,-6.312625950705103,-4.843042709602718,-4.201164309939823,-0.031993228852139705,-1.754693879131847,0.37311658607856024
right,2.5,1787652113121508096,1787652113116831005,1996,4.677091,-6.292899434107352,-3.5709780136323515,-4.60803513990237,-0.026002286699022603,-1.7438634574744385,0.3660237781433116
right,2.51,1787652113131508096,1787652113126862000,2005,4.646096,-6.349575097784295,-2.1369428435959623,-3.8948815922551034,-0.02342102574382937,-1.7259198894601284,0.3457951355838905
right,2.52,1787652113141508096,1787652113136842049,2013,4.666047,-5.559887633216402,-3.5552070331857557,-3.715183555294245,-0.0438319086475287,-1.690438636706121,0.3283333205231773
right,2.53,1787652113151508096,1787652113146910251,2021,4.597845,-5.395191424300388,-3.2502643098426542,-3.962209067312055,-0.08370467239783194,-1.6995489608116885,0.32193129454341285
right,2.54,1787652113161508096,1787652113156823647,2029,4.684449,-5.286999407834717,-4.190148605469263,-4.733597450229623,-0.10885033032129565,-1.729469806830377,0.33769606496017873
right,2.55,1787652113171508096,1787652113166913499,2036,4.594597,-5.495617573183594,-5.090720027179673,-4.55990247701898,-0.11317380568797433,-1.7795514560076124,0.380408417323294
right,2.56,1787652113181508096,1787652113176905008,2044,4.603088,-5.286944989906701,-3.7949243792777168,-5.613327259217741,-0.08656753293562816,-1.8144517943180587,0.46477915125046676
right,2.57,1787652113191508096,1787652113186929174,2052,4.578922,-5.849779862301805,-2.752120863015482,-4.90435950649576,-0.06039148394980173,-1.8900157674766973,0.5245545754613948
right,2.58,1787652113201508096,1787652113196877495,2061,4.630601,-6.105764889376514,-2.6188911625690974,-5.769172451579681,-0.05936051265736472,-1.920981701291308,0.549643079152832
right,2.59,1787652113211508096,1787652113206794811,2069,4.713285,-6.15903961700107,-4.099136592871505,-6.042531500800796,-0.047047427196332564,-1.9387682323316886,0.5793542650366227
right,2.6,1787652113221508096,1787652113216954630,2078,4.553466,-6.170257778622569,-3.5747455409854894,-5.6172067964094055,-0.0175872107288203,-1.91348456809423,0.6387461533132694
right,2.61,1787652113231508096,1787652113226862548,2086,4.645548,-6.172620845850453,-3.9382897125827587,-4.214410561428601,0.01377830153016285,-1.902882561987278,0.6786885826541404
right,2.62,1787652113241508096,1787652113236964191,2095,4.543905,-6.477195067737919,-4.62783809189256,-4.658769986592634,0.07165970102559027,-1.8516482959316312,0.7337289213175353
right,2.63,1787652113251508096,1787652113246902898,2103,4.605198,-6.872388011114441,-4.58286129540797,-3.867242041537544,0.06691636001240829,-1.8346290078668464,0.7443075748150594
right,2.64,1787652113261508096,1787652113256795624,2109,4.712472,-6.29956826656404,-3.159476285065835,-4.271218424958522,0.06816935668156107,-1.7965400164358574,0.73608249357394
right,2.65,1787652113271508096,1787652113267362495,2117,4.145601,-6.543302097142108,-2.6426746967042996,-3.895300891772222,0.05578666733974673,-1.7168001996061029,0.6896240806397517
right,2.66,1787652113281508096,1787652113276866899,2125,4.641197,-7.230082921134568,-3.1461246020866445,-3.6994569474788297,0.03466241502395287,-1.6969221914565584,0.6174159553103834
right,2.67,1787652113291508096,1787652113287024455,2133,4.483641,-7.283980747208903,-5.098115116815081,-4.323366006778427,0.04222854900546397,-1.7040833373454802,0.5892609590967941
right,2.68,1787652113301508096,1787652113297031086,2140,4.47701,-6.936200342900902,-5.1962732106745335,-4.336734765141227,0.06277786231342372,-1.7239373018071351,0.5939141598494315
right,2.69,1787652113311508096,1787652113306830138,2149,4.677958,-6.608217548343468,-4.118140365947987,-5.35263746955462,0.04080446362251386,-1.715612611316458,0.5947647371509883
right,2.7,1787652113321508096,1787652113316874762,2156,4.633334,-7.087383490151988,-3.9367725229825536,-5.084723483541566,0.017565062188090175,-1.8368470720961905,0.6122435185249311
right,2.71,1787652113331508096,1787652113326908338,2164,4.599758,-6.180198712165543,-6.047880846322944,-5.93260635749116,-0.0066622635916396,-1.7890642660374725,0.6189002057387258
right,2.72,1787652113341508096,1787652113336847521,2173,4.660575,-6.509230344292484,-6.137355706007428,-4.557976196249405,-0.014954690657415337,-1.8489438747846383,0.6644288155721974
right,2.73,1787652113351508096,1787652113347055710,2180,4.452386,-6.157772509085016,-5.896193220326244,-6.20085031021791,-0.03524627641912689,-1.7972365956037464,0.6967830689281331
right,2.74,1787652113361508096,1787652113356894068,2189,4.614028,-6.563781730851249,-3.9521316299134956,-3.7749450610475956,-0.07215304516306038,-1.835807320922168,0.7002899464674993
right,2.75,1787652113371508096,1787652113367093127,2198,4.414969,-5.96172764043068,-3.525384506845386,-3.90394210123455,-0.0810016983764682,-1.8227493044589425,0.6963763419290531
right,2.76,1787652113381508096,1787652113376928317,2205,4.579779,-6.501606342153901,-5.535238565510972,-4.586905940689073,-0.04899200948328211,-1.8410340766231088,0.6839473068493348
right,2.77,1787652113391508096,1787652113386878941,2213,4.629155,-6.595255365385997,-6.2685315572992675,-4.861623871141056,-0.007341701051022637,-1.8866737168190113,0.6875135421267073
right,2.78,1787652113401508096,1787652113396809559,2220,4.698537,-7.278483677654944,-4.358473487225042,-4.765249986508532,0.02169906657832589,-1.9981540833454918,0.70337727942886
right,2.79,1787652113411508096,1787652113406837286,2228,4.67081,-7.895530441656443,-2.6530889733340004,-5.333081781129132,0.0387377678391668,-2.0167946173335336,0.7044505338377727
right,2.8,1787652113421508096,1787652113416862810,2236,4.645286,-8.285064979491354,-3.846555487210072,-5.70373532751069,0.06728982355122731,-2.0656235530325455,0.7046051113177974
right,2.81,1787652113431508096,1787652113427075948,2245,4.432148,-7.659717524375249,-4.952321990149849,-5.272848071989659,0.10090747034750924,-2.028748224259217,0.7008751385184623
right,2.82,1787652113441508096,1787652113436873942,2253,4.634154,-7.732018049366667,-2.5529143488462442,-5.015141227881463,0.10774034733177347,-1.9265789608571122,0.6906549665510687
right,2.83,1787652113451508096,1787652113447046981,2262,4.461115,-7.448996655279105,-1.5943246462145253,-4.358989134030523,0.0879284927894059,-1.8675409309022297,0.6715148929777102
right,2.84,1787652113461508096,1787652113456892236,2270,4.61586,-6.875950351822849,-2.3440664043237804,-3.685494384024355,0.05779747956563738,-1.7703890545814842,0.6488134839981197
right,2.85,1787652113471508096,1787652113467440715,2278,4.067381,-6.145176754715028,-6.118613256796427,-3.099348117009969,0.05070519285522579,-1.7289740648676601,0.6347726816562593
right,2.86,1787652113481508096,1787652113476852394,2284,4.655702,-6.678911247229732,-4.270901634207849,-4.126896303941302,0.04358547897653893,-1.6871301856760392,0.6382248976299928
right,2.87,1787652113491508096,1787652113486947079,2293,4.561017,-6.727312447011634,-2.6782738729980013,-3.023517503454845,0.03087928936863695,-1.7177106550024817,0.6343700721261686
right,2.88,1787652113501508096,1787652113496826891,2301,4.681205,-7.162000939854896,-3.3164343417366924,-3.249529982679453,0.026474534328437868,-1.7411473990252304,0.6267009675791774
right,2.89,1787652113511508096,1787652113506857038,2309,4.651058,-7.131046834046063,-4.2762250468643055,-3.9661078209382814,0.03339425369024636,-1.7772454863705969,0.6321901216030673
right,2.9,1787652113521508096,1787652113517005068,2317,4.503028,-7.368366166695836,-5.717168581666026,-4.190669318113703,0.05428395123253396,-1.8259455268433693,0.647855138543721
right,2.91,1787652113531508096,1787652113526868693,2325,4.639403,-7.541039799827326,-5.185898064683465,-2.994532699101308,0.07221567054133399,-1.8133274501195111,0.667592384849858
right,2.92,1787652113541508096,1787652113536859796,2333,4.6483,-7.226735879736459,-4.402090449855204,-2.6646553590065536,0.07522387589309065,-1.7909916070746283,0.6709709740808505
right,2.93,1787652113551508096,1787652113546868782,2341,4.639314,-7.557901301370683,-2.187796599831276,-3.049764025221204,0.06104582259110841,-1.7434212957718986,0.6603929449338695
right,2.94,1787652113561508096,1787652113556887842,2349,4.620254,-6.577555560311236,-3.043791634055403,-2.910902607753623,0.04669947373771838,-1.6697123161774123,0.6409524163713463
right,2.95,1787652113571508096,1787652113566880512,2356,4.627584,-6.711262108233423,-5.8865764127693785,-2.768480676437322,0.05300222954251951,-1.6901210495050134,0.6395094154784141
right,2.96,1787652113581508096,1787652113576900061,2365,4.608035,-5.847881763866137,-5.705924312224671,-4.004897401563026,0.06917228101643531,-1.6540160513170536,0.6499785918339656
right,2.97,1787652113591508096,1787652113586911963,2373,4.596133,-6.889759958582314,-4.381027353667678,-3.7314672537800506,0.08551695867448239,-1.7925338756414828,0.671192613956942
right,2.98,1787652113601508096,1787652113596809811,2380,4.698285,-7.233391864904877,-2.085599642025273,-4.322151726472314,0.0813116161620305,-1.7943946621675106,0.670557249258863
right,2.99,1787652113611508096,1787652113606867745,2389,4.640351,-7.224173726608479,-3.778293273436032,-3.8596594826638366,0.0834547652928883,-1.85525778557151,0.6667375776156488
right,3.0,1787652113621508096,1787652113617083296,2397,4.4248,-6.806963032625548,-5.648913572394396,-5.235439621186244,0.09431450999141458,-1.845417146694115,0.6666573056540506
right,3.01,1787652113631508096,1787652113627072375,2405,4.435721,-7.632305698296707,-6.760056584294407,-4.886732184732364,0.11411116467452082,-1.953655392218164,0.691449442285641
right,3.02,1787652113641508096,1787652113637210804,2413,4.297292,-8.209799203631722,-5.839808779685716,-5.015148277113274,0.12421970827493053,-2.0205590737782515,0.7139322424542651
right,3.03,1787652113651508096,1787652113646797820,2422,4.710276,-8.627717378855415,-2.700123548719243,-4.676471715385452,0.11607227928435702,-2.0853808358876136,0.7239910781650254
right,3.04,1787652113661508096,1787652113657004555,2430,4.503541,-8.718216810220694,-1.8932411012155417,-4.368576161610447,0.10191046287524841,-2.1091741753940143,0.7068029435415736
right,3.05,1787652113671508096,1787652113667266489,2436,4.241607,-8.94619736907682,-4.1684062394651065,-5.189263966859189,0.10520649902866756,-2.1063003377150067,0.7006255766021091
right,3.06,1787652113681508096,1787652113676853623,2446,4.654473,-8.67228109585472,-6.512600232986592,-4.637806642585821,0.12054266246780507,-2.140337642444443,0.7126109646656094
right,3.07,1787652113691508096,1787652113686881639,2453,4.626457,-8.357835135062652,-5.999746742275281,-3.7486611017109985,0.12324808427457834,-2.081661739291927,0.7242674485970912
right,3.08,1787652113701508096,1787652113696852770,2461,4.655326,-8.235776170552983,-3.2457035024742265,-4.496148592634723,0.10151858198527855,-1.952418740722708,0.7143916736579374
right,3.09,1787652113711508096,1787652113706846070,2468,4.662026,-8.03262308297066,-2.1553876158670047,-4.3535132312752856,0.07559615157499823,-1.9051506101689473,0.6975821405601534
right,3.1,1787652113721508096,1787652113716877505,2477,4.630591,-7.771881321014377,-4.364620890758859,-3.905099790269053,0.07300459388305977,-1.9218804266111373,0.6871577491190186
right,3.11,1787652113731508096,1787652113727077170,2484,4.430926,-7.870550988552553,-4.834865811465997,-4.193791925043942,0.08125040926763909,-1.9037237755563243,0.6662801572903793
right,3.12,1787652113741508096,1787652113737269112,2492,4.238984,-8.127943118559761,-4.260579340836221,-3.7705772263229034,0.10541062873281351,-1.9499063056534265,0.6454524800716955
right,3.13,1787652113751508096,1787652113746824022,2501,4.684074,-7.513519537021664,-2.452421862336465,-3.2814573927832393,0.09962378181184012,-1.9114894123191601,0.6233336365761926
right,3.14,1787652113761508096,1787652113756905414,2509,4.602682,-8.236836708566646,-3.3527048082251776,-4.995834087368357,0.09957895493126943,-1.9343673486076098,0.611665008519193
right,3.15,1787652113771508096,1787652113766846191,2517,4.661905,-8.128757793691111,-4.1296764137514845,-4.171992804478314,0.11634561030110477,-2.0419946318534743,0.6242462009471809
right,3.16,1787652113781508096,1787652113776861041,2526,4.647055,-8.140023469336743,-4.181754084386991,-4.234749958502164,0.13024766671817584,-2.0587249434799695,0.6312534106903044
right,3.17,1787652113791508096,1787652113786841048,2533,4.667048,-8.000129888182336,-3.9285249578231904,-3.907522333062448,0.15253156149554342,-1.9894203280909606,0.6140694148486783
right,3.18,1787652113801508096,1787652113796830015,2540,4.678081,-8.240113791166227,-4.2178934012396105,-3.5578620095900306,0.1696291833470438,-2.056501303900659,0.626902245037089
right,3.19,1787652113811508096,1787652113806873958,2549,4.634138,-8.795566597969948,-4.210556315201578,-4.1509584364158405,0.1850350828948649,-2.1662231124861777,0.6535801112619031
right,3.2,1787652113821508096,1787652113816886738,2556,4.621358,-9.349850361490843,-4.28601619848992,-4.88133058066414,0.1938353903975414,-2.224666230328814,0.6694544948239188
right,3.21,1787652113831508096,1787652113826888792,2565,4.619304,-9.78452986349901,-4.4075740879288645,-3.915590736744604,0.2026809521322872,-2.2835212276967938,0.6911679262194137
right,3.22,1787652113841508096,1787652113837243393,2573,4.264703,-8.875375987523187,-4.2718865537768,-4.7911369144011715,0.20177342659103353,-2.1381221704748303,0.6799806602190037
right,3.23,1787652113851508096,1787652113847047546,2580,4.46055,-9.462818263821166,-4.305226217765276,-3.7165896255862405,0.221933389597132,-2.1442009004202536,0.6698203259957469
right,3.24,1787652113861508096,1787652113856965769,2589,4.542327,-9.653899129695704,-4.336776631829824,-4.431691180960895,0.24841252321103305,-2.223083193778274,0.6653403557882683
right,3.25,1787652113871508096,1787652113866892136,2596,4.61596,-10.488403192128121,-4.467812104245012,-4.284309995959845,0.267801834755964,-2.3507851258743724,0.672234218225833
right,3.26,1787652113881508096,1787652113876924896,2604,4.5832,-10.08170379905676,-4.426357924149682,-4.7271616911554375,0.26595291050024467,-2.3114144629348554,0.6638048334459667
right,3.27,1787652113891508096,1787652113886882783,2612,4.625313,-10.252251258598754,-4.1504751594979234,-3.6342620111476647,0.2688915937634663,-2.317168003059236,0.6635637134362983
right,3.28,1787652113901508096,1787652113897050108,2622,4.457988,-9.807946376639496,-4.244239117156929,-3.5764446515136363,0.27366976502571183,-2.2321074178528746,0.6529376542182845
right,3.29,1787652113911508096,1787652113906820986,2628,4.68711,-8.457640500124084,-4.159054368172981,-3.898462797089052,0.26958834467462706,-2.087414883715164,0.6364552979768667
right,3.3,1787652113921508096,1787652113916867271,2636,4.640825,-8.729743491383443,-4.28759983811385,-3.4960818040056596,0.27875382551432204,-2.1191542366041363,0.6422720970756731
right,3.31,1787652113931508096,1787652113926968784,2646,4.539312,-9.118048919727407,-4.444860255182217,-4.667414673106804,0.2940455952262948,-2.180945774980849,0.6539323965144003
right,3.32,1787652113941508096,1787652113937561460,2652,3.946636,-9.92676317627887,-4.636300972267886,-4.512230900358928,0.30987534997019583,-2.3190389095110895,0.6694621300543274
right,3.33,1787652113951508096,1787652113946844651,2661,4.663445,-10.930505312534002,-4.823062743949648,-5.806202033338774,0.3237010882888172,-2.4549444700601386,0.6813550830278312
right,3.34,1787652113961508096,1787652113956927434,2669,4.580662,-12.708702030163302,-5.07201241280752,-5.7968650252846015,0.34586195237613043,-2.705560646158233,0.7023915944555706
right,3.35,1787652113971508096,1787652113967001072,2677,4.507024,-14.273434944234868,-5.280759508070206,-6.359929995580848,0.3639669511578247,-2.9296553280980104,0.72246015062333
right,3.36,1787652113981508096,1787652113976901230,2686,4.606866,-14.953303722657372,-5.347850764118538,-7.169461154710409,0.3703535027276963,-3.072462835900841,0.7331693125195544
right,3.37,1787652113991508096,1787652113986855624,2693,4.652472,-15.510396476960304,-5.393666504935592,-7.173739108508019,0.37533154515084943,-3.1781077963459277,0.7415326207129734
right,3.38,1787652114001508096,1787652113996862041,2701,4.646055,-15.28903346946651,-5.341213274488739,-6.953602079222954,0.36900622351831647,-3.1372120036764235,0.7354137659903303
right,3.39,1787652114011508096,1787652114006803946,2709,4.70415,-14.545032536806685,-5.158368273541465,-5.5962630096029935,0.3572837258900682,-2.951861454148605,0.7130688624700121
right,3.4,1787652114021508096,1787652114016834762,2716,4.673334,-12.942336896022832,-5.2319747016940426,-4.641315728660339,0.3362511776922786,-2.6617677931050543,0.6816999896011382
right,3.41,1787652114031508096,1787652114027118285,2725,4.389811,-11.386639649706746,-4.846941399224571,-4.464270965016656,0.3096574529455544,-2.335830646357648,0.6445985631266021
right,3.42,1787652114041508096,1787652114036816149,2732,4.691947,-11.21168020920217,-4.7248286951915945,-3.947370308578398,0.3016523317447622,-2.2423651090084666,0.6308547901084315
right,3.43,1787652114051508096,1787652114046865298,2742,4.642798,-11.189329856581402,-4.705912218982212,-4.260326948069986,0.30007793022041,-2.254756682278509,0.6266157181393275
right,3.44,1787652114061508096,1787652114056866327,2749,4.641769,-11.345576520209336,-4.695432161596675,-4.624928909092988,0.30527706526478954,-2.331830061336481,0.6301695816751827
right,3.45,1787652114071508096,1787652114066880087,2757,4.628009,-11.818835100846433,-4.747986455266091,-4.972885173447501,0.3105495451980951,-2.429852575166421,0.6348504579180272
right,3.46,1787652114081508096,1787652114076900819,2764,4.607277,-12.31923870277003,-4.840556939217814,-5.335382287748048,0.32256596745368205,-2.557718617065442,0.6445274721495355
right,3.47,1787652114091508096,1787652114086795561,2773,4.712535,-13.094330892323766,-4.616742066379485,-5.713395061436687,0.33398913859609625,-2.6821430397709047,0.6531018765227967
right,3.48,1787652114101508096,1787652114096897814,2781,4.610282,-13.552291279279313,-4.801826331841504,-5.912474937107894,0.3475897269582393,-2.779903845159355,0.6635594803922986
right,3.49,1787652114111508096,1787652114106844612,2789,4.663484,-13.453988782345268,-5.1995848442013415,-6.506657822693004,0.3522094146153848,-2.7788364696562566,0.6604279870223245
right,3.5,1787652114121508096,1787652114116858516,2797,4.64958,-13.670753317500088,-5.183976136088491,-6.404792141974267,0.3561968345912941,-2.8232980830097896,0.6648176990747974
right,3.51,1787652114131508096,1787652114126816046,2805,4.69205,-13.270530010794435,-4.778169056675026,-6.692610237377454,0.35020701958742784,-2.736390686755194,0.6568317451022933
right,3.52,1787652114141508096,1787652114137050074,2812,4.458022,-13.065752490238369,-5.035638101248037,-5.649861863485518,0.37729875143544483,-2.6564297499088063,0.6584082543613564
right,3.53,1787652114151508096,1787652114147106236,2821,4.40186,-12.379984954408666,-4.607591835258332,-3.53053851126042,0.38157791471198044,-2.6022288457014673,0.6441857584879761
right,3.54,1787652114161508096,1787652114157102007,2828,4.406089,-11.095372889320709,-4.17316940752638,-2.7213352747316897,0.3585950003036655,-2.510892488238326,0.6087884614691421
right,3.55,1787652114171508096,1787652114166906428,2836,4.601668,-10.164021878555022,-3.6244143556948463,-1.6904127791433132,0.32412094668890645,-2.502657558956795,0.5875800159285005
right,3.56,1787652114181508096,1787652114176856606,2844,4.65149,-8.933030394696926,-3.7496420206051595,-0.6995640960671823,0.2985541829031033,-2.420858107975901,0.5608862243146324
right,3.57,1787652114191508096,1787652114186848120,2852,4.659976,-8.438605270007445,-3.800060731821229,-0.5534219372615667,0.3013193578579374,-2.2512373159876207,0.543261333503985
right,3.58,1787652114201508096,1787652114197052826,2862,4.45527,-8.31805894838447,-3.521675884261481,-0.9402443990102682,0.31370644061343644,-2.115205489880153,0.5291188245674323
right,3.59,1787652114211508096,1787652114206883250,2869,4.624846,-8.661227204188275,-3.5289262446800165,-1.5099350516687147,0.30555655155173955,-2.0935779768535774,0.5118927722473865
right,3.6,1787652114221508096,1787652114217073889,2877,4.434207,-8.721548891971521,-3.819617169801565,-1.8327038755357061,0.3133998740491788,-2.1415085431949423,0.5106907134602854
right,3.61,1787652114231508096,1787652114226993346,2885,4.51475,-9.05535878667251,-3.7777219757069007,-2.390601947751276,0.31517396925249935,-2.212825913820594,0.5135604204919192
right,3.62,1787652114241508096,1787652114237055734,2893,4.452362,-9.693391627202077,-3.8180519027425124,-2.443421447386083,0.3216977189185568,-2.302200701369811,0.5218750724168199
right,3.63,1787652114251508096,1787652114246840392,2901,4.667704,-10.280358754465391,-3.8838079889850365,-2.5691400444329613,0.32804851568195725,-2.378131745479609,0.5258064582050932
right,3.64,1787652114261508096,1787652114256876656,2908,4.63144,-10.913419230541992,-3.9644759221372428,-2.7996067738075547,0.33213653048156716,-2.4485834454441298,0.5311148670076189
right,3.65,1787652114271508096,1787652114266950246,2916,4.55785,-11.55309345796073,-4.0284100419388436,-2.9730505319218947,0.3318809214262336,-2.5166906645859166,0.5373061360473582
right,3.66,1787652114281508096,1787652114276936242,2925,4.571854,-12.15866682447316,-4.097881138363694,-3.1541040891121437,0.33614172459389946,-2.582626080873273,0.5408808274253083
right,3.67,1787652114291508096,1787652114286844815,2932,4.663281,-12.621756307159314,-4.170785948352378,-3.3189890216352893,0.3414144637359553,-2.6388540499475894,0.5449179901841713
right,3.68,1787652114301508096,1787652114296939112,2942,4.568984,-13.074872765247502,-3.928203512900355,-3.5164000621814866,0.3448723988052741,-2.6805126065080804,0.5475106838994206
right,3.69,1787652114311508096,1787652114306811433,2949,4.696663,-13.479622369073235,-4.043145962307445,-3.7027294527109804,0.3465846571746252,-2.7164632840762324,0.5502935813939582
right,3.7,1787652114321508096,1787652114316897506,2958,4.61059,-13.798800848512064,-4.492721734334092,-3.848157717233874,0.35148663616393594,-2.7396170844749803,0.5514335704100998
right,3.71,1787652114331508096,1787652114326839260,2967,4.668836,-14.17368367490897,-4.499753315064925,-3.9929458821993133,0.3504337150646246,-2.763190960811841,0.5528629498768175
right,3.72,1787652114341508096,1787652114336871535,2974,4.636561,-14.427957400512122,-4.47674167678939,-4.04967966130427,0.3511433571945358,-2.7634704908877508,0.5520711435499644
right,3.73,1787652114351508096,1787652114346861060,2983,4.647036,-14.659437849426855,-4.471768667859067,-4.09743884027081,0.3457792984506177,-2.7592612140171884,0.5473382827484125
right,3.74,1787652114361508096,1787652114356934603,2990,4.573493,-14.882872909538271,-4.1286472114919555,-4.14077968676063,0.33654488654346215,-2.7416862708216523,0.5432298143835244
right,3.75,1787652114371508096,1787652114366955365,2997,4.552731,-15.059056221756947,-4.495449003949508,-4.188138737274423,0.33117765409581135,-2.7220366455725884,0.5367486044446139
right,3.76,1787652114381508096,1787652114376852661,3006,4.655435,-15.267860405977206,-4.495160444045716,-3.96570044981146,0.32509463724151777,-2.7037727496335298,0.5325241760598141
right,3.77,1787652114391508096,1787652114386866492,3012,4.641604,-15.193120444255861,-4.132986364674717,-4.25284520625964,0.3121280350605991,-2.660904529666343,0.5235114173343366
right,3.78,1787652114401508096,1787652114397083465,3021,4.424631,-14.911433592599174,-4.481963633628657,-4.573960967931299,0.30268982013102125,-2.614787289421522,0.5143963054632248
right,3.79,1787652114411508096,1787652114406836560,3029,4.671536,-14.765053261980112,-4.05507649623633,-5.023923481531761,0.28893885971747085,-2.5886373499061834,0.5043243072978285
right,3.8,1787652114421508096,1787652114416922608,3036,4.585488,-14.272312576127312,-4.0211835709495265,-5.63257810890297,0.26935850974971437,-2.5373648113000167,0.4873715979475674
right,3.81,1787652114431508096,1787652114426906634,3045,4.601462,-13.542716830894657,-4.270865470306027,-6.110898032077254,0.24628396226428906,-2.481801747312775,0.46867158370066253
right,3.82,1787652114441508096,1787652114437226131,3053,4.281965,-12.322898688771131,-4.022585404161212,-7.085250133140619,0.2192058001985437,-2.3950384103603044,0.4476085043996104
right,3.83,1787652114451508096,1787652114446850134,3060,4.657962,-10.965690068235347,-3.7656195667585184,-8.061527411807196,0.19133992540356382,-2.2972257216179095,0.42440784468784354
right,3.84,1787652114461508096,1787652114456863713,3069,4.644383,-9.99556136631086,-3.2035119580810396,-8.414981833285733,0.16203782907973668,-2.23520174936582,0.4036121134365904
right,3.85,1787652114471508096,1787652114467028572,3077,4.479524,-9.200274118909158,-3.0863856111381853,-8.591379721429785,0.13587144833548997,-2.1954903648499493,0.3860216147079324
right,3.86,1787652114481508096,1787652114477104801,3085,4.403295,-8.073253756530574,-3.309289625755694,-9.513364468589993,0.10559151688148005,-2.1081829320105614,0.3640735293370727
right,3.87,1787652114491508096,1787652114486819266,3092,4.68883,-7.036645222995697,-3.0986411233842253,-9.927988214553826,0.08242177025634859,-2.055177241183574,0.3501484914881137
right,3.88,1787652114501508096,1787652114496858610,3101,4.649486,-6.531856662281294,-2.959460869845711,-9.90396833423733,0.06864332594514733,-2.0697168130462327,0.34440203533684655
right,3.89,1787652114511508096,1787652114507040864,3108,4.467232,-5.476291923859044,-2.7749239050999988,-10.676214437770088,0.05425591855809944,-2.0210789715624964,0.33200450301760887
right,3.9,1787652114521508096,1787652114517017643,3116,4.490453,-4.715252646580058,-2.5761757888288117,-11.64926176755067,0.04207766871648119,-2.011076749935871,0.32414792183668334
right,3.91,1787652114531508096,1787652114526902156,3127,4.60594,-5.164670839568729,-2.5484536210783757,-11.123933730904646,0.04247806884671307,-2.097065316184633,0.32123715181293594
right,3.92,1787652114541508096,1787652114537176619,3133,4.331477,-4.806006252113824,-2.4471644498365572,-12.096093525568273,0.03465166793779986,-2.0724207615233667,0.31153783706640875
right,3.93,1787652114551508096,1787652114546827908,3140,4.680188,-5.998400583472651,-2.2446447080896275,-11.109421912626718,0.03869933164359399,-2.1953907616664488,0.32152768044906166
right,3.94,1787652114561508096,1787652114556968263,3151,4.539833,-5.641661021877964,-2.2471178079189063,-13.104954353608854,0.0283316443522712,-2.110594793620523,0.31363768248044965
right,3.95,1787652114571508096,1787652114566865540,3156,4.642556,-5.59545933195358,-2.60718477005223,-12.549095715120355,0.03037590808812915,-2.1547117789092045,0.3182721902497754
right,3.96,1787652114581508096,1787652114576898765,3165,4.609331,-7.337540867746462,-2.484788722046987,-11.48184708833228,0.04188869022846106,-2.310464057123905,0.3311973785455331
right,3.97,1787652114591508096,1787652114586826533,3172,4.681563,-7.396774065909885,-2.5615078590917824,-12.575019863442918,0.04268833507504827,-2.3160852711160445,0.3269602616567807
right,3.98,1787652114601508096,1787652114596859462,3181,4.648634,-7.601046571111469,-2.796214518181513,-11.733732729361723,0.053194896580563006,-2.3792057862192846,0.3356422325538735
right,3.99,1787652114611508096,1787652114606864391,3188,4.643705,-8.094311978710909,-3.041723833096534,-11.28205072674428,0.06188057884854278,-2.378558209503497,0.33590299283194447
right,4.0,1787652114621508096,1787652114617049227,3197,4.458869,-6.272480140958533,-3.0539024064891347,-11.104578805133738,0.058460438374319273,-2.166979519756012,0.31817331506322993
right,4.01,1787652114631508096,1787652114626874522,3204,4.633574,-5.859312389784422,-3.3455763986190368,-8.68864295641729,0.07139036646380012,-2.0126769421682558,0.31383161830441536
right,4.02,1787652114641508096,1787652114637136328,3214,4.371768,-3.9896706369019994,-3.3790264236871477,-7.836388483162444,0.0699929294715114,-1.6988696867218016,0.29260146511877266
right,4.03,1787652114651508096,1787652114647010986,3221,4.49711,-3.9349520285034565,-3.6832889048084,-6.705251678733221,0.08007249241335426,-1.6106943422400481,0.2906980298951641
right,4.04,1787652114661508096,1787652114656959284,3229,4.548812,-3.6001686799049817,-3.897580947778871,-8.007391685875774,0.09346967246161314,-1.6077933138838807,0.29778793712581153
right,4.05,1787652114671508096,1787652114666982266,3236,4.52583,-4.622360850071476,-4.329621911241425,-7.808506361063964,0.11925407726453202,-1.7732836690466507,0.3252058584464237
right,4.06,1787652114681508096,1787652114676911585,3245,4.596511,-5.753213217042551,-4.461602070069829,-8.272158850588772,0.1428985125251529,-1.9521636791628236,0.348106141845483
right,4.07,1787652114691508096,1787652114686867335,3253,4.640761,-5.562047821835592,-4.741047546804704,-9.793823750288448,0.1538890140189383,-1.9778932599959913,0.35830161219370404
right,4.08,1787652114701508096,1787652114696857010,3260,4.651086,-6.509266588271006,-5.442987804190397,-8.917592355223075,0.17044096121548374,-2.11220077056884,0.37827562759301203
right,4.09,1787652114711508096,1787652114706808339,3269,4.699757,-5.791858825650785,-5.076421112181029,-10.476471897708011,0.16755826938165808,-2.027193795302021,0.37333244443665814
right,4.1,1787652114721508096,1787652114717303268,3276,4.204828,-6.558640473609308,-4.838823307746847,-9.164170774302333,0.17377372756245796,-2.042011081204523,0.3736660611668904
right,4.11,1787652114731508096,1787652114726842495,3284,4.665601,-5.0478938408778955,-3.4989839393033173,-9.277915805582685,0.14654893404382932,-1.8444640664026561,0.34525142919607343
right,4.12,1787652114741508096,1787652114736878255,3293,4.629841,-4.112332866259615,-3.2774658059934345,-8.792561459852543,0.12188690498065984,-1.672685388875158,0.32091825318280726
right,4.13,1787652114751508096,1787652114746814919,3300,4.693177,-4.116007931246471,-3.111757247440704,-7.515588705950654,0.10338623367339879,-1.6149446758762973,0.3051654833028405
right,4.14,1787652114761508096,1787652114756867862,3308,4.640234,-2.7061702585619756,-2.60826101700798,-8.184589024164543,0.07179507563282073,-1.421019922924108,0.27522850995098336
right,4.15,1787652114771508096,1787652114766896090,3316,4.612006,-1.6465475756845833,-2.0532729570614783,-7.534441115090091,0.04632274761241184,-1.291600588659787,0.2524160691955366
right,4.16,1787652114781508096,1787652114776949487,3325,4.558609,-2.0372017095612582,-2.057289194076405,-6.120408275981169,0.029990081865327603,-1.2730200369551279,0.23953290114741435
right,4.17,1787652114791508096,1787652114787189546,3332,4.31855,-0.24580332473370106,-1.9969392085255122,-6.870158955823665,0.004215404015806834,-1.0528024511951348,0.21002098021931753
right,4.18,1787652114801508096,1787652114796873409,3340,4.634687,1.2840767760750436,-1.6462654425155105,-6.6299070177111945,-0.016781479025096774,-0.8869932330089945,0.1886059741593604
right,4.19,1787652114811508096,1787652114806851594,3348,4.656502,1.5197314231442998,-1.1705188646038187,-5.743729913627853,-0.03383577003531539,-0.788105859198296,0.1748346574671364
right,4.2,1787652114821508096,1787652114817258438,3356,4.249658,0.7968615004596222,-0.45788770115578137,-4.150649935639791,-0.04681964352480143,-0.778521071097818,0.16753148760393247
right,4.21,1787652114831508096,1787652114826862726,3364,4.64537,2.113862186534559,0.44274669529228367,-4.748695514697099,-0.06996516230296673,-0.64822622785819,0.1487823459436654
right,4.22,1787652114841508096,1787652114837039427,3373,4.468669,2.596633248936681,0.463041404316314,-4.483664828623747,-0.08295472121285895,-0.5566300623070637,0.1344238145588743
right,4.23,1787652114851508096,1787652114846969925,3381,4.538171,1.530011074223372,0.2589857628074671,-3.09741981411976,-0.07359829155058625,-0.64607153004219,0.14399619801513971
right,4.24,1787652114861508096,1787652114857041945,3388,4.466151,2.1790319866202754,0.6249615439325633,-3.300380862669256,-0.08118325053265413,-0.6260707044004337,0.13478598367641817
right,4.25,1787652114871508096,1787652114866868199,3397,4.639897,1.9327223083687752,0.49463166219717525,-3.348648796076218,-0.07918256025313627,-0.6957318583963242,0.13724173985464944
right,4.26,1787652114881508096,1787652114876857042,3405,4.651054,2.5196188780445925,0.4345722214542257,-4.162382463833357,-0.08935461591815293,-0.6592239001715304,0.12828223431571556
right,4.27,1787652114891508096,1787652114886973477,3413,4.534619,1.7052803801621266,0.513612982603362,-3.346374413235895,-0.08562000436859253,-0.7306041532205276,0.13471124939221366
right,4.28,1787652114901508096,1787652114896876437,3421,4.631659,0.8421557040157073,0.47712659739380064,-3.0979860820002174,-0.0810732888673841,-0.7968197162836421,0.14040767134922436
right,4.29,1787652114911508096,1787652114906846107,3428,4.661989,0.4788782393473352,0.48209163270102173,-3.1546518542404685,-0.07587402197550402,-0.8150870371106255,0.14380836618889048
right,4.3,1787652114921508096,1787652114917314097,3438,4.193999,0.4448987880854268,0.5630357522960129,-3.773992147455716,-0.07355841950577338,-0.7918330112620273,0.14214503688368144
right,4.31,1787652114931508096,1787652114926812613,3446,4.695483,0.33345354682861233,0.5693796855760078,-3.909214715133896,-0.0742283227936381,-0.790361844880056,0.1413010860947286
right,4.32,1787652114941508096,1787652114937224782,3453,4.283314,0.17756410543170326,0.5956851809291477,-3.6225580349267323,-0.07341919546647319,-0.7875358744393641,0.14309950977942804
right,4.33,1787652114951508096,1787652114946922531,3462,4.585565,0.936757782811491,0.6969949176286423,-3.4714472721364844,-0.07947122333699913,-0.7080477636705702,0.14112876087505033
right,4.34,1787652114961508096,1787652114957088037,3468,4.420059,0.8741828185882851,0.6865940246399616,-2.710056061683707,-0.078795356628792,-0.6802813263083338,0.14205330479522865
right,4.35,1787652114971508096,1787652114967178996,3476,4.3291,1.3482969755547378,0.7473726865625739,-2.5901717902749883,-0.08507528968148814,-0.6008525539831626,0.13361545894336868
right,4.36,1787652114981508096,1787652114976823571,3485,4.684525,2.0864883227291506,0.8846524829011473,-2.337039638409159,-0.09295253938215069,-0.5158328422110385,0.12603794202783108
right,4.37,1787652114991508096,1787652114987061533,3492,4.446563,2.7649582256612693,1.3002707958410258,-2.5224997590034066,-0.09770481517562934,-0.4445604040594838,0.11922376469883139
right,4.38,1787652115001508096,1787652114996812374,3500,4.695722,3.0087271012383705,0.9549757623561257,-2.2640977499538737,-0.0990345430760564,-0.4298685721592143,0.11598549094805055
right,4.39,1787652115011508096,1787652115006858143,3508,4.649953,2.8712862155677406,1.2143073400693858,-2.930931511976694,-0.09950881808191328,-0.4527596065785838,0.11672335618139279
right,4.4,1787652115021508096,1787652115017314089,3517,4.194007,2.7006374521506946,1.1350554062918066,-2.922970914444789,-0.09628221652826684,-0.5047812134648857,0.12070782456200257
right,4.41,1787652115031508096,1787652115026834502,3524,4.673594,2.5396555637385263,1.0867885691990185,-2.914759296530237,-0.09073275003008706,-0.5715932688850052,0.1271699156364035
right,4.42,1787652115041508096,1787652115037075317,3532,4.432779,2.5552901007886546,1.037755253683494,-2.5205615831965043,-0.08865832225623953,-0.5949455967091822,0.12737946602907935
right,4.43,1787652115051508096,1787652115047049091,3540,4.459005,3.011668610204839,1.1059539179597584,-2.091207949050941,-0.0968975320696213,-0.4716362042477187,0.11281952572065332
right,4.44,1787652115061508096,1787652115056824894,3548,4.683202,3.356828466931423,1.1839739709047445,-1.2566798892818971,-0.10021591814691713,-0.39082443441686165,0.10411285155598876
right,4.45,1787652115071508096,1787652115066904475,3557,4.603621,3.8680039798690937,1.280178946679798,-1.016605639089255,-0.10322671933122973,-0.3186991502458977,0.09576023569927189
right,4.46,1787652115081508096,1787652115076887850,3565,4.620246,4.045127773499712,1.3199265117788042,-0.6169532354383893,-0.10810328530910013,-0.26380491940240436,0.09142554664014285
right,4.47,1787652115091508096,1787652115086953617,3572,4.554479,4.212951267059012,1.3422873209916628,-0.002593930656688226,-0.11327299558641676,-0.22135161534844855,0.08728809183621697
right,4.48,1787652115101508096,1787652115097113932,3580,4.394164,4.543295693620007,1.1222462568311675,0.07442929575031654,-0.11765592482112588,-0.12515733316661773,0.07896960153064052
right,4.49,1787652115111508096,1787652115106951676,3589,4.55642,4.8450475302376255,1.2529553059599794,0.2320851146155385,-0.12503039236359215,-0.021559570229727237,0.06964183505964996
right,4.5,1787652115121508096,1787652115117267403,3596,4.240693,4.980457513044504,1.33856231910473,0.3578256758424936,-0.13355696837813918,0.05985503517309343,0.06392560062008062
right,4.51,1787652115131508096,1787652115126878059,3605,4.630037,4.85186598305513,1.3539186535419865,0.17865535922079623,-0.1380714980822889,0.12226094296339199,0.061923137228064
right,4.52,1787652115141508096,1787652115137182008,3613,4.326088,4.910331917726361,1.413689784061016,0.4017245269520169,-0.14267136330934838,0.17292190064784216,0.059963787651358375
right,4.53,1787652115151508096,1787652115146839728,3621,4.668368,5.242717019264979,1.517835965299918,0.5579372528891793,-0.1458277379604483,0.2346622222005759,0.055339888564105016
right,4.54,1787652115161508096,1787652115156848353,3628,4.659743,5.358744886979819,1.5026291905346119,0.8714825073348185,-0.15191777229559908,0.2922798262349646,0.05326041651635352
right,4.55,1787652115171508096,1787652115166819575,3636,4.688521,5.699622563723737,1.5598104561883837,0.6283298613752506,-0.1576594531452255,0.3765509290127465,0.04688415866379686
right,4.56,1787652115181508096,1787652115177017365,3644,4.490731,5.755450327475211,1.5508353974757956,0.9081134282295786,-0.1593906577714193,0.4130593418587749,0.04487708032014598
right,4.57,1787652115191508096,1787652115187311889,3653,4.196207,5.729184491793171,1.866652000073459,1.1532865481043593,-0.15571874888816775,0.44795178933030394,0.04080685926610339
right,4.58,1787652115201508096,1787652115196871198,3662,4.636898,5.861542064204386,1.4877380296784413,1.350730019045447,-0.15229260164501662,0.47663566987500666,0.03565192424463176
right,4.59,1787652115211508096,1787652115206897325,3668,4.610771,6.059611244012276,1.840251528890283,1.5251431968850404,-0.15681120810237098,0.5135431496530181,0.028608349314701242
right,4.6,1787652115221508096,1787652115217432460,3676,4.075636,6.155603686927894,1.8160073732799222,1.5898852250566364,-0.1640409874188793,0.5378134057777828,0.027259034652579395
right,4.61,1787652115231508096,1787652115226828195,3685,4.679901,6.045138938356194,1.783979672161381,2.1686558716160795,-0.16185277245609042,0.5380788933876837,0.034089488115912
right,4.62,1787652115241508096,1787652115237252334,3692,4.255762,6.082998583716814,1.7710286400101922,2.0820266636368405,-0.1637815237799734,0.5629791524137804,0.03519336640869131
right,4.63,1787652115251508096,1787652115246847729,3700,4.660367,6.146430975788718,1.7468338381618187,2.0915882645096726,-0.1672736361815128,0.5969455897825557,0.03380712043448497
right,4.64,1787652115261508096,1787652115257040461,3709,4.467635,6.264028607561544,1.759159519788485,2.263170596439549,-0.17091124095421661,0.6495365989637629,0.028463141776694484
right,4.65,1787652115271508096,1787652115266844802,3717,4.663294,6.336397597388565,1.770622273016751,2.1946151932644336,-0.17315756723052464,0.7094109800027222,0.02523537657755809
right,4.66,1787652115281508096,1787652115276902309,3726,4.605787,6.525637910600788,1.521738532297539,2.6083560438832594,-0.1729173751771397,0.7468298669622384,0.016541220201691936
right,4.67,1787652115291508096,1787652115287082184,3733,4.425912,6.511311544434978,1.8999787036024722,2.5315279251151406,-0.1771258040292295,0.797162610080477,0.008792685962017932
right,4.68,1787652115301508096,1787652115296842776,3741,4.66532,6.817221008370768,1.6851205011880008,2.4543653360712,-0.1800054861480777,0.8533475305292966,0.0022691388109699617
right,4.69,1787652115311508096,1787652115306823844,3748,4.684252,6.825521589557009,1.7755984193989771,2.690711020755634,-0.17996280847552648,0.8860265168280438,0.0010255758272462445
right,4.7,1787652115321508096,1787652115317161339,3757,4.346757,6.800648972812577,1.8092224010884075,2.8436653806980225,-0.18052641523850801,0.90851962718116,-0.0007574846090401544
right,4.71,1787652115331508096,1787652115326845016,3764,4.66308,6.818485087055037,1.8260327043638171,3.009113691098906,-0.18321113996022398,0.93746411206874,-0.00409591389712094
right,4.72,1787652115341508096,1787652115337082754,3772,4.425342,6.850184920955276,1.8686599376820001,3.1528719829387053,-0.18489785711493312,0.9642372800922066,-0.006160361774814549
right,4.73,1787652115351508096,1787652115346814769,3780,4.693327,7.0458915399571955,1.938853253136644,3.4380289985903785,-0.18779855058164174,1.018440658108688,-0.008918935286908819
right,4.74,1787652115361508096,1787652115357020310,3788,4.487786,7.069066475101174,1.909891011526215,4.186816471046567,-0.18891538920191406,1.0382404160706502,-0.009101195391362421
right,4.75,1787652115371508096,1787652115366928367,3796,4.579729,7.184288037536751,1.9196944931451387,3.9895187192023336,-0.1918009288436126,1.0872148098309382,-0.01419404439968075
right,4.76,1787652115381508096,1787652115376894404,3805,4.613692,7.2521468535623175,2.2117679751955763,4.285934445600398,-0.1957473432739883,1.1033762294389002,-0.014177553064157522
right,4.77,1787652115391508096,1787652115387217069,3813,4.291027,7.239863908138161,2.136634803071875,4.26848399009415,-0.19689805166239627,1.1163897170842192,-0.016782884977391666
right,4.78,1787652115401508096,1787652115396867188,3820,4.640908,7.2709128005289125,2.1465135346516835,4.255765721584707,-0.19675807975880794,1.1389169300827635,-0.018428812417887908
right,4.79,1787652115411508096,1787652115406879950,3828,4.628146,7.494009050831178,1.8710065599393475,4.257517676725545,-0.19906356702301395,1.1767260791314857,-0.02298874001665549
right,4.8,1787652115421508096,1787652115417300589,3837,4.207507,7.773307488608642,2.223676448113284,3.7619991330855203,-0.20409188089611313,1.2400595522797904,-0.02851348734999465
right,4.81,1787652115431508096,1787652115426839636,3846,4.66846,7.60916282790149,2.152698810057436,4.223285348539774,-0.20593083722300476,1.2542098850219117,-0.03052308670608836
right,4.82,1787652115441508096,1787652115436914934,3855,4.593162,8.021408089602327,1.8666234661408958,4.355536593021846,-0.20452561696717336,1.3037183746218888,-0.03069152713723408
right,4.83,1787652115451508096,1787652115446872982,3861,4.635114,7.962591032979251,1.9017639894514908,4.232634782069851,-0.20711772810982043,1.3431884649397332,-0.03344358415188595
right,4.84,1787652115461508096,1787652115456899781,3868,4.608315,8.03054128310801,2.2593983651759513,4.667157992509663,-0.21463159838839835,1.366699278501709,-0.03871368663502822
right,4.85,1787652115471508096,1787652115467058303,3877,4.449793,7.741913264582854,1.9335872512620775,4.759652236983664,-0.21538312853892744,1.3833956150906668,-0.03954549983503558
right,4.86,1787652115481508096,1787652115476865034,3885,4.643062,7.886439325155389,2.028507273830023,4.91560043082651,-0.21838823616406358,1.4279753783998541,-0.04372173904885693
right,4.87,1787652115491508096,1787652115487228252,3893,4.279844,8.06705113542334,2.4137655877560804,5.138932046260353,-0.222765816669329,1.4803264652380677,-0.04807147420802127
right,4.88,1787652115501508096,1787652115496812603,3901,4.695493,8.216833042234086,2.090361054234753,5.294325681060842,-0.2245469859407418,1.5106039966961706,-0.05356964942413217
right,4.89,1787652115511508096,1787652115507016021,3911,4.492075,8.379301280627729,2.155953950413345,5.631597654706397,-0.22473990489168666,1.5293297686909642,-0.057623052978909683
right,4.9,1787652115521508096,1787652115516937422,3919,4.570674,8.424367584436359,2.2687078450394877,5.618478232891644,-0.22520456951282414,1.5425749374487459,-0.05979797235971043
right,4.91,1787652115531508096,1787652115526896028,3925,4.612068,8.386957723229933,2.3383851413190904,5.32392037536069,-0.22133042771175476,1.547412928437437,-0.06587189746984506
right,4.92,1787652115541508096,1787652115536960878,3935,4.547218,8.581882785990617,2.6565288704029393,5.036644077026436,-0.21996178498198216,1.5556905531092222,-0.0740790696818937
right,4.93,1787652115551508096,1787652115546860285,3942,4.647811,8.607941351770783,2.5795554494803596,5.190640949444721,-0.213834203500056,1.5647419637649898,-0.07839574006253247
right,4.94,1787652115561508096,1787652115556865451,3951,4.642645,8.776950177426503,2.256241296069275,5.391750987166225,-0.20660126903898685,1.5787847304300753,-0.08166175360525066
right,4.95,1787652115571508096,1787652115566880219,3957,4.627877,8.721462963026491,2.5595913257013434,5.379035973015222,-0.20370391195953347,1.5650533521144434,-0.08284718010784614
right,4.96,1787652115581508096,1787652115576930630,3964,4.577466,8.452011673390784,2.2816579186590022,5.62438229763271,-0.20085062920110097,1.5314013279593792,-0.08092957617630273
right,4.97,1787652115591508096,1787652115586844864,3973,4.663232,8.769952919402206,2.468723809664197,5.531474455661034,-0.20092210276631245,1.5409219662963807,-0.08405399389307991
right,4.98,1787652115601508096,1787652115596814056,3980,4.69404,8.4022908241739,2.711633596649046,5.679521609278278,-0.20102810155394762,1.5107944502838189,-0.0842441922607074
right,4.99,1787652115611508096,1787652115607010043,3988,4.498053,8.550360289796936,2.5875871354822024,5.695940208102985,-0.1965829631488594,1.534737123040373,-0.08365142618939586
right,5.0,1787652115621508096,1787652115616892216,3997,4.61588,8.748301355431837,2.234273362120421,5.788177506587557,-0.19830410982718213,1.5688933082844878,-0.08230354267179735
right,5.01,1787652115631508096,1787652115627088156,4005,4.41994,8.768046978726794,2.256315306207573,5.602772340788383,-0.20371271106922917,1.5963726207035263,-0.08377142599547113
right,5.02,1787652115641508096,1787652115637021334,4012,4.486762,8.780229035982147,2.3951030979247383,5.661983053337994,-0.20817690393037638,1.6104653690866075,-0.08380806877835273
right,5.03,1787652115651508096,1787652115646824131,4020,4.683965,9.084445327119061,2.5547327073461057,5.5162161421136995,-0.21243037900952227,1.6441399823836311,-0.08519601837938859
right,5.04,1787652115661508096,1787652115656845887,4028,4.662209,9.031872309680589,2.622033033626549,5.647121147980611,-0.21579496962824152,1.6512441870524952,-0.08846561820894727
right,5.05,1787652115671508096,1787652115666875405,4037,4.632691,8.969714767765398,2.7072919157387227,5.718934869453524,-0.2150289453182286,1.6534366203832338,-0.0909215599599032
right,5.06,1787652115681508096,1787652115677085457,4045,4.422639,8.915049979560887,2.721004815539792,5.7893414793376765,-0.2170870142571843,1.6580574604577374,-0.09091936372715625
right,5.07,1787652115691508096,1787652115687169649,4052,4.338447,9.014438412334115,2.7503971745124383,6.124850828346797,-0.21788480837520097,1.66897419443045,-0.09035142847397659
right,5.08,1787652115701508096,1787652115696839277,4061,4.668819,8.725178054194359,2.968705001770558,6.145130938880545,-0.21691498433890832,1.6657974778258533,-0.0879939361775458
right,5.09,1787652115711508096,1787652115706866258,4070,4.641838,8.879257681105821,2.652443510733334,6.384435827081686,-0.21168463319452177,1.6685146766844843,-0.08690800545015293
right,5.1,1787652115721508096,1787652115717032373,4077,4.475723,9.035762155424539,2.6989778246407448,5.76262283240612,-0.21495640783665976,1.6937932658676569,-0.09205746253979236
right,5.11,1787652115731508096,1787652115726867869,4085,4.640227,8.689052893827062,2.9535291678177176,6.0650918715978905,-0.2144430676081696,1.663149160859289,-0.08777014238145575
right,5.12,1787652115741508096,1787652115737067722,4092,4.440374,8.76507315391495,2.629489009570445,6.02081014945435,-0.21332208559549695,1.6644349373659302,-0.0872512234015696
right,5.13,1787652115751508096,1787652115746895079,4103,4.613017,8.999712031047142,2.9618013237173764,5.741276652984601,-0.21696305824482895,1.68398471201874,-0.08856506080000393
right,5.14,1787652115761508096,1787652115756868874,4109,4.639222,8.704807034306157,2.869006399493835,6.020494082399164,-0.21130707383370664,1.6556469861387666,-0.08314814094585604
right,5.15,1787652115771508096,1787652115766835066,4116,4.67303,8.869654752232657,2.8536542800421154,6.281282919104958,-0.20971519112285164,1.6507522443292846,-0.08245929902340782
right,5.16,1787652115781508096,1787652115776974615,4124,4.533481,9.150482149572168,2.6220266067617315,5.9328033699389024,-0.20632605608895851,1.6673847329020677,-0.08573122982682929
right,5.17,1787652115791508096,1787652115787399487,4133,4.108609,8.74898713906099,2.601443345348955,5.875250398274378,-0.20163380186248336,1.639856823306629,-0.08501830990422493
right,5.18,1787652115801508096,1787652115796877383,4140,4.630713,9.100092502260331,2.662763809879175,5.8301102953003365,-0.1982932426446264,1.6484342226256752,-0.08463519854321516
right,5.19,1787652115811508096,1787652115806867360,4149,4.640736,8.71515603701574,2.650508781322638,5.861741207976755,-0.19152183589876004,1.6190415557308917,-0.08014788293431269
right,5.2,1787652115821508096,1787652115816812602,4156,4.695494,9.077647658521345,2.719156211651159,5.875595880823058,-0.19204181609554538,1.6370718330855099,-0.08210674992666928
right,5.21,1787652115831508096,1787652115827078048,4164,4.430048,8.998858708372204,2.767526493872282,5.643846243037147,-0.18682450450336005,1.634998726162531,-0.07882789957217234
right,5.22,1787652115841508096,1787652115836995097,4172,4.512999,8.760329363009665,3.0527144361609233,6.213079606265224,-0.1862246485794627,1.6131996078287032,-0.07552333424264845
right,5.23,1787652115851508096,1787652115846862340,4181,4.645756,8.995277204897876,3.0242186432540707,5.616238675093392,-0.188815792455195,1.6394903906591825,-0.07830136284857603
right,5.24,1787652115861508096,1787652115857022793,4188,4.485303,8.95579342404817,2.632932706330733,5.61878859817004,-0.18536344861195508,1.62875704379957,-0.07878798445671814
right,5.25,1787652115871508096,1787652115866840403,4196,4.667693,8.97889936781543,2.6316305536213926,5.843203380509546,-0.17952898530770942,1.622434286736091,-0.07688405633398959
right,5.26,1787652115881508096,1787652115876904474,4204,4.603622,8.930752724939811,2.6243803567475004,5.58889860271177,-0.17737651155980802,1.623310639857371,-0.07875886676760474
right,5.27,1787652115891508096,1787652115887101497,4213,4.406599,8.670358526123458,2.890775608375961,6.180107687850054,-0.17377866459866045,1.5993874300659616,-0.07206071340594844
right,5.28,1787652115901508096,1787652115897109620,4221,4.398476,8.625401306465978,2.8426092984729774,5.849132683726951,-0.17253129668436196,1.6033588220394717,-0.0708002484278687
right,5.29,1787652115911508096,1787652115906924636,4229,4.58346,9.037805799367991,2.570187147646464,5.815387760412927,-0.17160344020617663,1.6190936690660076,-0.07317391562131031
right,5.3,1787652115921508096,1787652115916899187,4236,4.608909,8.625551460350321,2.828289787146593,5.814037401071483,-0.17016097912296288,1.600931830619851,-0.06920021035732443
right,5.31,1787652115931508096,1787652115926872089,4244,4.636007,8.802384546421186,2.5140401323963424,6.080173990901455,-0.17180418996440938,1.6048867934931712,-0.07069342201076073
right,5.32,1787652115941508096,1787652115937163286,4252,4.34481,9.088881891646409,2.6425477217969617,5.7496490676353496,-0.17073306497095728,1.6243983718699582,-0.06971482141719976
right,5.33,1787652115951508096,1787652115946883447,4260,4.624649,8.674691521023083,2.7114838100117122,5.743773670530212,-0.16953557351389473,1.6022825615860292,-0.06791164829184576
right,5.34,1787652115961508096,1787652115956887772,4269,4.620324,8.885434581956526,2.819239430140904,5.508437162538327,-0.17211536533428867,1.6104951609427571,-0.06980461106643776
right,5.35,1787652115971508096,1787652115966908313,4276,4.599783,8.792406068080508,3.0671300672523256,5.5221430073935585,-0.16668148128315088,1.5935512148764237,-0.06369368245731505
right,5.36,1787652115981508096,1787652115976906928,4285,4.601168,8.944121582239605,2.936127897069789,5.825458076397956,-0.15961687791833365,1.5862865642813668,-0.059066859093830915
right,5.37,1787652115991508096,1787652115987152306,4292,4.35579,8.982879842408362,2.838691151840473,5.7821252578643865,-0.1576645323069657,1.590126275823855,-0.058764047829082566
right,5.38,1787652116001508096,1787652115996847979,4302,4.660117,8.74512665436636,2.426831863984199,6.009337500312327,-0.15499097772485096,1.5678421896875585,-0.05666898851975993
right,5.39,1787652116011508096,1787652116006831218,4310,4.676878,8.754895564941396,2.455868220708488,5.9049698486011835,-0.1535696298940986,1.574646757505581,-0.05515013248180356
right,5.4,1787652116021508096,1787652116017102481,4316,4.405615,8.930791359344187,2.8090794179616267,5.358259240650791,-0.1575348347961627,1.5941502581598421,-0.05730067102910691
right,5.41,1787652116031508096,1787652116026866285,4325,4.641811,8.656584353577955,2.7362284666122374,5.6791095899344874,-0.15547815911725466,1.5698846982094798,-0.05757681015901944
right,5.42,1787652116041508096,1787652116037235010,4335,4.273086,8.938694065585443,2.465033851139623,5.390159101965413,-0.15633720416843028,1.5771281849447032,-0.05886279014523654
right,5.43,1787652116051508096,1787652116046926541,4341,4.581555,8.989451674593688,2.4948581960060308,5.723319972635862,-0.15393506730520948,1.5571924634538516,-0.05502105952700592
right,5.44,1787652116061508096,1787652116056868142,4349,4.639954,8.89722098219005,2.800362167162348,5.64146868245859,-0.15282136424080575,1.5383722845002894,-0.05559991952208354
right,5.45,1787652116071508096,1787652116066981427,4356,4.526669,8.787319416166183,2.7327241103732645,5.281318215333178,-0.15342984536853785,1.5260166589379067,-0.05663262063863167
right,5.46,1787652116081508096,1787652116076904963,4364,4.603133,8.604803843133508,2.3829338282085386,5.498743639091773,-0.14873431445998964,1.4786772339743968,-0.051211151483687434
right,5.47,1787652116091508096,1787652116086877911,4372,4.630185,8.653275158693802,2.4284565851250997,5.362994969987365,-0.1476912870183107,1.4501407416329453,-0.0483123895088064
right,5.48,1787652116101508096,1787652116096863167,4380,4.644929,8.65381495001804,2.45828717733397,5.239904845792655,-0.1417552914845701,1.4182348250341905,-0.048086139873930955
right,5.49,1787652116111508096,1787652116106852252,4388,4.655844,8.727964450421807,2.768078146448076,5.3543846031627,-0.13603162133416727,1.3821839238601614,-0.04155160582526474
right,5.5,1787652116121508096,1787652116116857667,4396,4.650429,8.781295931752288,2.7417362642991754,5.189723439718912,-0.1224099672397281,1.3547540502665594,-0.038258120492831116
right,5.51,1787652116131508096,1787652116126887747,4405,4.620349,8.754385549366818,2.6696115876597375,4.995032731419254,-0.09994733280387738,1.3175404958999635,-0.03351111131677931
right,5.52,1787652116141508096,1787652116137004505,4413,4.503591,8.667266497512857,2.600512048209869,4.5852978127357655,-0.07302531905249027,1.28748915960208,-0.039571141562708745
right,5.53,1787652116151508096,1787652116147133063,4421,4.375033,8.597779116077428,2.5722364892221683,4.494540219428447,-0.04254656989886604,1.2522849723315745,-0.05494548571202584
right,5.54,1787652116161508096,1787652116156901471,4429,4.606625,8.917512263584092,2.541675435768725,4.409770927900425,-0.013443648648314516,1.2444097040994637,-0.07741887055366584
right,5.55,1787652116171508096,1787652116166823110,4438,4.684986,8.823238325862011,2.2070928213180174,4.110196320642113,0.011584327718526091,1.2274541157121326,-0.09401212809001497
right,5.56,1787652116181508096,1787652116176892343,4446,4.615753,8.71174441007698,2.260645095153972,4.270794628347848,0.028944688968311177,1.1832819193520667,-0.1030790275163134
right,5.57,1787652116191508096,1787652116186923245,4452,4.584851,8.492923384036336,2.3634507646408482,4.0795731743246435,0.03774987209808403,1.1415648238461895,-0.11183024341488448
right,5.58,1787652116201508096,1787652116196809692,4461,4.698404,8.057791092493753,2.4616194922777814,3.920615533022614,0.047535762500759415,1.0898731387812568,-0.11298377995516845
right,5.59,1787652116211508096,1787652116206848626,4469,4.65947,8.055369176757852,2.812905096478729,4.037521791148743,0.051816422886072355,1.0664187172477533,-0.1119559558320069
right,5.6,1787652116221508096,1787652116216905818,4477,4.602278,8.093211243579375,2.4973589017561078,3.93447981785188,0.05843870550585489,1.0558520935105289,-0.11094090063493348
right,5.61,1787652116231508096,1787652116226870423,4485,4.637673,8.081235708402561,2.538631679327746,3.8875810653274563,0.06165940858216884,1.0555014364978117,-0.11051360179625311
right,5.62,1787652116241508096,1787652116237282037,4492,4.226059,7.988712174305168,2.5820556369497734,3.8174767400711977,0.06342735569309577,1.0522965880654025,-0.11077390874965315
right,5.63,1787652116251508096,1787652116246898001,4500,4.610095,7.806545364428544,2.90398334046653,3.5632101049221543,0.06706640350702803,1.0472945914639455,-0.1101426300465444
right,5.64,1787652116261508096,1787652116257095106,4509,4.41299,7.6916518319969684,2.557310700095623,3.632517807526444,0.07653023995531152,1.029633218106092,-0.10649969206928289
right,5.65,1787652116271508096,1787652116266839032,4517,4.669064,7.949172684796494,2.59607648975417,3.6886478756042673,0.08127678700618832,1.0341542101415593,-0.10491428114654686
right,5.66,1787652116281508096,1787652116276851295,4524,4.656801,7.826290007711465,2.5663177733234916,3.735873910091688,0.08957750309628407,1.0271229803762572,-0.09720189393261863
right,5.67,1787652116291508096,1787652116286864084,4533,4.644012,7.632390929515986,2.8555826007405245,3.5558803640250263,0.09578730577761257,1.0343843540721518,-0.09080568271930767
right,5.68,1787652116301508096,1787652116296908529,4540,4.599567,7.537749826319909,2.7804059156389807,3.6232285609123447,0.10247398091055993,1.0264710236375334,-0.08496093152341949
right,5.69,1787652116311508096,1787652116306825990,4550,4.682106,7.496875412130668,2.4020560622570417,3.6847485214842557,0.10823575158590377,1.029484443146926,-0.08169989364199717
right,5.7,1787652116321508096,1787652116316854473,4556,4.653623,7.34958444650825,2.6842467345541356,3.839728498049995,0.11416084528891521,1.0010163996807862,-0.07437755377631766
right,5.71,1787652116331508096,1787652116326875156,4565,4.63294,6.988437867226399,2.278791432509064,3.9073150256500804,0.12430233398468302,0.956186468560205,-0.06636809686801609
right,5.72,1787652116341508096,1787652116337235932,4573,4.272164,6.924724817771467,2.5761517240798,3.7321900959440395,0.12873003342702521,0.9437367621070168,-0.06234207676628761
right,5.73,1787652116351508096,1787652116346934245,4581,4.573851,6.868930263989947,2.24312575219271,3.5852546189506453,0.13437234804386344,0.9329995706765689,-0.06009710135314544
right,5.74,1787652116361508096,1787652116356890357,4588,4.617739,6.8267136633612715,2.5696737802782046,3.5040710310661156,0.1364351478755173,0.931293090066056,-0.057788510966612305
right,5.75,1787652116371508096,1787652116366866686,4598,4.64141,6.768098110631493,2.5019462697759876,3.417071282876043,0.13964803648247268,0.9217867001302409,-0.05567621154674418
right,5.76,1787652116381508096,1787652116376869733,4605,4.638363,6.939939909926369,2.177382998544514,2.8291733879660557,0.14008153371109067,0.9425809459335541,-0.056616227419541365
right,5.77,1787652116391508096,1787652116386859653,4613,4.648443,6.8626064605124615,2.2446093757888486,2.8819627274242112,0.1371409100305221,0.9385084994276258,-0.05775800606430195
right,5.78,1787652116401508096,1787652116396853766,4620,4.65433,6.8068928495045835,2.2722635398936317,2.9866348241002196,0.13678060474052456,0.9307117152713624,-0.05837545926753884
right,5.79,1787652116411508096,1787652116406846732,4629,4.661364,6.793505534102579,2.5724621119176536,3.0840481832986333,0.1374253947809669,0.9264191393071962,-0.05698755070520223
right,5.8,1787652116421508096,1787652116417078918,4637,4.429178,6.7430335584008905,2.513470571401292,3.13125469864594,0.14001732811499323,0.9207747227438864,-0.05411891130484081
right,5.81,1787652116431508096,1787652116426842904,4645,4.665192,6.5830678727827285,2.143322317452741,3.6993213799100295,0.1458629279786557,0.893715812969839,-0.04894187819877213
right,5.82,1787652116441508096,1787652116437427034,4652,4.081062,6.602327754191,2.457294134836411,3.604075411606663,0.14936672767343945,0.9008069143629199,-0.04501832650613763
right,5.83,1787652116451508096,1787652116446949666,4660,4.55843,6.674346770932639,2.1748849022294054,3.5129046961659025,0.1527066279035629,0.913467678258695,-0.04380679076323829
right,5.84,1787652116461508096,1787652116456918732,4670,4.589364,6.644089050092793,2.5246307028528925,3.4589373450720062,0.15445624559166188,0.9231315873406694,-0.04126101763704215
right,5.85,1787652116471508096,1787652116467071759,4677,4.436337,6.560101628827984,2.493102862414002,3.132319266053219,0.15395612806433473,0.9333514157835093,-0.04477207026455554
right,5.86,1787652116481508096,1787652116476837744,4685,4.670352,6.671258746188875,2.3595082903906897,3.4152803852404046,0.1575021491106625,0.9293734880743507,-0.04205290238500664
right,5.87,1787652116491508096,1787652116486858110,4693,4.649986,6.725159325868315,2.2362913679244203,3.437059612809047,0.1599449397780783,0.9322872400315612,-0.04068625222479083
right,5.88,1787652116501508096,1787652116496848804,4700,4.659292,6.963637921424236,1.9985948631338986,3.160944203915608,0.15814654771648667,0.9512007230847788,-0.0430491414092532
right,5.89,1787652116511508096,1787652116506836018,4708,4.672078,6.80125062867319,2.137370816220652,2.934507627298836,0.15506601231618955,0.9528355620468251,-0.0446158279349729
right,5.9,1787652116521508096,1787652116517099540,4716,4.408556,6.751518302780724,2.2578278868031427,3.019338422620921,0.1528336821821861,0.9469249971605284,-0.04554160452596534
right,5.91,1787652116531508096,1787652116526871327,4724,4.636769,6.724855768888847,2.6085506235056437,3.092066747380507,0.151632336123989,0.942502837736354,-0.04434172720808488
right,5.92,1787652116541508096,1787652116537061462,4732,4.446634,6.4687990536269195,2.4994080655566306,3.3777339337160788,0.156310768361637,0.9083466959426675,-0.04224175343750752
right,5.93,1787652116551508096,1787652116546918543,4741,4.589553,6.876961850002715,2.504130414666702,3.3030587362036083,0.15464951843283078,0.9210035884074248,-0.042921962844901296
right,5.94,1787652116561508096,1787652116557031273,4749,4.476823,6.628896136522878,2.151513640886736,3.503244246254621,0.15629014909730077,0.8947008657191844,-0.041440809958478764
right,5.95,1787652116571508096,1787652116566851555,4756,4.656541,6.640765294562726,2.494006549870825,3.4101963041929233,0.15419577396125594,0.8991829706152726,-0.041431329304453535
right,5.96,1787652116581508096,1787652116576871784,4765,4.636312,6.6757876394766535,2.164374012126454,3.328945410610187,0.15508846905142754,0.9077440103802631,-0.04209320386338905
right,5.97,1787652116591508096,1787652116586873213,4772,4.634883,6.837158209382254,2.543607176753633,2.7954736183440643,0.1529960633122699,0.9334006408754714,-0.04549808497319563
right,5.98,1787652116601508096,1787652116596832232,4781,4.675864,6.8780312327190085,2.2867071688148415,2.982849776220732,0.1516537325831277,0.9317072347655685,-0.0468987824634442
right,5.99,1787652116611508096,1787652116606822148,4788,4.685948,6.805334842863216,2.4394070959168115,3.032299122616029,0.1479359143748636,0.9313175085644662,-0.04892748725615442
right,6.0,1787652116621508096,1787652116616838718,4796,4.669378,6.807288126919576,2.5851514839251566,3.1262837040065437,0.1444330216452019,0.9296243048958744,-0.05058960386652939
right,6.01,1787652116631508096,1787652116626840588,4804,4.667508,6.612164625238404,2.7564451173506024,3.7240816536160155,0.1382326845990314,0.9124532920922537,-0.05035638606407522
right,6.02,1787652116641508096,1787652116637205569,4812,4.302527,6.584535913073683,2.934194691986403,3.6469857340765244,0.1297868913668228,0.9172142411474845,-0.05000391939827259
right,6.03,1787652116651508096,1787652116647054178,4820,4.453918,6.602773534245554,3.09493920992743,3.5583490892092144,0.12139529928752502,0.9242225107129193,-0.054392648387819265
right,6.04,1787652116661508096,1787652116656845689,4830,4.662407,6.552251910834052,3.2083449002581803,3.2472358853952668,0.11824136152232534,0.9364476487698596,-0.05953440366001356
right,6.05,1787652116671508096,1787652116666802968,4836,4.705128,6.525496767399186,3.2900233631181592,3.2409770875434094,0.11645506254798724,0.9323441190990526,-0.06013560967518161
right,6.06,1787652116681508096,1787652116677007664,4844,4.500432,6.83016776827602,3.4363940021821735,3.2169408227089975,0.11087336921315927,0.9465992627046221,-0.06390211687861469
right,6.07,1787652116691508096,1787652116686881636,4853,4.62646,6.691243836979847,3.5252135731077265,2.9135578522685837,0.10877018546359388,0.9432964051176903,-0.06916503473120744
right,6.08,1787652116701508096,1787652116697097216,4861,4.41088,6.364766916045689,3.564989842992486,3.2519162434933735,0.10952436773877766,0.9052036906569121,-0.06971714275641283
right,6.09,1787652116711508096,1787652116706824082,4868,4.684014,6.629269022895645,3.6198220591664865,3.007505083895765,0.10752297343352216,0.923498958194908,-0.07103743269779489
right,6.1,1787652116721508096,1787652116716994013,4879,4.514083,6.660961242240966,3.643898131655289,3.336222310240621,0.10907010698540798,0.9122553601265284,-0.07343622210059275
right,6.11,1787652116731508096,1787652116726826577,4885,4.681519,6.697695440788374,3.651528524669525,3.3637030727056203,0.10707473802404147,0.9133217344536785,-0.07209530324164104
right,6.12,1787652116741508096,1787652116737249571,4894,4.258525,6.37187323190901,3.588132481146543,3.5723191262019314,0.10823698752003391,0.8916375694798216,-0.06697171481418585
right,6.13,1787652116751508096,1787652116746915910,4903,4.592186,6.315216897913779,3.575301198983711,3.2439631094839934,0.11031667375883242,0.8935871931101123,-0.06681252353109501
right,6.14,1787652116761508096,1787652116756938224,4910,4.569872,6.373767150072502,3.8600868255483167,3.2297653847135672,0.11064112963827091,0.8983895360108745,-0.06676454129883225
right,6.15,1787652116771508096,1787652116767030151,4917,4.477945,6.460626155692457,3.831403916110186,3.2449126557410253,0.10778755383526373,0.9074190603454519,-0.06629845983443783
right,6.16,1787652116781508096,1787652116776927230,4925,4.580866,6.563802548196744,3.788715932467479,3.5203220820558663,0.10716370452745283,0.9031855888404018,-0.06408677210447322
right,6.17,1787652116791508096,1787652116786987151,4933,4.520945,6.582935051298794,3.756322837916348,3.46833093478343,0.10707898251773873,0.9103238901250176,-0.06292847514982847
right,6.18,1787652116801508096,1787652116796910074,4941,4.598022,6.856305711061074,3.7800664001646878,3.153911760285718,0.10250296220072894,0.937611256552864,-0.06750978124964424
right,6.19,1787652116811508096,1787652116806897659,4950,4.610437,6.7083039569609495,3.723503872070412,2.903443090738243,0.10135616604201486,0.934555398089734,-0.07153235268182179
right,6.2,1787652116821508096,1787652116816928671,4957,4.579425,6.668505340798418,3.3819856685157075,2.9793979489688,0.1007513189644367,0.9381587643115805,-0.07158465150615106
right,6.21,1787652116831508096,1787652116826934256,4965,4.57384,6.623908930633145,3.4416517517223135,3.088632931390373,0.10151619002347653,0.939897376674818,-0.06937482711068527
right,6.22,1787652116841508096,1787652116837179502,4972,4.328594,6.609610648406631,3.486515725778524,3.154066115289755,0.10353837924302664,0.9388134515201466,-0.06801410953193865
right,6.23,1787652116851508096,1787652116846791099,4980,4.716997,6.415960669905704,3.781279192654134,3.7387225629154623,0.10603818978684948,0.9105534518194804,-0.06739398843798405
right,6.24,1787652116861508096,1787652116856919068,4989,4.589028,6.463495290908434,3.4847064621924697,3.6447836087758763,0.1061899767495128,0.9183164722335286,-0.06802477601530682
right,6.25,1787652116871508096,1787652116866906681,4996,4.601415,6.462344912144623,3.5422382333123026,3.5549267107593425,0.10854829380450515,0.9244755718537071,-0.06796016024969204
right,6.26,1787652116881508096,1787652116876918275,5004,4.589821,6.485440325349561,3.5761061742248326,3.488170146406044,0.10515560489063758,0.9335031491061492,-0.06951387134071524
right,6.27,1787652116891508096,1787652116886934472,5013,4.573624,6.4653638842428505,3.5901789056891262,3.2123197406628163,0.1023146912933553,0.9383876346689802,-0.07008083289606515
right,6.28,1787652116901508096,1787652116896867897,5021,4.640199,6.440919337662488,3.8741517440170785,3.305570789771976,0.1019046712575559,0.9290215316780032,-0.06853745762792762
right,6.29,1787652116911508096,1787652116906878213,5028,4.629883,6.708576178351511,3.5607026396663843,3.038946908989179,0.10073834761521386,0.9507107151136229,-0.07122268855367764
right,6.3,1787652116921508096,1787652116916831335,5037,4.676761,6.533053376141772,3.5562330609392263,3.667651368145528,0.10172095104356654,0.9196414351636861,-0.06751477347296359
right,6.31,1787652116931508096,1787652116926872461,5045,4.635635,6.71411750418351,3.8774183764476158,3.3509645417035583,0.10008738466422423,0.9473461397213649,-0.06773766003327264
right,6.32,1787652116941508096,1787652116937270397,5053,4.237699,6.767823543176113,3.8098540776092777,3.403430649995669,0.10166301599915331,0.9554541472116458,-0.06757812710065592
right,6.33,1787652116951508096,1787652116946829034,5061,4.679062,6.6379457044971435,3.7377993258670292,3.141803669088397,0.10474492038406952,0.9523959836733586,-0.06878967119530532
right,6.34,1787652116961508096,1787652116956934406,5069,4.57369,6.610194714960757,3.6896029813296796,3.164904433605519,0.10509315315671927,0.9506062565653091,-0.06698865020163303
right,6.35,1787652116971508096,1787652116967027631,5076,4.480465,6.686134867770494,3.3811260544337145,3.1979856852882,0.10536984032059268,0.9551800735258512,-0.0693634064081542
right,6.36,1787652116981508096,1787652116976898799,5084,4.609297,6.49693228214064,3.431603787803455,3.7339933361891897,0.10743696049590726,0.9298887961435047,-0.06461888838773161
right,6.37,1787652116991508096,1787652116986861046,5093,4.64705,6.517641600102951,3.5001848318709112,3.688845636709691,0.10515545348845559,0.9360643463545189,-0.0675293983422594
right,6.38,1787652117001508096,1787652116996855792,5100,4.652304,6.552653069199417,3.5430558936725554,3.6243167150408144,0.10412764711568748,0.9494908418744604,-0.0674380869456675
right,6.39,1787652117011508096,1787652117006851359,5109,4.656737,6.827866839762628,3.5886684396379107,3.306836576675015,0.10084712986148897,0.9807481331487696,-0.06986272912563002
right,6.4,1787652117021508096,1787652117016900535,5117,4.607561,6.719133720246978,3.5582820012170293,3.076595861925384,0.10216017240587741,0.9876169025916693,-0.06968025900038183
right,6.41,1787652117031508096,1787652117026955180,5125,4.552916,6.613198996555935,3.8480155702321763,3.184860110277648,0.10212385083946779,0.9858050033765833,-0.07008693966666846
right,6.42,1787652117041508096,1787652117036967364,5132,4.540732,6.61023054826524,3.5224755738162346,3.3097218101124115,0.10181650373100021,1.0002573718529164,-0.07215811742916961
right,6.43,1787652117051508096,1787652117046882794,5143,4.625302,6.594508194001326,3.8418067480891933,3.4010987991588513,0.10176857182030238,1.0004523237092913,-0.07190374167404556
right,6.44,1787652117061508096,1787652117056890129,5149,4.617967,6.421973552021481,3.4694704295779912,3.925709654939298,0.09995374222049841,0.9774120619596471,-0.07187612222449113
right,6.45,1787652117071508096,1787652117066900903,5156,4.607193,6.417406708507694,3.8323879804733227,3.6099547160640935,0.09982463568752051,0.9895219422377315,-0.07140395471521166
right,6.46,1787652117081508096,1787652117076849776,5165,4.65832,6.554691661797237,3.5208966005243747,3.8542668090653747,0.0999963808239526,0.9925159889314754,-0.07249319959606904
right,6.47,1787652117091508096,1787652117086866094,5173,4.642002,6.514884009262531,3.858675359628255,3.8012825849211556,0.09972313925490084,0.9972021788272981,-0.07146882954618339
right,6.48,1787652117101508096,1787652117096922608,5181,4.585488,6.444515166575138,3.493607137665697,3.458002457189854,0.10071540206894833,1.0018051909496524,-0.0726973146769958
right,6.49,1787652117111508096,1787652117106942227,5189,4.565869,6.677268271307367,3.815688269928903,3.2046236174017184,0.09624287123175068,1.0231827502877509,-0.07433354294548689
right,6.5,1787652117121508096,1787652117116791581,5196,4.716515,6.575542723143141,3.769701587856826,3.7229440449500277,0.0948379832135367,1.0144712793039696,-0.07430641452527031
right,6.51,1787652117131508096,1787652117126879797,5204,4.628299,7.021047274514826,3.541658232956827,3.598918715442109,0.09125320383732602,1.0646185104419061,-0.08025390253070841
right,6.52,1787652117141508096,1787652117137299903,5212,4.208193,7.080374964993963,3.9496199277903994,3.7491976703137904,0.08590754761626998,1.0734466793447215,-0.08627795024610685
right,6.53,1787652117151508096,1787652117146840679,5221,4.667417,7.169210562801938,3.678928239645048,3.847891149944085,0.08132237736365822,1.0751338415718503,-0.0893551795532116
right,6.54,1787652117161508096,1787652117156914863,5229,4.593233,7.2828399698515,3.997659337387974,4.178384841440883,0.0799458819224518,1.0714036147057677,-0.08867970914636047
right,6.55,1787652117171508096,1787652117166840935,5237,4.667161,7.293344358135578,3.956684868683328,4.131264670974779,0.08276919982709807,1.0750383356391222,-0.08678265725417722
right,6.56,1787652117181508096,1787652117176844756,5244,4.66334,7.061327116111877,3.5549340915270853,4.331074682942148,0.08883942664748606,1.0595182669501935,-0.0857124432975831
right,6.57,1787652117191508096,1787652117186861987,5253,4.646109,7.140999129301088,3.5463414730945666,4.284726578479368,0.08954041883084926,1.0680530916101945,-0.08476362828104628
right,6.58,1787652117201508096,1787652117196935310,5260,4.572786,7.225170883240223,3.904216980358023,3.881051490669869,0.09136604000287143,1.0658756611165325,-0.08409302886237169
right,6.59,1787652117211508096,1787652117207365670,5269,4.142426,7.003436478301591,3.825792142669434,3.7537852167927523,0.0947740514813061,1.0362913354416103,-0.08333329883248664
right,6.6,1787652117221508096,1787652117216928611,5276,4.579485,6.634470578974484,3.754558701687668,3.9451397273772932,0.0955427505194048,1.0055358926641276,-0.07999579289750236
right,6.61,1787652117231508096,1787652117226989287,5284,4.518809,6.551510186522082,3.43655444221689,3.599347855981274,0.09738494400784292,1.0093990642110733,-0.08145337067521974
right,6.62,1787652117241508096,1787652117237300918,5294,4.207178,6.538032466325089,3.499210557767321,3.637729633367502,0.09839555315801715,1.0128362725929305,-0.07879844264596786
right,6.63,1787652117251508096,1787652117246884960,5300,4.623136,6.646404272543537,3.8303213941456447,3.772939777859045,0.09507058423531012,1.038916386005345,-0.0785919054172779
right,6.64,1787652117261508096,1787652117257057759,5308,4.450337,6.885678294626157,3.7938797909224635,4.1764478167237735,0.09397016942315428,1.041856580571067,-0.08003507034611546
right,6.65,1787652117271508096,1787652117266940906,5316,4.56719,7.215165414321288,3.5285633051829284,3.7008237284515975,0.09456535864335558,1.0781363975869602,-0.08032574663453645
right,6.66,1787652117281508096,1787652117276940647,5325,4.567449,6.9751119268359485,3.508914685890469,4.0690408579290835,0.09495396386531285,1.0617329888981413,-0.07937169200069488
right,6.67,1787652117291508096,1787652117286885941,5333,4.622155,7.317719126480374,3.9365608654533104,4.079832990644207,0.08813690009780631,1.079047158259624,-0.0832334389063557
right,6.68,1787652117301508096,1787652117296888158,5341,4.619938,7.301163605968221,3.925702236678352,3.8320516076489697,0.08481856585275321,1.0769916824738373,-0.08852731060345531
right,6.69,1787652117311508096,1787652117306880230,5348,4.627866,7.280547323174284,3.8844608663644067,3.830344166877091,0.08337315133197346,1.0456245137569358,-0.0893831080575066
right,6.7,1787652117321508096,1787652117317042813,5356,4.465283,7.305916866489061,3.8782113811649355,3.762391063943439,0.07674945398613259,1.0021005994913113,-0.09214852727732148
right,6.71,1787652117331508096,1787652117326861299,5364,4.646797,7.156911302542265,3.8291421480473504,4.118515249960657,0.07436665638948237,0.9243996185797405,-0.09282662033872158
right,6.72,1787652117341508096,1787652117337205388,5372,4.302708,7.437442253605589,3.843759122137797,3.2873622510098137,0.07617239537605455,0.8960970875640282,-0.09407189975355201
right,6.73,1787652117351508096,1787652117346879221,5380,4.628875,7.326245934975195,3.521253126176375,3.649755258389044,0.08533301790032108,0.8074175792235522,-0.08321307331761618
right,6.74,1787652117361508096,1787652117356925885,5389,4.582211,7.169911801459507,3.857672343511239,3.287143125183457,0.09294508733651496,0.7275918374391945,-0.07180894823182249
right,6.75,1787652117371508096,1787652117366874253,5396,4.633843,7.305776516504435,3.861862238321177,2.7037536078152136,0.09974889866017636,0.6766864913482061,-0.06811964953896699
right,6.76,1787652117381508096,1787652117377024612,5405,4.483484,7.210649986426972,3.8350242146884512,2.5044046576936845,0.10674182218438774,0.6171319553293744,-0.06412555254578389
right,6.77,1787652117391508096,1787652117386879598,5413,4.628498,6.8708402168035265,3.444931980533188,2.3378690979783725,0.11301750776961286,0.5487285528412906,-0.06150223169842067
right,6.78,1787652117401508096,1787652117396832759,5420,4.675337,7.106465522834257,3.597213860366163,2.0322976524481566,0.11447412524901737,0.5111399592043485,-0.05901267219989931
right,6.79,1787652117411508096,1787652117407157559,5429,4.350537,6.841071443572812,3.7296173889534794,1.7452191500062972,0.11496464151727712,0.4397768419771394,-0.05517650704331123
right,6.8,1787652117421508096,1787652117416823944,5439,4.684152,6.670605678648539,3.8844783102573888,1.5488245646571017,0.11189896860491647,0.3839491508608852,-0.0511090595335989
right,6.81,1787652117431508096,1787652117426985463,5446,4.522633,6.545158165431575,3.804756898703999,1.174416782568993,0.10603902959120162,0.3499975993706169,-0.05148061622875144
right,6.82,1787652117441508096,1787652117437239531,5453,4.268565,6.391955479075149,4.074494572359779,1.1066122214741374,0.09823859542882862,0.2989162360158813,-0.0508833428748553
right,6.83,1787652117451508096,1787652117446893282,5460,4.614814,6.189386793997167,4.080748149310324,1.0216283451078851,0.084107732754579,0.233904607384166,-0.05088903393240074
right,6.84,1787652117461508096,1787652117456922308,5468,4.585788,6.0350958550718135,4.500532922433804,1.1487213604589783,0.06668944111161981,0.16926118641271476,-0.049240161291272844
right,6.85,1787652117471508096,1787652117467041260,5477,4.466836,5.823454046121439,5.1622612502083545,1.0268393760275543,0.041370236740145616,0.12546351567550346,-0.05586176201534365
right,6.86,1787652117481508096,1787652117476917913,5484,4.590183,5.523421956426902,5.379039790948641,0.7553878590162073,0.008768330007169062,0.0666188040328366,-0.07316052211097168
right,6.87,1787652117491508096,1787652117486936001,5495,4.572095,5.084755467019356,5.18696209723039,0.8201910129338557,-0.01254437264490496,0.014207875230724143,-0.09216890686132151
right,6.88,1787652117501508096,1787652117496916335,5501,4.591761,5.451122847124155,4.659293411829946,0.37566653218999146,-0.019685554542267863,0.04333346497905302,-0.10843657343675561
right,6.89,1787652117511508096,1787652117506892165,5511,4.615931,5.291037192136296,4.335091010743769,0.20482543817547194,-0.013022174732942912,0.048175618080129434,-0.1133555400940035
right,6.9,1787652117521508096,1787652117516894747,5519,4.613349,5.300572781532077,3.9082159189039616,0.1957454261476328,-0.0016793773553509667,0.09221659573139948,-0.11319547964086851
right,6.91,1787652117531508096,1787652117526970839,5524,4.537257,4.8624881891963545,4.04086741657064,0.4543705662871167,0.006082421984967612,0.1102888463143428,-0.10924158859613431
right,6.92,1787652117541508096,1787652117536933771,5532,4.574325,4.805035824375848,3.365587902654289,0.4375136119137757,0.017515196835279745,0.1697562499031162,-0.11088846758222026
right,6.93,1787652117551508096,1787652117546965061,5540,4.543035,4.832746820660808,2.59290721682238,0.6072765626326402,0.030775844927368054,0.26843632307977305,-0.11928603486173656
right,6.94,1787652117561508096,1787652117557047185,5549,4.460911,4.741289093678039,2.519020463689728,0.8368079662059222,0.04097852463602453,0.38155171770302015,-0.14004043195317742
right,6.95,1787652117571508096,1787652117566831886,5557,4.67621,4.532804803221297,3.3320162686425583,1.1560573344781715,0.04538977758544156,0.5119951477332155,-0.18199366437634157
right,6.96,1787652117581508096,1787652117576972609,5564,4.535487,4.49768527265108,3.291508033918845,1.6574246732229965,0.05666723903314323,0.6822940282603388,-0.2617968627189369
right,6.97,1787652117591508096,1787652117586841929,5573,4.666167,4.5731829919582845,2.5818246965412275,2.1371667881527108,0.07024317171470397,0.8902512471571041,-0.37299474821346656
right,6.98,1787652117601508096,1787652117597101571,5581,4.406525,4.642651661040638,1.9769434029825848,2.4930300217320833,0.060273520757052654,1.1271662034420165,-0.4951278917489633
right,6.99,1787652117611508096,1787652117606872278,5588,4.635818,4.901278805493425,1.7698281803582658,3.3085371709689,0.04621263476883383,1.3686503232392164,-0.5938003086583885
right,7.0,1787652117621508096,1787652117616836778,5597,4.671318,5.612504197164994,1.1986522312092343,3.974604534845537,0.00988752873368376,1.6331972226876275,-0.6748389779040267
right,7.01,1787652117631508096,1787652117626977588,5607,4.530508,6.084940265703595,0.9147685713393552,5.082681532692602,-0.07269551715958994,1.8642903584203263,-0.7426541287425931
right,7.02,1787652117641508096,1787652117637295113,5615,4.212983,6.698063310715653,0.4775427031916928,6.120295667032771,-0.15802215818481752,2.0516276344205404,-0.7658865517325748
right,7.03,1787652117651508096,1787652117646865665,5623,4.642431,7.098173384184751,0.40339914115722497,6.815793407047967,-0.22771356107157617,2.173950540593578,-0.7514292615614194
right,7.04,1787652117661508096,1787652117656942553,5631,4.565543,7.718475848308336,0.09116320114232068,7.381043293757019,-0.2711670684519213,2.254585299546586,-0.6969553071894119
right,7.05,1787652117671508096,1787652117666921785,5637,4.586311,8.375598488059884,-0.6459133722814108,7.614109644535954,-0.3120654621963635,2.257566626264386,-0.6594399904990098
right,7.06,1787652117681508096,1787652117676856312,5645,4.651784,8.508965517990761,-0.7472968315701067,7.617160800964191,-0.3000449466119738,2.235530762722285,-0.5827885957589756
right,7.07,1787652117691508096,1787652117686902589,5652,4.605507,9.09493762363625,-0.23326892458520687,7.363883456317292,-0.2932277003707479,2.163132143353441,-0.5337375192159659
right,7.08,1787652117701508096,1787652117697037852,5661,4.470244,9.22313078109351,-0.09478602970016259,6.805900915228586,-0.28006877154149357,1.982817301596334,-0.4808262546097717
right,7.09,1787652117711508096,1787652117706856707,5669,4.651389,8.328337101803914,-0.11673339486333856,6.111242007120567,-0.26414439740132917,1.7110885241165223,-0.45713749997817005
right,7.1,1787652117721508096,1787652117717023363,5677,4.484733,7.389512339207478,0.34920366108008694,4.825069923462379,-0.23222340181616496,1.428487789436305,-0.46473555184311816
right,7.11,1787652117731508096,1787652117727091003,5685,4.417093,6.168457800118256,-0.3647910977130394,2.992725020496039,-0.17482152044649152,1.0872779115695197,-0.48953540185478733
right,7.12,1787652117741508096,1787652117737167230,5692,4.340866,4.360763682762207,-0.6594495636661861,1.2247993594334416,-0.08913570275558208,0.733433533813302,-0.49082085210617793
right,7.13,1787652117751508096,1787652117746827894,5700,4.680202,2.3875761868405863,-1.2401769439750678,-0.4354053460884957,0.009727027844949221,0.3791608592047318,-0.48862158047369475
right,7.14,1787652117761508096,1787652117756888456,5709,4.61964,-0.025546785913012432,-0.5151133485065312,-2.172067231744667,0.0866565468101827,0.050549197103651244,-0.4946510512175406
right,7.15,1787652117771508096,1787652117766823247,5717,4.684849,-1.7601668098712768,0.21758191220054146,-4.087432065212207,0.1799727915883585,-0.26593633911513737,-0.4826446695503485
right,7.16,1787652117781508096,1787652117777006827,5725,4.501269,-3.2557431146452895,-1.0477853764953302,-5.706796032341372,0.28795588196850275,-0.6179702947345697,-0.4826994418008834
right,7.17,1787652117791508096,1787652117786802424,5734,4.705672,-5.162090916894161,-1.4663946250618045,-7.0820201215109275,0.3906057947868036,-1.004380629613403,-0.4875702067885368
right,7.18,1787652117801508096,1787652117796918289,5740,4.589807,-6.265508046481998,2.4094829474018185,-8.017444344035917,0.4615815997583113,-1.2657567342315543,-0.48964847872970396
right,7.19,1787652117811508096,1787652117806840339,5749,4.667757,-6.183949917939009,1.8918499807354179,-8.167340326363012,0.49283381582918323,-1.364717797271585,-0.5149280721592429
right,7.2,1787652117821508096,1787652117816819898,5757,4.688198,-5.557276555310758,-0.13599799142000352,-7.607433647757523,0.5002334366047987,-1.2953091629985445,-0.5133220135152022
right,7.21,1787652117831508096,1787652117826844227,5765,4.663869,-5.777065216132778,1.236802276742406,-7.8850375650689015,0.5100483165498331,-1.2899649117543288,-0.507413634236853
right,7.22,1787652117841508096,1787652117836872102,5772,4.635994,-5.725995600540987,0.4763880235118439,-8.114752849274064,0.5292770133651853,-1.380823851752944,-0.5177677195940068
right,7.23,1787652117851508096,1787652117846835300,5780,4.672796,-5.810556315188089,-0.1862026841430683,-8.1487774448839,0.5375311568697317,-1.4546076224689106,-0.5106219440272972
right,7.24,1787652117861508096,1787652117856912227,5791,4.595869,-7.05766157639034,1.593255937563395,-8.964487600844828,0.5456943415797078,-1.566745862733418,-0.5018358679419201
right,7.25,1787652117871508096,1787652117866829554,5797,4.678542,-6.675155339840217,0.46708792881441397,-8.720029363352612,0.5633931744779841,-1.684218820948178,-0.49383400796460847
right,7.26,1787652117881508096,1787652117876837444,5804,4.670652,-6.787369669011199,-0.9333916881617759,-8.80331473824975,0.5907994563592449,-1.7712320829420765,-0.47941351648760977
right,7.27,1787652117891508096,1787652117886808476,5813,4.69962,-6.608900647298509,-0.36160265174801676,-9.274268382531151,0.612545863803995,-1.8663136197020616,-0.46674147897380946
right,7.28,1787652117901508096,1787652117896856275,5820,4.651821,-5.725946229592977,-2.3505852550510618,-9.280701532583223,0.6267663667744638,-1.8585130034938921,-0.4476035177050977
right,7.29,1787652117911508096,1787652117906884854,5829,4.623242,-5.102690527873482,-2.444414856220857,-8.22740347318293,0.6386883351443275,-1.7820870904813102,-0.4380854904770879
right,7.3,1787652117921508096,1787652117917004174,5836,4.503922,-3.68041846327189,-1.7012403090184365,-8.49692172440023,0.6340623958048487,-1.5879808370408304,-0.44020016287256186
right,7.31,1787652117931508096,1787652117927056257,5844,4.451839,-2.313081415513967,-2.3029460040760346,-8.006505079179997,0.6262170177358646,-1.4181994464949623,-0.4330909765761736
right,7.32,1787652117941508096,1787652117936841176,5853,4.66692,-1.605532277102801,-2.0369713514707333,-6.622302427316425,0.624378859953834,-1.306643896494486,-0.4253984033803377
right,7.33,1787652117951508096,1787652117946894020,5862,4.614076,-1.5329600052563483,-3.576190049311657,-7.297090006332324,0.6367596798853855,-1.255061415731027,-0.4265498602251312
right,7.34,1787652117961508096,1787652117957083531,5869,4.424565,-0.7767461560564282,-1.2801904496249128,-7.572869721924432,0.6402106515835813,-1.126447580030626,-0.40417598060461857
right,7.35,1787652117971508096,1787652117966957686,5877,4.55041,-0.19198929769028777,-2.542580072537055,-6.349174112197384,0.6317840239031602,-1.1016225110365645,-0.3993740291907207
right,7.36,1787652117981508096,1787652117976819338,5885,4.688758,-0.17892748753503798,-2.516277181516328,-7.443695825846452,0.6157366654467098,-1.0039934020844132,-0.39554826174825086
right,7.37,1787652117991508096,1787652117986848863,5892,4.659233,-0.247817418763391,-1.2448176900167673,-6.63069615976666,0.6077310973302016,-0.9814335609353987,-0.4052577255888892
right,7.38,1787652118001508096,1787652117996888382,5900,4.619714,-0.7092022176242759,-0.9032259382759932,-6.607655601621345,0.5871246336184989,-0.9644488678613495,-0.431491946570378
right,7.39,1787652118011508096,1787652118006820633,5910,4.687463,-0.47989173609863156,-2.0580126965768977,-7.7795709751764175,0.5704074961407354,-0.9509624692738522,-0.44371592479805433
right,7.4,1787652118021508096,1787652118016825442,5917,4.682654,-1.1414789534064658,-0.9893464242895964,-7.190934096435713,0.558274662379133,-1.0123291902438785,-0.4651188420574416
right,7.41,1787652118031508096,1787652118026884347,5925,4.623749,-1.450274610918123,-0.4126277266683876,-7.436683255094374,0.5722136042651481,-1.1566035861890518,-0.4904727622323839
right,7.42,1787652118041508096,1787652118036861383,5933,4.646713,-2.3995834277016503,-1.8930044913465702,-9.271706159278747,0.5867537129908595,-1.2542246500260945,-0.5242785562193808
right,7.43,1787652118051508096,1787652118046827821,5941,4.680275,-2.99918459247038,-0.26930083104136965,-8.201654100264346,0.6091729842508752,-1.3726183107937777,-0.5479411485120013
right,7.44,1787652118061508096,1787652118057031980,5948,4.476116,-4.325239292227426,0.5475166519691707,-9.360803403528601,0.6315573850389435,-1.480503752249827,-0.5759846747859343
right,7.45,1787652118071508096,1787652118066893819,5956,4.614277,-4.814442883168244,0.44979309783242605,-10.337713676307718,0.650221259068993,-1.5390197594756443,-0.583110303539128
right,7.46,1787652118081508096,1787652118076924924,5964,4.583172,-5.579633967941693,1.4241364481445717,-9.89931543819985,0.6992588426819851,-1.6412658003455782,-0.5897341131433944
right,7.47,1787652118091508096,1787652118086861878,5972,4.646218,-6.403270367087126,0.8554447269799176,-10.431708377773841,0.7206189407105916,-1.684905723781907,-0.6105997465893707
right,7.48,1787652118101508096,1787652118096906417,5982,4.601679,-6.26736381625747,0.46423213028773647,-10.071071935075166,0.7162500559956501,-1.6894999852856678,-0.6319299286709668
right,7.49,1787652118111508096,1787652118106919727,5989,4.588369,-6.324247234064199,0.8538496967390093,-9.415894653787776,0.7254773887136577,-1.70082101091248,-0.6470198883178268
right,7.5,1787652118121508096,1787652118116842009,5996,4.666087,-7.008818474019978,0.9967833647046563,-9.984459695606745,0.7378124305049567,-1.7204233678332583,-0.637451959108616
right,7.51,1787652118131508096,1787652118127128610,6005,4.379486,-6.24325196459507,-0.2306561281998451,-8.513130363685862,0.7320189108402291,-1.671942790021584,-0.6396868462062013
right,7.52,1787652118141508096,1787652118136861714,6012,4.646382,-6.2012027658076265,-1.2049820323916354,-8.497895857171192,0.7178434960457393,-1.606462466013747,-0.6222540675114554
right,7.53,1787652118151508096,1787652118147073508,6020,4.434588,-5.821180706860622,-1.8975269447516063,-8.552622775676607,0.7112813325163447,-1.5175029439249896,-0.5952520271458352
right,7.54,1787652118161508096,1787652118156940947,6028,4.567149,-7.547443482068896,-0.40653979087009656,-7.082496187355619,0.7327358822006167,-1.5664251264828544,-0.5742036342281374
right,7.55,1787652118171508096,1787652118166968842,6036,4.539254,-7.552412481209817,-1.7911209309744938,-8.18291441528036,0.7195905945129474,-1.5518205135771157,-0.533602518035823
right,7.56,1787652118181508096,1787652118176901521,6045,4.606575,-7.789621309205617,-2.1185318194159026,-7.403667919850563,0.7277912659387886,-1.595090411160575,-0.5018335725739835
right,7.57,1787652118191508096,1787652118186875114,6052,4.632982,-7.979910684537068,-2.8524566411091032,-8.0368550964746,0.7673465489160564,-1.6969915882044675,-0.49111251519560806
right,7.58,1787652118201508096,1787652118197007829,6061,4.500267,-9.007772888543183,-2.8140728632030454,-7.8294827268162885,0.8606901725403104,-1.9030060386586438,-0.4944054539595537
right,7.59,1787652118211508096,1787652118206908658,6068,4.599438,-10.460881630240369,-1.746705695864522,-7.64776396626308,0.9429810741616356,-2.0621621919469506,-0.5129753643235663
right,7.6,1787652118221508096,1787652118217065096,6076,4.443,-9.011107402885504,-3.1703149396170853,-8.561177035817934,1.0133798440306834,-2.11465387369292,-0.5385933966643839
right,7.61,1787652118231508096,1787652118227039164,6087,4.468932,-7.508248004735653,-4.173093815693365,-9.983078473963715,1.047734061138622,-2.066795074930818,-0.5402243796324534
right,7.62,1787652118241508096,1787652118236943646,6095,4.56445,-7.951411324151098,-5.421401691414586,-8.253034035643552,1.1359684359126871,-2.177982193494609,-0.5324403837642212
right,7.63,1787652118251508096,1787652118246863049,6103,4.645047,-9.330856408496308,-3.6329823663706553,-8.86129577973672,1.1850247624974768,-2.238303405634132,-0.5180170263719264
right,7.64,1787652118261508096,1787652118256853177,6111,4.654919,-7.763212934770739,-4.713128464415842,-8.816454846261362,1.1802338771541436,-2.2009758003547555,-0.4996115456681536
right,7.65,1787652118271508096,1787652118266853314,6117,4.654782,-7.900359354395826,-5.583255737564601,-8.080432528314516,1.1936357460693088,-2.218602425376869,-0.4706195759782972
right,7.66,1787652118281508096,1787652118276990006,6125,4.51809,-8.83006574333725,-4.565911554883448,-8.67107192536218,1.201285990344646,-2.2120916018472707,-0.4781680979137839
right,7.67,1787652118291508096,1787652118286813887,6135,4.694209,-8.76074565683052,-2.930144006716152,-8.467465833177041,1.2008968004459506,-2.1884682780710585,-0.49976183306411726
right,7.68,1787652118301508096,1787652118296858554,6143,4.649542,-9.693836811435135,-3.793225796936907,-7.988241730624955,1.253622424788952,-2.288730436337364,-0.5325842222594562
right,7.69,1787652118311508096,1787652118306860043,6149,4.648053,-9.668351177598783,-4.4351423906761145,-10.080332084098961,1.2411743878074297,-2.246550569522944,-0.5449287489729336
right,7.7,1787652118321508096,1787652118316848550,6159,4.659546,-9.717659323955063,-2.783709374729245,-8.932387459015022,1.2174995544752398,-2.2029070245649343,-0.5701124534899568
right,7.71,1787652118331508096,1787652118326828762,6167,4.679334,-10.299657855624071,-3.2096939969769407,-8.68256680475253,1.1861656931364026,-2.1481589570632837,-0.589842191347919
right,7.72,1787652118341508096,1787652118336871936,6175,4.63616,-9.76761611940687,-4.346610963534767,-8.240332710807067,1.1608625774380394,-2.1106330073548114,-0.5886365137565501
right,7.73,1787652118351508096,1787652118346996386,6181,4.51171,-9.773852888093662,-3.495504163114221,-8.70795902328451,1.1137456916043782,-2.03754396892855,-0.5884057377003089
right,7.74,1787652118361508096,1787652118356961647,6188,4.546449,-9.848461004577631,-3.5050041362805606,-9.330340221655886,1.0718390301198735,-1.9578122158350315,-0.5879336850804653
right,7.75,1787652118371508096,1787652118366910173,6197,4.597923,-9.770820442814843,-3.3158563794780846,-9.57232850026513,1.032459077787997,-1.8764619920356655,-0.5662340107914455
right,7.76,1787652118381508096,1787652118376900531,6204,4.607565,-9.2143402878427,-0.7878885992855618,-10.028030346211068,0.978260414856504,-1.751134606450698,-0.5288488730101903
right,7.77,1787652118391508096,1787652118387042180,6213,4.465916,-9.109981128055058,-1.6348628543152626,-10.065499691586304,1.0001774317235972,-1.712679442030784,-0.496368313342173
right,7.78,1787652118401508096,1787652118397071837,6220,4.436259,-9.327018582648552,-2.4467605907511336,-9.392336979524492,1.0545492362564846,-1.7150609419493452,-0.46560047676525185
right,7.79,1787652118411508096,1787652118406992710,6228,4.515386,-9.193044314177689,-3.283664759998709,-9.920561181881729,1.0752529247028244,-1.6800626975148272,-0.42736382884657964
right,7.8,1787652118421508096,1787652118416823020,6236,4.685076,-10.648131884140334,-1.2284123564477003,-9.787803976120511,1.113229035187742,-1.7226282132064723,-0.44051852569463534
right,7.81,1787652118431508096,1787652118426833179,6244,4.674917,-10.477771617115373,-3.8230883916528384,-9.768768940824737,1.1799811854569253,-1.7757880077504902,-0.46779792236266476
right,7.82,1787652118441508096,1787652118436988330,6252,4.519766,-11.376124517362427,-3.2810456667243817,-10.214502762372119,1.2422079068604124,-1.8431405760886888,-0.4987958815033342
right,7.83,1787652118451508096,1787652118446865143,6261,4.642953,-11.70580525797208,-3.922239275229748,-10.686886947687025,1.2915157062882754,-1.882250724997903,-0.5339218511924597
right,7.84,1787652118461508096,1787652118456919156,6271,4.58894,-11.557708312952512,-5.096786562943952,-11.315910566836848,1.3655456308445668,-1.9918311860692879,-0.5507646083222997
right,7.85,1787652118471508096,1787652118466958034,6277,4.550062,-12.150643365419018,-3.167536743431246,-11.147439208329548,1.3736963865781093,-2.0331936791520375,-0.5449563751519415
right,7.86,1787652118481508096,1787652118476852199,6287,4.655897,-12.120026046811907,-3.027785605111164,-10.276982199841035,1.3546462393144418,-2.0055127635492314,-0.5538938361930802
right,7.87,1787652118491508096,1787652118486880850,6293,4.627246,-10.492174609315503,-4.689328299053312,-9.5733984118756,1.3214708940836457,-1.9166141469049613,-0.5574872742098677
right,7.88,1787652118501508096,1787652118496843950,6301,4.664146,-9.386621688320417,-5.710825593060647,-9.237488907939696,1.2823273021035844,-1.865880996131014,-0.543649904280965
right,7.89,1787652118511508096,1787652118506980587,6308,4.527509,-10.153532197823372,-3.790258770190668,-8.040726415986024,1.2453072155662788,-1.9042175762851512,-0.5582426322063454
right,7.9,1787652118521508096,1787652118516864684,6316,4.643412,-11.822977406597756,-3.041670447250972,-8.526780793204166,1.2599351374142282,-2.0720819602678677,-0.6088559891958002
right,7.91,1787652118531508096,1787652118526834526,6324,4.67357,-11.580939970998969,-3.912416578320447,-8.931482432235025,1.218092324459663,-2.1545943610497367,-0.657739055226745
right,7.92,1787652118541508096,1787652118536946757,6333,4.561339,-12.035280341504194,-6.6530619228729355,-7.930479214352431,1.2593032080239135,-2.341303303449951,-0.694403063308312
right,7.93,1787652118551508096,1787652118546865879,6341,4.642217,-10.97576746559215,-7.730943925300257,-9.791467054519023,1.2119971947809505,-2.332241924177427,-0.7204562499660536
right,7.94,1787652118561508096,1787652118556854869,6351,4.653227,-11.456862702043152,-7.90913668328723,-8.582623902957984,1.2199911405770478,-2.390274380992831,-0.7216618617236521
right,7.95,1787652118571508096,1787652118566859252,6356,4.648844,-12.127892967501053,-5.526302723623897,-7.093196382959549,1.1418731341461792,-2.3028899448913043,-0.7168927295244726
right,7.96,1787652118581508096,1787652118576892781,6366,4.615315,-12.153977902481934,-4.163356319224372,-7.026637321065878,1.095944897908691,-2.2442637780046777,-0.7285119069798655
right,7.97,1787652118591508096,1787652118586908603,6373,4.599493,-12.491626557393353,-2.4402497951562783,-7.078301726829375,1.0759089309603205,-2.220030461657858,-0.766246795918279
right,7.98,1787652118601508096,1787652118597103348,6382,4.404748,-10.959184770180494,-4.778502921012156,-7.097282458104023,1.0688975201422353,-2.2196918406532347,-0.8088561107497869
right,7.99,1787652118611508096,1787652118607024395,6389,4.483701,-10.926609811814586,-7.232096329415657,-7.2466119424142565,1.0890552704907852,-2.254958092866876,-0.8344176311046387
right,8.0,1787652118621508096,1787652118616820887,6396,4.687209,-10.620713838544773,-6.848621270066547,-8.223617597292403,1.0949516255868286,-2.241339301876342,-0.8384425215613542
right,8.01,1787652118631508096,1787652118626884912,6405,4.623184,-11.99383545818864,-6.864069820834393,-7.686671910060881,1.1550794245049194,-2.334830927058119,-0.8468057450860282
right,8.02,1787652118641508096,1787652118636944175,6412,4.563921,-11.721925330201154,-5.520302425252243,-8.359410294688525,1.1231742109538714,-2.312623123358499,-0.8528778089688684
right,8.03,1787652118651508096,1787652118646836253,6420,4.671843,-12.574322778233537,-4.316824159135925,-8.472233049671193,1.1136726421079544,-2.267173049665452,-0.848722846801095
right,8.04,1787652118661508096,1787652118657143785,6430,4.364311,-11.949664953103019,-3.746898808329267,-10.095674867536015,1.1143575787018705,-2.2549971336957704,-0.8710769368548817
right,8.05,1787652118671508096,1787652118666919964,6437,4.588132,-13.137946754401158,-4.023932997225514,-8.65555952688951,1.1555766047452982,-2.3590961483012594,-0.908683697716693
right,8.06,1787652118681508096,1787652118676935752,6445,4.572344,-12.951654244542896,-3.6114730093154037,-8.076400510752077,1.1542572326027676,-2.355307803335473,-0.932686525951482
right,8.07,1787652118691508096,1787652118687258961,6452,4.249135,-12.975854974806749,-4.60307111702321,-8.68007434232915,1.1746140534326723,-2.3485665870747665,-0.9634252953078132
right,8.08,1787652118701508096,1787652118696835146,6461,4.67295,-12.209454608535932,-3.9177997880254796,-10.135212879968579,1.1188156816309538,-2.270188945710236,-0.9905257321900004
right,8.09,1787652118711508096,1787652118706850739,6468,4.657357,-13.13267216238681,-4.226790824701541,-9.494260885298315,1.1709966948785728,-2.3719978781147075,-1.0178834566481956
right,8.1,1787652118721508096,1787652118717014950,6477,4.493146,-13.66101431480099,-3.9206596534191704,-9.52699179290573,1.2204817192759119,-2.4130307996477454,-1.0436137687244442
right,8.11,1787652118731508096,1787652118726817690,6485,4.690406,-14.688986150163062,-4.116175923090933,-9.664480345818163,1.2516943359391983,-2.459214535166609,-1.0742759440688874
right,8.12,1787652118741508096,1787652118736898635,6492,4.609461,-14.152287536536935,-4.0821802034809656,-10.711127514649275,1.2442893898992036,-2.419999585124477,-1.0927532248112743
right,8.13,1787652118751508096,1787652118747031202,6501,4.476894,-14.678043529979755,-4.025456230161126,-10.503261483395294,1.3022487124991808,-2.4645348176963893,-1.1269433162653124
right,8.14,1787652118761508096,1787652118756863407,6508,4.644689,-14.345944788761432,-4.256436496526684,-11.735604463979563,1.29891573467849,-2.4356149496562116,-1.1554351619657721
right,8.15,1787652118771508096,1787652118766866490,6517,4.641606,-15.942826316403513,-4.673996827368142,-10.311340930761345,1.3973031954992887,-2.564369458041186,-1.1941537983810537
right,8.16,1787652118781508096,1787652118776874713,6526,4.633383,-16.233975196126565,-3.5891219368678318,-12.298350320448215,1.3860191518183012,-2.52875639582287,-1.201290331392132
right,8.17,1787652118791508096,1787652118787071204,6532,4.436892,-15.70856752156403,-3.4210285445966555,-12.053154116318057,1.3695423448897892,-2.527829944645353,-1.2328405629790873
right,8.18,1787652118801508096,1787652118796855972,6541,4.652124,-17.340729454680442,-4.373623754243164,-10.137863207937132,1.4424592861473349,-2.6459566691680148,-1.2849605721922757
right,8.19,1787652118811508096,1787652118807216669,6548,4.291427,-15.26861822182876,-2.9016921096121906,-11.341708844795944,1.3090040614030591,-2.431896178418284,-1.2534937478785328
right,8.2,1787652118821508096,1787652118816806117,6557,4.701979,-15.24554819050304,-3.2751506870379083,-9.907717141827655,1.2668646882803969,-2.3816276796075657,-1.2642287391237113
right,8.21,1787652118831508096,1787652118826996972,6564,4.511124,-16.501445369760678,-3.687211008896656,-9.382035415410112,1.3051596960001903,-2.4968102084709467,-1.3158853451339632
right,8.22,1787652118841508096,1787652118836941411,6573,4.566685,-15.27358202604482,-3.117546521224483,-10.379750471442053,1.2214869569298847,-2.371104572773166,-1.288415925130932
right,8.23,1787652118851508096,1787652118847077855,6580,4.430241,-16.912664620353638,-3.2172824315815864,-8.906975620579399,1.3260705946656826,-2.500373305191323,-1.322309623501728
right,8.24,1787652118861508096,1787652118856892693,6588,4.615403,-17.450982509167808,-3.6131509950824845,-9.882254342017571,1.377199036971715,-2.5559094166707474,-1.3528645082678588
right,8.25,1787652118871508096,1787652118867110114,6599,4.397982,-16.762348027957685,-3.60851102096159,-11.592213590459108,1.3555711275810065,-2.537490676960031,-1.3520883965340331
right,8.26,1787652118881508096,1787652118876888081,6607,4.620015,-17.49937832839438,-3.8585488528368117,-11.441344714565249,1.4242879471135166,-2.6060804499604866,-1.3669424115530011
right,8.27,1787652118891508096,1787652118887096965,6612,4.411131,-19.491528006137237,-4.3106911530464895,-10.0586151569065,1.5599643283745086,-2.844395799406056,-1.4453508778032182
right,8.28,1787652118901508096,1787652118896780799,6620,4.727297,-18.923768974306736,-4.5599842106349335,-13.214003957264405,1.508113782388092,-2.80327148232318,-1.4639640913501892
right,8.29,1787652118911508096,1787652118907205276,6629,4.30282,-19.377477382835956,-4.959136881003611,-11.999445395474975,1.571082543148145,-2.914042839510642,-1.5071405965502287
right,8.3,1787652118921508096,1787652118916838068,6636,4.670028,-19.8795243681195,-5.495386293015849,-10.75792446392846,1.5923796240393289,-2.9406779241835235,-1.4958222985568823
right,8.31,1787652118931508096,1787652118926847896,6644,4.6602,-19.942014637865924,-5.953382091952545,-10.227768803692868,1.5892017796040996,-2.972856612280858,-1.512165669986991
right,8.32,1787652118941508096,1787652118936926762,6653,4.581334,-17.778830781976026,-5.439712697487017,-11.964852259982937,1.4589576937704123,-2.7578211005392737,-1.4536585881241242
right,8.33,1787652118951508096,1787652118946863259,6662,4.644837,-18.15981972115837,-5.3287715670445,-10.968063573355638,1.4423255846112086,-2.7225064461066584,-1.4583207976260064
right,8.34,1787652118961508096,1787652118956915378,6669,4.592718,-17.113992602894857,-5.185991112517628,-9.642108224924227,1.3956425724003578,-2.6502174045481524,-1.4415479317143216
right,8.35,1787652118971508096,1787652118966958546,6676,4.54955,-16.530757748065554,-5.34542593358245,-10.058736839324585,1.371156088495967,-2.628911851765233,-1.4040512979277953
right,8.36,1787652118981508096,1787652118976870363,6684,4.637733,-16.37564587902661,-5.614216427580467,-10.96335991525405,1.345618963137734,-2.611024224804539,-1.3884028942437916
right,8.37,1787652118991508096,1787652118987292897,6693,4.215199,-17.247691087740332,-6.196536464762694,-9.5710594790014,1.3994422491079512,-2.7457322299740556,-1.4269002810136997
right,8.38,1787652119001508096,1787652118996845828,6701,4.662268,-17.42267520694302,-5.121930551500329,-10.371089167031315,1.3590331098592052,-2.7167978088545004,-1.4448670872733387
right,8.39,1787652119011508096,1787652119007162606,6709,4.34549,-16.716719894040807,-3.86263551246919,-11.46195667058522,1.2985613506865321,-2.6318021604395927,-1.4427456121913782
right,8.4,1787652119021508096,1787652119017059528,6717,4.448568,-17.640298359119527,-3.413872064925314,-11.040579722839244,1.3112097326361596,-2.666402695219933,-1.458440219005348
right,8.41,1787652119031508096,1787652119026823810,6725,4.684286,-17.612268336894516,-5.196637366742102,-10.084251545435052,1.3529404311604376,-2.769337038891979,-1.463052868364764
right,8.42,1787652119041508096,1787652119036838235,6732,4.669861,-16.608240908905067,-7.714474843131562,-12.003697455808949,1.3700817354635455,-2.778330985066082,-1.4482509974320992
right,8.43,1787652119051508096,1787652119046884302,6740,4.623794,-15.917476616282771,-6.808117957937719,-12.684374744802362,1.3803947112671462,-2.7935070433285087,-1.4452286509506278
right,8.44,1787652119061508096,1787652119057016886,6748,4.49121,-18.353651515727098,-6.855272201595216,-11.964733692756578,1.46462104930485,-2.9544248942028615,-1.489910967103783
right,8.45,1787652119071508096,1787652119066834840,6758,4.673256,-18.489659813155775,-6.683148811875026,-12.382434632444593,1.52451970613441,-3.0366816726150923,-1.5169334344833763
right,8.46,1787652119081508096,1787652119076937101,6764,4.570995,-18.155948421748832,-6.426799228054677,-13.823513833326983,1.4948670010448055,-2.9624632088987406,-1.5023337142416455
right,8.47,1787652119091508096,1787652119087236825,6773,4.271271,-18.78347140288303,-8.431250617359641,-13.711145666082459,1.6371925080389602,-3.1525275967758386,-1.583411435867927
right,8.48,1787652119101508096,1787652119096854390,6781,4.653706,-18.370066213184014,-8.251360798862986,-13.860583778189017,1.5799341498017372,-3.023852616872596,-1.5646339616721137
right,8.49,1787652119111508096,1787652119106955804,6788,4.552292,-18.530504773286214,-7.778032654714613,-13.048713264710647,1.5822766400053547,-3.0104965113858793,-1.5832171169963472
right,8.5,1787652119121508096,1787652119117049655,6797,4.458441,-20.024682916887514,-6.029817615661385,-12.83703676181956,1.580843251383381,-3.0171828020936795,-1.6021697887945123
right,8.51,1787652119131508096,1787652119127107123,6804,4.400973,-21.554543675904874,-5.115732426462464,-12.63126539064254,1.653356463083269,-3.1730781613320302,-1.6663534174226233
right,8.52,1787652119141508096,1787652119136805452,6812,4.702644,-20.040167530724336,-7.24950483617081,-14.029322349835432,1.6541555846125393,-3.15283018939558,-1.6563272843344845
right,8.53,1787652119151508096,1787652119146858215,6821,4.649881,-20.734190859290678,-8.399479232908572,-14.02026904055044,1.7046308767223324,-3.253806384720431,-1.6379034298293864
right,8.54,1787652119161508096,1787652119157310645,6830,4.197451,-20.789901172799162,-7.982470820971335,-13.524884137843099,1.6852768025093978,-3.2658425899157626,-1.5896093363826673
right,8.55,1787652119171508096,1787652119166842671,6837,4.665425,-20.15604609546533,-9.805966979024454,-13.56425967487041,1.683688481591868,-3.2287394818328727,-1.5554787141030755
right,8.56,1787652119181508096,1787652119176880532,6845,4.627564,-19.407041758315522,-9.211119725399046,-12.413998949522632,1.6778724234760765,-3.192264148243367,-1.5393506929625227
right,8.57,1787652119191508096,1787652119187393169,6853,4.114927,-19.152259466888697,-6.55192038087885,-12.653638315998133,1.5626206920109358,-3.010740687749975,-1.4941797790469196
right,8.58,1787652119201508096,1787652119196857465,6861,4.650631,-20.581291636789583,-4.855519515509754,-12.400631456638594,1.598729848263654,-3.1056948726360067,-1.547768696148294
right,8.59,1787652119211508096,1787652119207082030,6871,4.426066,-19.78523343366948,-5.969604894904579,-11.719102881385677,1.6163607654468988,-3.1132530809924064,-1.5768520081727375
right,8.6,1787652119221508096,1787652119216949529,6876,4.558567,-19.603284667342805,-9.075090913928316,-13.02182471596032,1.7214196496970866,-3.226157356014072,-1.6196234916633483
right,8.61,1787652119231508096,1787652119226863761,6885,4.644335,-20.06479087562342,-11.009639768426458,-13.689690962316549,1.8783245761126426,-3.428420431622323,-1.6777658601919152
right,8.62,1787652119241508096,1787652119236840047,6893,4.668049,-20.020645396355366,-9.025114952431618,-13.735808433754338,1.8734621516614298,-3.3852805191626656,-1.65682192196213
right,8.63,1787652119251508096,1787652119246849470,6901,4.658626,-21.459381366392524,-5.21124533710239,-13.124575804476482,1.7863104810084336,-3.2423170177076277,-1.6256522960655173
right,8.64,1787652119261508096,1787652119257273308,6910,4.234788,-23.9201742615927,-3.968989275388296,-12.713330612711657,1.9218190379571407,-3.4475897882227664,-1.7028335063196824
right,8.65,1787652119271508096,1787652119266855434,6916,4.652662,-22.554732883671697,-6.663497688756559,-14.281681172868367,1.9909213369055834,-3.464466120326488,-1.691936834208954
right,8.66,1787652119281508096,1787652119276858300,6926,4.649796,-20.19278081530841,-11.303178805456021,-13.57610574178904,2.064521872937902,-3.436005312920368,-1.6584445455583459
right,8.67,1787652119291508096,1787652119287124090,6933,4.384006,-19.130360476854047,-11.723618704809688,-12.486472105023152,2.0407784321834583,-3.288218644402194,-1.575417151768623
right,8.68,1787652119301508096,1787652119296865181,6943,4.642915,-20.535971873712636,-9.155180089570518,-13.437197851446388,2.0451320825028163,-3.231447936357489,-1.5190552436126121
right,8.69,1787652119311508096,1787652119307049008,6950,4.459088,-24.188024552892934,-7.207264328833358,-14.035910496688508,2.285055925557044,-3.534205112977407,-1.5688311283182466
right,8.7,1787652119321508096,1787652119316808242,6958,4.699854,-25.680072684714826,-7.496843146958905,-16.346914494135774,2.468065863761552,-3.7097856625441588,-1.5819066020786425
right,8.71,1787652119331508096,1787652119327111595,6964,4.396501,-25.992757396031877,-10.477623223021284,-16.258111865509083,2.6293065385247756,-3.877670179682133,-1.595729178909929
right,8.72,1787652119341508096,1787652119336789423,6973,4.718673,-24.038567492752502,-12.451613376545287,-16.321210638606235,2.580236516324231,-3.7651246857473932,-1.5216928982393298
right,8.73,1787652119351508096,1787652119346838607,6980,4.669489,-22.054309349421693,-12.269599979883857,-14.906163865557819,2.4405139409005243,-3.504501273175416,-1.4079665370757228
right,8.74,1787652119361508096,1787652119357481637,6989,4.026459,-21.27849849778701,-9.712332392747376,-12.420624507232478,2.2679858797626955,-3.2042636299494975,-1.288752814984084
right,8.75,1787652119371508096,1787652119366936310,6997,4.571786,-20.07537933667035,-6.73239074251615,-10.572557318116042,2.056181787532922,-2.8410409210325835,-1.1640111034436815
right,8.76,1787652119381508096,1787652119376948390,7004,4.559706,-17.35972952374025,-5.384295144835099,-9.798444254212939,1.8634462795709559,-2.504361171854646,-1.065996014888548
right,8.77,1787652119391508096,1787652119387126164,7013,4.381932,-15.150837547437941,-6.916083564318129,-8.592535489062284,1.8156792403114177,-2.3680378596049776,-1.0350737349890262
right,8.78,1787652119401508096,1787652119396847129,7020,4.660967,-13.825932345020963,-6.4561443407104075,-8.377233014524837,1.7571415532214472,-2.264950936628095,-1.0139388112737389
right,8.79,1787652119411508096,1787652119406957470,7031,4.550626,-12.30075399138404,-4.642121086950872,-8.563622236383388,1.6312521785948104,-2.049736620211496,-0.9557053120363929
right,8.8,1787652119421508096,1787652119416789714,7037,4.718382,-12.063375406735648,-5.577355142805445,-6.604012773690507,1.668437632371637,-2.0701906432411477,-0.9772158104613251
right,8.81,1787652119431508096,1787652119426878466,7044,4.62963,-11.110986764724332,-5.054363354492634,-6.661435013388113,1.6023596637557938,-1.941847009091024,-0.9544124998518156
right,8.82,1787652119441508096,1787652119436827414,7053,4.680682,-9.451256316964404,-3.625113794669964,-6.778436965252419,1.4650065663816572,-1.7108081419630141,-0.9023030056325352
right,8.83,1787652119451508096,1787652119446927548,7061,4.580548,-9.946674863436174,-3.2200899560116625,-5.408893376761973,1.4407203073610835,-1.6810516590707145,-0.9074054314611334
right,8.84,1787652119461508096,1787652119457288732,7069,4.219364,-9.375602584645625,-3.4027638146617534,-4.809098240786291,1.419784439573952,-1.6307860612047318,-0.9045212780206187
right,8.85,1787652119471508096,1787652119466930566,7077,4.57753,-7.8051084356329765,-3.061829680517464,-5.34262708155436,1.322744821387129,-1.4525640196328249,-0.8659372888864908
right,8.86,1787652119481508096,1787652119476899916,7085,4.60818,-8.466877677979781,-2.757642754497802,-4.2104832393453595,1.318210545418954,-1.4492205088765677,-0.8752562313406815
right,8.87,1787652119491508096,1787652119487097307,7092,4.410789,-8.069153745271418,-2.613450133257531,-3.73694741625057,1.299393623848353,-1.4170467671218479,-0.8725813155467319
right,8.88,1787652119501508096,1787652119496813820,7100,4.694276,-7.779871158776428,-2.5526273578688277,-3.846566407505069,1.2557177218077817,-1.329926748582056,-0.8463262343527225
right,8.89,1787652119511508096,1787652119506984737,7109,4.523359,-7.734599632272891,-2.1648406528464315,-3.920320725434437,1.2320947482477576,-1.3002125851716786,-0.839171254178492
right,8.9,1787652119521508096,1787652119516844167,7117,4.663929,-8.893999037397316,-2.503595652028678,-3.371788026482391,1.255720921112319,-1.3737597706996127,-0.8622291923091931
right,8.91,1787652119531508096,1787652119526869529,7125,4.638567,-9.369512835681537,-3.0120319404340585,-3.8946086996341487,1.3047779761004663,-1.4740202507919944,-0.892701459317925
right,8.92,1787652119541508096,1787652119537050218,7133,4.457878,-11.88139962824712,-3.433379904705556,-4.381432032814439,1.4377209441717755,-1.705896688153026,-0.9626158252601108
right,8.93,1787652119551508096,1787652119546864030,7142,4.644066,-12.020063003113737,-3.446154172626028,-7.00018192773234,1.4755485169943254,-1.7559197322623565,-0.9863116976298658
right,8.94,1787652119561508096,1787652119557334408,7149,4.173688,-13.05384464440378,-3.9802904033345246,-7.4180176654164525,1.5810816233847782,-1.902319969204508,-1.0443337410451807
right,8.95,1787652119571508096,1787652119566834431,7157,4.673665,-16.00925467667974,-5.355555800206209,-7.261272413559205,1.8007299346492047,-2.2457315942008496,-1.14900235466134
right,8.96,1787652119581508096,1787652119577095495,7165,4.412601,-18.25102664258913,-5.948675850709392,-9.905319835544868,1.9878025252848674,-2.5446186561204476,-1.2338352305434885
right,8.97,1787652119591508096,1787652119586884702,7173,4.623394,-20.9150632906328,-7.27479816944046,-12.09651777935046,2.2107309789766694,-2.8830216387848133,-1.3426228135217677
right,8.98,1787652119601508096,1787652119596830603,7182,4.677493,-23.419851876628602,-8.548501249660415,-13.347877032245249,2.415066939225308,-3.1972328148909295,-1.452419994120522
right,8.99,1787652119611508096,1787652119607235808,7189,4.272288,-24.36103253385697,-9.445142186628585,-12.852779324729525,2.5707852395896547,-3.4021236633204404,-1.5298954056072425
right,9.0,1787652119621508096,1787652119616834311,7197,4.673785,-25.16328267650699,-9.665621481460203,-11.003720257860142,2.6967538971488683,-3.5318670977928264,-1.5746798543053653
right,9.01,1787652119631508096,1787652119627073891,7205,4.434205,-23.185448917311305,-8.828480667498836,-10.962151547654644,2.6113671471841338,-3.2993350350855413,-1.4928515491521004
right,9.02,1787652119641508096,1787652119636876359,7212,4.631737,-21.254244766377987,-7.859818735690455,-9.990424097383787,2.4574541223926074,-3.0422739785540767,-1.3898217350142847
right,9.03,1787652119651508096,1787652119646821213,7220,4.686883,-21.092868957299107,-8.338626012321443,-10.185318451608676,2.3977051612876745,-3.0128225261126125,-1.341376499779565
right,9.04,1787652119661508096,1787652119657093683,7229,4.414413,-21.11235969361573,-8.744429234586052,-11.420587818578477,2.355833002023134,-3.0046284440402555,-1.2863271332599675
right,9.05,1787652119671508096,1787652119666840950,7237,4.667146,-20.669805588134214,-8.733146290997377,-10.347694542698015,2.3225284811934683,-2.961622440606791,-1.2256336252364128
right,9.06,1787652119681508096,1787652119676815567,7245,4.692529,-19.44357828839271,-8.513178490853566,-10.490427196372963,2.1956144325258427,-2.815498510764044,-1.1573771362650653
right,9.07,1787652119691508096,1787652119687053031,7252,4.455065,-19.351800164094,-8.221805661356868,-10.629300314868729,2.123060089645137,-2.7983488338461693,-1.152546751764815
right,9.08,1787652119701508096,1787652119696814316,7260,4.69378,-21.862945799032666,-8.823723454944213,-11.950291236534696,2.281335878319251,-3.106070658992154,-1.2410350613660355
right,9.09,1787652119711508096,1787652119706860441,7269,4.647655,-25.760028659670425,-9.528455633800396,-14.013242433341585,2.5468506891256233,-3.544804448411423,-1.36193634588271
right,9.1,1787652119721508096,1787652119717179513,7276,4.328583,-29.047000062805484,-10.709585818866154,-15.284904320072,2.7835366181314436,-3.939602647299982,-1.4640513728906508
right,9.11,1787652119731508096,1787652119726850574,7284,4.657522,-30.00016905119424,-11.224783542493183,-15.457215801798284,2.8876747283426782,-4.094749767425546,-1.4954560608656937
right,9.12,1787652119741508096,1787652119737084079,7292,4.424017,-29.082402366811007,-11.814773954866217,-14.264045691223483,2.9510938499536365,-4.1163947158657255,-1.491524930956383
right,9.13,1787652119751508096,1787652119746977729,7300,4.530367,-25.97066633953079,-11.455633546601533,-14.072625282338604,2.7696933852471344,-3.7716098009286574,-1.3918259774647033
right,9.14,1787652119761508096,1787652119757368147,7308,4.139949,-24.283311923701678,-11.064248743440263,-14.002050235984278,2.590105148841988,-3.494975026453194,-1.3162370160712817
right,9.15,1787652119771508096,1787652119767024896,7317,4.4832,-25.54647604090118,-11.36776473241176,-13.305524761966762,2.6702399630601747,-3.6604703544716806,-1.359396488574849
right,9.16,1787652119781508096,1787652119776912930,7324,4.595166,-27.88248024265406,-11.707570541956978,-14.104658781480707,2.8218611753442264,-3.9006930949081524,-1.4236257119888225
right,9.17,1787652119791508096,1787652119786965992,7333,4.542104,-28.711721219892507,-11.545298608994397,-14.395791991119724,2.880801505466242,-3.9733056738169976,-1.4442577586693375
right,9.18,1787652119801508096,1787652119797072748,7341,4.435348,-26.970992455371643,-10.884078089850977,-14.353960919201677,2.7799667356396935,-3.7480198655704924,-1.383725129627867
right,9.19,1787652119811508096,1787652119806938941,7349,4.569155,-24.142228791228042,-9.822315511254777,-12.368343176138715,2.627122145031671,-3.4350895573938267,-1.3006123344388036
right,9.2,1787652119821508096,1787652119816953155,7357,4.554941,-21.59415931392323,-8.89822171102987,-10.725098714662266,2.439946706078107,-3.0761283601921514,-1.2012939527203828
right,9.21,1787652119831508096,1787652119827153232,7364,4.354864,-21.432163055614925,-9.020764037714828,-11.07081042760796,2.419199315519027,-3.014449542108289,-1.1855264573239228
right,9.22,1787652119841508096,1787652119836899455,7372,4.608641,-24.221138128340126,-10.389880457875705,-11.855874002180768,2.6276705818029784,-3.324631847831643,-1.2692571237793495
right,9.23,1787652119851508096,1787652119846872490,7381,4.635606,-27.296706874979435,-11.317061446228998,-13.743293124493293,2.8404383198345653,-3.641164403479172,-1.3561795370716703
right,9.24,1787652119861508096,1787652119857180288,7388,4.327808,-29.62644777596366,-12.114436591370485,-15.338336967559474,3.0250148571791526,-3.9221337479556655,-1.434221002111339
right,9.25,1787652119871508096,1787652119866831346,7396,4.67675,-31.097064613482022,-14.13519851631145,-16.07148277655043,3.206586084115137,-4.163415713923833,-1.5043902462859742
right,9.26,1787652119881508096,1787652119876815863,7405,4.692233,-30.64473542517244,-14.602304550924648,-15.698120687303504,3.231494378230861,-4.151429957133593,-1.5045138978865331
right,9.27,1787652119891508096,1787652119886890615,7413,4.617481,-28.64933685877895,-13.36302659030864,-14.454348539908857,3.074906861751905,-3.845627224870338,-1.427100867827342
right,9.28,1787652119901508096,1787652119896854729,7421,4.653367,-24.99085239943307,-11.52913227410147,-12.938415260440657,2.7852108827413993,-3.3247478503199295,-1.297710993960617
right,9.29,1787652119911508096,1787652119907069228,7428,4.438868,-21.86826323925322,-10.50141251264128,-12.43280376351128,2.539202430746987,-2.902848505089207,-1.1963188412971522
right,9.3,1787652119921508096,1787652119916866965,7437,4.641131,-23.236215398140573,-11.331959731974521,-11.509012606072758,2.5835323371977705,-2.980794453851929,-1.2201028747253688
right,9.31,1787652119931508096,1787652119927117678,7446,4.390418,-25.359978991023503,-11.363417270467895,-12.07232487702323,2.668376840754954,-3.109967955862911,-1.2422627325923947
right,9.32,1787652119941508096,1787652119936841808,7454,4.666288,-27.450453520481254,-11.004457511400288,-12.807606842111182,2.771559568002279,-3.3073910401840108,-1.276279679596033
right,9.33,1787652119951508096,1787652119946921285,7462,4.586811,-29.19239994593103,-11.82308771965168,-14.269513017700282,2.877022394481509,-3.5757863051010434,-1.3358025309043522
right,9.34,1787652119961508096,1787652119957558959,7469,3.949137,-31.670036816155847,-11.791358372091935,-15.315762713092804,2.9893429185290707,-3.8762759171877583,-1.4199524575745526
right,9.35,1787652119971508096,1787652119966999489,7476,4.508607,-32.14307344997515,-14.337922793152012,-15.815803726416306,3.1054215983611195,-4.094060175497318,-1.4831544503162102
right,9.36,1787652119981508096,1787652119976831998,7487,4.676098,-31.727751464445664,-16.111985112825472,-16.016477832790667,3.1404257496733434,-4.155565375137501,-1.5062087396783919
right,9.37,1787652119991508096,1787652119986825061,7492,4.683035,-31.369956303942043,-14.897693259474291,-15.449108019804626,3.053442423113199,-4.061497985703371,-1.493148427928936
right,9.38,1787652120001508096,1787652119996821281,7501,4.686815,-29.490991652361906,-12.053737734293938,-14.750682551691549,2.8350409164222974,-3.7416387310167862,-1.4185611049631737
right,9.39,1787652120011508096,1787652120007015262,7508,4.492834,-25.062847413582084,-11.072056606529259,-12.62687967271746,2.5272010132800005,-3.232271100005073,-1.2983979795703227
right,9.4,1787652120021508096,1787652120016863747,7516,4.644349,-22.476835476563394,-9.835553371869992,-10.964794472631569,2.2679968679576588,-2.837724427105769,-1.207270545162594
right,9.41,1787652120031508096,1787652120026837701,7524,4.670395,-22.686855354944733,-9.672339997942327,-10.950706718394908,2.2256184365003078,-2.7793618567481753,-1.2040646597215425
right,9.42,1787652120041508096,1787652120036813195,7533,4.694901,-23.300557092243867,-8.801360489531051,-11.290585759079342,2.2109123785556637,-2.756766524117989,-1.2052434928866316
right,9.43,1787652120051508096,1787652120046885594,7541,4.622502,-22.899487304768616,-9.195819334514505,-11.427185312687199,2.191617966916883,-2.71653017904985,-1.2002354682264027
right,9.44,1787652120061508096,1787652120056864834,7549,4.643262,-23.775204201493104,-10.044476535232544,-10.938534087322946,2.260001571326635,-2.826123099095652,-1.2363375189611714
right,9.45,1787652120071508096,1787652120066847196,7558,4.6609,-24.167801894789708,-10.06839122366597,-11.308364135079174,2.2682699623737554,-2.8477155763816286,-1.2442175979459313
right,9.46,1787652120081508096,1787652120076874619,7566,4.633477,-24.259042278495567,-10.566004877431546,-11.748216240128901,2.2785218301511847,-2.8714042276146814,-1.2400143040719254
right,9.47,1787652120091508096,1787652120086890221,7572,4.617875,-24.065507812257714,-11.484254901143368,-12.191255397810561,2.293306911137519,-2.9084653847535558,-1.2287472954067846
right,9.48,1787652120101508096,1787652120096808506,7581,4.69959,-25.454004308117295,-11.647972122571174,-11.715395920240846,2.344048346390052,-3.049052962288128,-1.2281851224580662
right,9.49,1787652120111508096,1787652120107383684,7588,4.124412,-26.68995961779449,-12.390670370668493,-11.539817235443032,2.4325882473659672,-3.2115952732605475,-1.222147619191526
right,9.5,1787652120121508096,1787652120116808028,7597,4.700068,-27.048924517002092,-13.353604605220967,-12.345798718553048,2.5018940617325454,-3.3069308304641005,-1.1930802057194074
right,9.51,1787652120131508096,1787652120126829737,7605,4.678359,-27.944108096429538,-13.471663954090245,-13.164854282621567,2.5669640952539106,-3.4126815709514053,-1.161703035282641
right,9.52,1787652120141508096,1787652120136782597,7613,4.725499,-28.478667672706916,-13.93880007358521,-13.59422890609626,2.6353662311994115,-3.5148591147437354,-1.1492132203797465
right,9.53,1787652120151508096,1787652120146908758,7620,4.599338,-28.607197951015515,-15.686456025855927,-13.764834851067391,2.719499244798286,-3.629266906749993,-1.1647334100358004
right,9.54,1787652120161508096,1787652120156904129,7628,4.603967,-28.93410281149523,-16.265214077341206,-14.403797882445456,2.772332924041832,-3.685790601670891,-1.1765356044516586
right,9.55,1787652120171508096,1787652120167051071,7637,4.457025,-29.69276738139087,-16.018027770545327,-14.74511810623068,2.8242305965616183,-3.754734649029881,-1.1985089673265885
right,9.56,1787652120181508096,1787652120176799582,7644,4.708514,-29.984514070547604,-16.23501914808893,-15.349500959696371,2.861513034182489,-3.8012350821047916,-1.209616851425936
right,9.57,1787652120191508096,1787652120187081084,7652,4.427012,-30.276368830248654,-16.055390930675614,-15.663651248147348,2.88160734022016,-3.819410706520386,-1.209548902242205
right,9.58,1787652120201508096,1787652120196820065,7662,4.688031,-30.7782312005262,-16.10687768984591,-15.424419951476091,2.9191016102047453,-3.8565473931305037,-1.2138207241591359
right,9.59,1787652120211508096,1787652120207235110,7669,4.272986,-31.3464068169999,-16.788557241547764,-14.824934399656236,2.9836142553555547,-3.9292364248507874,-1.222522646598748
right,9.6,1787652120221508096,1787652120217084211,7676,4.423885,-31.82471236161411,-16.39117647249595,-15.172896054246454,2.9964258562590915,-3.9440415692281188,-1.2226833972621902
right,9.61,1787652120231508096,1787652120227021147,7685,4.486949,-32.76003615858785,-14.193950266311392,-15.878277163305645,2.962333496339706,-3.9266687663140467,-1.2128058380053077
right,9.62,1787652120241508096,1787652120236872877,7695,4.635219,-33.066923875813345,-12.917747049163232,-14.980734898013488,2.9385356189992993,-3.9085190050970824,-1.205221991550669
right,9.63,1787652120251508096,1787652120247068009,7701,4.440087,-29.62308926262462,-16.18908766498694,-13.39954318272137,2.9043398623729755,-3.7705855605904826,-1.1720015728426527
right,9.64,1787652120261508096,1787652120257137082,7709,4.371014,-27.505334002410475,-16.106031787251162,-11.598824227975559,2.783961463141747,-3.555342574753394,-1.1140963282942693
right,9.65,1787652120271508096,1787652120266837317,7717,4.670779,-25.397312539580323,-14.108468036676085,-10.508797443659617,2.572354344970242,-3.2303993041966415,-1.0214252402583137
right,9.66,1787652120281508096,1787652120276856757,7725,4.651339,-23.64380966382121,-12.4069934705501,-9.342196056415428,2.378077208378297,-2.936761220956403,-0.9391616356820705
right,9.67,1787652120291508096,1787652120286848572,7733,4.659524,-22.28237156574379,-13.012286849711172,-7.531810551883084,2.2822860641463723,-2.791140598027507,-0.8945791961246228
right,9.68,1787652120301508096,1787652120296992738,7741,4.515358,-20.112703451254397,-13.09817541381963,-6.972548667958066,2.136705239677014,-2.56726590569684,-0.8358348325453834
right,9.69,1787652120311508096,1787652120307338935,7749,4.169161,-18.71033060763229,-11.88140965452034,-6.2456863975562396,1.9894437989747624,-2.3779396677451223,-0.7953265101603422
right,9.7,1787652120321508096,1787652120316896616,7756,4.61148,-18.634338356268156,-9.939304218668529,-4.878137677126405,1.8902832268554837,-2.2922810494331007,-0.774822715965261
right,9.71,1787652120331508096,1787652120327066407,7765,4.441689,-18.433809378628357,-8.243585912945019,-4.162196416691952,1.813632344134818,-2.2183458378106238,-0.7582183455894306
right,9.72,1787652120341508096,1787652120336863886,7772,4.64421,-18.077655991329483,-7.347559553894503,-3.0189812828536713,1.7703583418875097,-2.1730816605453382,-0.7507515966595758
right,9.73,1787652120351508096,1787652120346800889,7781,4.707207,-17.526957230223402,-7.019057308012441,-2.4812794059583965,1.732257442618436,-2.1085273777281603,-0.7303473409234471
right,9.74,1787652120361508096,1787652120357078999,7789,4.429097,-17.033757066838064,-6.634177478043922,-2.3409356724014625,1.680642104380432,-2.047616366354669,-0.7149013296072159
right,9.75,1787652120371508096,1787652120366840611,7797,4.667485,-15.39784441634249,-8.575326873592655,-1.7972786420863613,1.6596749883485924,-1.9999221092470534,-0.6997094044125188
right,9.76,1787652120381508096,1787652120376863060,7804,4.645036,-14.14608935871441,-9.714334703576778,-1.4714562726749625,1.6162215578870052,-1.9186305357940965,-0.6784316326297104
right,9.77,1787652120391508096,1787652120386853896,7813,4.6542,-14.441347425295088,-8.665577603548217,-0.47738493281211447,1.5605551499213675,-1.880045457166524,-0.6671632323695288
right,9.78,1787652120401508096,1787652120396838073,7821,4.670023,-14.67542038884129,-7.757009542483761,0.09273235007300507,1.5068248739356898,-1.831484322415029,-0.6548929017843473
right,9.79,1787652120411508096,1787652120407197609,7828,4.310487,-14.783472707139707,-7.569232083900326,0.2012766146526861,1.494105596254041,-1.8065795017062682,-0.6499712945003968
right,9.8,1787652120421508096,1787652120416801647,7837,4.706449,-15.077604611911612,-7.660548918781623,0.17880556166578288,1.5118186444102384,-1.823935619654938,-0.6593618869203128
right,9.81,1787652120431508096,1787652120426822495,7844,4.685601,-15.716236537155043,-8.635097875366593,0.4630533377912034,1.5888655126873494,-1.941037710827144,-0.6880908981417584
right,9.82,1787652120441508096,1787652120436878056,7852,4.63004,-16.33812154449261,-10.172794961103804,0.34282367350718523,1.6878025259725766,-2.0895748225908894,-0.7249299869930728
right,9.83,1787652120451508096,1787652120446839611,7862,4.668485,-17.15589362336134,-10.100388023451087,-0.1355461834732452,1.7422778355365942,-2.1652079564667934,-0.7431162260974101
right,9.84,1787652120461508096,1787652120456869814,7869,4.638282,-17.640756672158034,-10.484033075453205,-1.0283637666545768,1.8084215626108293,-2.2406668973041586,-0.7516272379896682
right,9.85,1787652120471508096,1787652120466937979,7876,4.570117,-18.05699056346356,-10.920466396273014,-1.2607763474173321,1.865649376337593,-2.30973337724097,-0.7632180496606895
right,9.86,1787652120481508096,1787652120476878624,7884,4.629472,-18.41926155605996,-11.338524836087839,-1.8745023013897502,1.9061119816523782,-2.3585717364985297,-0.7756407001461347
right,9.87,1787652120491508096,1787652120486879444,7892,4.628652,-19.147119454109422,-12.419342806116463,-1.6755262216093278,1.9958223666565051,-2.47821856801652,-0.8036190459576386
right,9.88,1787652120501508096,1787652120496860972,7901,4.647124,-19.584101278960038,-12.24933685717879,-2.043939030611307,2.0123458886867356,-2.4905973666471644,-0.8107223580764841
right,9.89,1787652120511508096,1787652120507164037,7910,4.344059,-20.29399551467184,-11.928522832677103,-2.396606999169933,2.033840188841933,-2.514612959819205,-0.8177732682966957
right,9.9,1787652120521508096,1787652120517064185,7916,4.443911,-20.88841606952358,-13.19169210789631,-2.0037657611629403,2.103316876364195,-2.608931563067459,-0.8343143337848571
right,9.91,1787652120531508096,1787652120526828551,7925,4.679545,-20.84456968983785,-14.091530194807689,-1.9684761800710895,2.131242041655916,-2.6314096188345433,-0.8332328714676709
right,9.92,1787652120541508096,1787652120536834281,7933,4.673815,-20.302972683232127,-13.056414450905413,-2.928637923334442,2.0627086081622887,-2.5267899358357906,-0.805764330836157
right,9.93,1787652120551508096,1787652120547028577,7940,4.479519,-20.86966324153147,-12.242401395298751,-2.742180150003634,2.059494356568963,-2.557430441957354,-0.8128575050613119
right,9.94,1787652120561508096,1787652120556908257,7951,4.599839,-20.604568220396587,-12.252758106370857,-2.92890671971006,2.0346895754919982,-2.560569340995748,-0.8126567179279759
right,9.95,1787652120571508096,1787652120566858266,7959,4.64983,-19.2659281436072,-12.16767659539787,-3.4092567742414666,1.9221190063066307,-2.44714291347176,-0.7882236381334964
right,9.96,1787652120581508096,1787652120576889438,7965,4.618658,-18.08957957714016,-11.291538704454691,-2.681004361165071,1.7873026305873951,-2.335374721764632,-0.7602324742846683
right,9.97,1787652120591508096,1787652120586833939,7973,4.674157,-17.6535189397118,-10.439454298101042,-1.622164228432661,1.7232882626646362,-2.3072516133126038,-0.7448669503974577
right,9.98,1787652120601508096,1787652120596830259,7981,4.677837,-16.415018069508577,-11.741640375272167,-0.43860759124914495,1.684008994959783,-2.2770232335293707,-0.7266573628871147
right,9.99,1787652120611508096,1787652120606995100,7988,4.512996,-16.308531897613154,-12.284487874310507,0.30610377901693653,1.6583616199285753,-2.3004212663306354,-0.7266867740757801
right,10.0,1787652120621508096,1787652120616834375,7996,4.673721,-15.374429441521416,-11.77261266747113,0.3418831497986172,1.5574415897958611,-2.2021248078185574,-0.7106740976932067
right,10.01,1787652120631508096,1787652120626909220,8006,4.598876,-15.352484634001046,-10.270985910282755,0.5589035865296239,1.468516897863661,-2.1505331698960424,-0.7016707849669949
right,10.02,1787652120641508096,1787652120636828459,8013,4.679637,-16.508806099898845,-8.587702853062149,1.364372540943421,1.4427095724285353,-2.206507119225858,-0.716237561796712
right,10.03,1787652120651508096,1787652120646845915,8020,4.662181,-17.685073107149734,-8.191453394585269,2.25810020311682,1.4882683685779718,-2.3289700369494444,-0.738285777744496
right,10.04,1787652120661508096,1787652120656966375,8029,4.541721,-16.347885963350432,-10.348521829629675,2.1075240456090363,1.5129913108801714,-2.3297619424719325,-0.7412662184164741
right,10.05,1787652120671508096,1787652120666835566,8039,4.67253,-15.171410320027524,-11.632623077745254,1.9978376177776127,1.489460709948141,-2.2818869270414512,-0.7315535856690649
right,10.06,1787652120681508096,1787652120676842223,8044,4.665873,-15.33560993400236,-11.093953172448142,2.6479677196752434,1.443684836922416,-2.2547492420571924,-0.7261516216672499
right,10.07,1787652120691508096,1787652120686861222,8053,4.646874,-15.906249671830379,-11.400569917852438,3.6624791481763417,1.460224102952899,-2.2929257986820164,-0.7353614422692267
right,10.08,1787652120701508096,1787652120696834866,8061,4.67323,-16.610133685301683,-11.330217473322914,3.8645484136366584,1.4667603188068976,-2.315875899306778,-0.7370253678189269
right,10.09,1787652120711508096,1787652120707188380,8069,4.319716,-16.991734814357187,-11.787473786071494,4.242944905474005,1.4901288339289525,-2.340021426055526,-0.7480523856602961
right,10.1,1787652120721508096,1787652120716873676,8076,4.63442,-17.14698773253803,-11.81889960604872,4.5340049243934715,1.5006338394037377,-2.346204608104382,-0.7491452915753716
right,10.11,1787652120731508096,1787652120726819575,8087,4.688521,-17.332782382564748,-12.067286190658452,5.119864469264652,1.523571936783184,-2.371281185074178,-0.7554730219597408
right,10.12,1787652120741508096,1787652120736840545,8093,4.667551,-17.258937054294613,-12.294792097982235,5.384857622068331,1.528265120690717,-2.365315307455562,-0.7538334015746537
right,10.13,1787652120751508096,1787652120746809354,8102,4.698742,-17.266941919489504,-12.659013096396693,6.096101166557542,1.5471069860949473,-2.3709342673210534,-0.7461426686453325
right,10.14,1787652120761508096,1787652120756901132,8109,4.606964,-17.802339879569992,-13.238367761298377,6.85747439551216,1.5923356692855086,-2.4256472708986196,-0.752707091491394
right,10.15,1787652120771508096,1787652120766816032,8116,4.692064,-18.20684433073322,-13.691736258508474,7.443839401126407,1.6296888183706146,-2.474444519368174,-0.7588797509360168
right,10.16,1787652120781508096,1787652120777122869,8124,4.385227,-17.584808950950926,-13.536918689256854,7.319050829620034,1.5995946863801427,-2.4075015479920596,-0.7452333149294617
right,10.17,1787652120791508096,1787652120786845849,8134,4.662247,-17.961840324412677,-13.415495498232858,8.333341090583762,1.6043223071412371,-2.414129082161895,-0.7480876373727994
right,10.18,1787652120801508096,1787652120796875664,8141,4.632432,-18.693077220452047,-14.150407708673772,9.445507549837238,1.6620538826908564,-2.501348837459311,-0.7661052544786242
right,10.19,1787652120811508096,1787652120807319814,8148,4.188282,-19.12201091528324,-14.711324268169843,9.939595060512499,1.7079537329626675,-2.5616815168969276,-0.7786820632121201
right,10.2,1787652120821508096,1787652120816835737,8157,4.672359,-19.41419392763941,-14.638268607269685,9.961615657489382,1.7316553505811945,-2.578832690125903,-0.781870959174862
right,10.21,1787652120831508096,1787652120826969558,8166,4.538538,-19.103450015531905,-14.735328667788618,10.509534650791704,1.7341578613206328,-2.5595607898366834,-0.7722690197290145
right,10.22,1787652120841508096,1787652120836843868,8173,4.664228,-19.321200303516274,-14.633408266242622,11.635644341614809,1.7491730197077535,-2.569608553817999,-0.7669552412521201
right,10.23,1787652120851508096,1787652120846855539,8180,4.652557,-18.833840671104024,-14.751977507959378,12.062160484562913,1.7200139287885134,-2.5277837795084577,-0.752907255971347
right,10.24,1787652120861508096,1787652120856976915,8190,4.531181,-16.54416253699118,-14.300129141109633,12.167104346984079,1.5760319081763587,-2.3009451327444737,-0.7085514508452313
right,10.25,1787652120871508096,1787652120866838200,8197,4.669896,-16.028098440240115,-13.653730614006571,14.476004290010092,1.5110970280278189,-2.1987736433684555,-0.6869155568939147
right,10.26,1787652120881508096,1787652120876819908,8205,4.688188,-14.460491354490191,-13.058843648998682,15.956509024807364,1.379033004776441,-1.9923999145532645,-0.6482600083367029
right,10.27,1787652120891508096,1787652120886874118,8214,4.633978,-12.611503451015896,-12.778981233092129,16.43291919337352,1.2373095470394162,-1.7578928650633219,-0.5986893769543999
right,10.28,1787652120901508096,1787652120896844228,8221,4.663868,-11.721494041135111,-12.325854691992632,17.282202037833756,1.1603861769309107,-1.6235570641580255,-0.574485896927726
right,10.29,1787652120911508096,1787652120907312239,8229,4.195857,-10.589693195836988,-11.759907220113528,18.622333360420225,1.0818341192988856,-1.4724443359871175,-0.5448332746652831
right,10.3,1787652120921508096,1787652120917083994,8236,4.424102,-8.898241621854998,-10.977529808231825,19.87057409979169,0.9888697778146986,-1.2752140803119243,-0.5064646070863532
right,10.31,1787652120931508096,1787652120926906271,8245,4.601825,-8.188931823028918,-10.24996762059904,21.84424770472153,0.9436184411850439,-1.1457891525942108,-0.47624852232012693
right,10.32,1787652120941508096,1787652120936890429,8253,4.617667,-6.722264275765559,-9.777463623105795,21.849991224897472,0.853942145316974,-0.9285276159963756,-0.42637890486738605
right,10.33,1787652120951508096,1787652120946817668,8261,4.690428,-6.877370132568691,-9.662934183921893,21.48828415200724,0.8676226085727978,-0.898896599209495,-0.4118557620980936
right,10.34,1787652120961508096,1787652120956986079,8269,4.522017,-8.31924973192394,-9.593927957330195,21.377563502892173,0.9557575960504141,-1.0187468609163002,-0.4268167372629579
right,10.35,1787652120971508096,1787652120967003794,8278,4.504302,-9.3578766691621,-9.336481146244875,20.823128168833115,1.035649026980039,-1.1323337129480588,-0.44780673393525827
right,10.36,1787652120981508096,1787652120976987473,8284,4.520623,-9.767742703424073,-9.884554351667859,19.864918850111824,1.108588820510224,-1.2281624130086293,-0.46688997262586796
right,10.37,1787652120991508096,1787652120986916178,8294,4.591918,-11.486154048819646,-11.149755189478778,19.758881011175042,1.2605908933648102,-1.4917082467511555,-0.5130870690804186
right,10.38,1787652121001508096,1787652120997015891,8301,4.492205,-13.171859004726388,-11.13756648323698,18.187222020426727,1.3637772065390021,-1.6904113082596766,-0.5460531844859899
right,10.39,1787652121011508096,1787652121007350556,8308,4.15754,-14.03255624891223,-12.810304439634606,17.353567237251706,1.509864592606782,-1.8930440424206925,-0.5817671600278354
right,10.4,1787652121021508096,1787652121017015060,8317,4.493036,-15.855229386879799,-12.598179526655805,16.569331936816802,1.6322671520176923,-2.0668171821031587,-0.6049213646669773
right,10.41,1787652121031508096,1787652121027036197,8327,4.471899,-16.730777314156157,-12.932678401186147,15.790304098471356,1.7138112353259538,-2.18259398613336,-0.6201865073844943
right,10.42,1787652121041508096,1787652121036873814,8335,4.634282,-18.33064952975055,-13.70852113655914,15.683057221677059,1.8462421366619057,-2.380907618493848,-0.653559506183542
right,10.43,1787652121051508096,1787652121046842162,8340,4.665934,-19.35687837908982,-15.166501898233918,14.501120368846644,1.9640312124099073,-2.565073544307844,-0.6769543868614425
right,10.44,1787652121061508096,1787652121056848580,8349,4.659516,-20.566758022714584,-16.039588492542425,14.08424969283676,2.0733128678907864,-2.7466584949906223,-0.6994355582824314
right,10.45,1787652121071508096,1787652121066872010,8356,4.636086,-21.916071966084154,-16.228009360510704,13.068743036469101,2.1677503307277495,-2.9028089086710684,-0.7127643917420488
right,10.46,1787652121081508096,1787652121077004081,8364,4.504015,-23.16968892664682,-16.410099963570822,12.561037234359846,2.2700249454752415,-3.064423825334072,-0.7280881544959796
right,10.47,1787652121091508096,1787652121086826567,8373,4.681529,-23.435469041648936,-17.709180562528413,12.202999037500462,2.3865092013000844,-3.172533236384978,-0.7350850603726393
right,10.48,1787652121101508096,1787652121096946195,8381,4.561901,-23.161468969237475,-16.97748351507906,12.297897483779003,2.388382623550549,-3.112556696644674,-0.7092234764467111
right,10.49,1787652121111508096,1787652121107266600,8389,4.241496,-22.039135952503283,-15.938272509541243,13.516639163660606,2.3283561040733742,-2.9645126227648264,-0.6768109561149163
right,10.5,1787652121121508096,1787652121116797801,8396,4.710295,-19.708642520378515,-14.93617689731476,13.756177849908696,2.179196669346215,-2.67368859730896,-0.6150348283676483
right,10.51,1787652121131508096,1787652121126879507,8404,4.628589,-18.435053380645716,-14.015550413537078,14.026736693332019,2.066859656415841,-2.461644643972409,-0.5703505810972411
right,10.52,1787652121141508096,1787652121137074935,8413,4.433161,-17.874781203367135,-14.02965150067869,14.86735259113993,2.030449152998734,-2.373889455439589,-0.5466628634005799
right,10.53,1787652121151508096,1787652121147097934,8421,4.410162,-17.03818475132289,-13.952548788584217,14.766669774025427,1.981155064575006,-2.275364416657313,-0.5252922706664469
right,10.54,1787652121161508096,1787652121156876179,8429,4.631917,-17.237067790026003,-13.811495847540487,14.994334096490242,1.992751308001792,-2.279492220826752,-0.5215478581551714
right,10.55,1787652121171508096,1787652121166852470,8437,4.655626,-17.380347711202056,-13.641699419475078,14.901735955807798,2.0067980606892357,-2.2896160624004924,-0.5175497489485308
right,10.56,1787652121181508096,1787652121176842748,8444,4.665348,-16.751384910659457,-13.167874410831706,14.224929431794312,1.9652317220496622,-2.2137931243094133,-0.4990273751073955
right,10.57,1787652121191508096,1787652121186867294,8454,4.640802,-16.132394520473692,-12.683730121042576,15.09580118563362,1.9281619151148823,-2.1521308043192917,-0.4865955202736829
right,10.58,1787652121201508096,1787652121196872149,8461,4.635947,-15.55132725220215,-12.216264496364229,16.123057487262628,1.878462368787525,-2.0744728854871575,-0.47386749782016624
right,10.59,1787652121211508096,1787652121207236727,8470,4.271369,-14.351764436181663,-11.366169534341916,15.959809259743455,1.758327621611671,-1.8965260428182225,-0.4424789237150115
right,10.6,1787652121221508096,1787652121216864276,8477,4.64382,-13.570137158798111,-10.257002956473679,16.55673100704214,1.6573218237424119,-1.7575476998170432,-0.418313853273689
right,10.61,1787652121231508096,1787652121226910373,8486,4.597723,-13.598430317784928,-10.309983627185455,17.277373291800693,1.6394467564538715,-1.7458185395070398,-0.41417298142611303
right,10.62,1787652121241508096,1787652121236910268,8495,4.597828,-14.153292171591033,-10.086324409045456,17.210619583827857,1.642537372648441,-1.7801469954283506,-0.4198044222235062
right,10.63,1787652121251508096,1787652121246842039,8501,4.666057,-14.23884086955493,-10.14849374996679,16.7606244976451,1.6242112859347724,-1.78391491511319,-0.41840153051237994
right,10.64,1787652121261508096,1787652121257002821,8509,4.505275,-14.450784707387808,-10.760371979822938,16.42077604994323,1.63871482476735,-1.8458537868106148,-0.4310568277099831
right,10.65,1787652121271508096,1787652121267056340,8516,4.451756,-14.90489103270397,-10.828042107707871,16.16895663620598,1.634726391899672,-1.9006449396758507,-0.4402377002909883
right,10.66,1787652121281508096,1787652121276896961,8524,4.611135,-15.549119019927147,-10.87300417088819,15.869117412757713,1.6456341583661527,-1.9622985817187497,-0.4474888229682119
right,10.67,1787652121291508096,1787652121286855810,8532,4.652286,-16.134456083335966,-10.876964146068723,15.622276579104186,1.661096507277856,-2.0121788562325884,-0.4487223003295664
right,10.68,1787652121301508096,1787652121296911013,8542,4.597083,-16.709976549491405,-11.444710554079652,15.268987370161582,1.701652401081292,-2.090195898853739,-0.4552515364075542
right,10.69,1787652121311508096,1787652121307388742,8549,4.119354,-17.147531638757933,-11.875338405476793,15.025274426484875,1.7250865163072904,-2.148635150189384,-0.4521306285585669
right,10.7,1787652121321508096,1787652121316844680,8558,4.663416,-17.757860740950395,-11.830737585987151,14.800750655444485,1.7436851760389902,-2.201166867691525,-0.4352528835460038
right,10.71,1787652121331508096,1787652121326969729,8565,4.538367,-18.334934014736813,-11.923902182556184,14.52149274567309,1.7661438496172763,-2.255336498433219,-0.40219259109612515
right,10.72,1787652121341508096,1787652121336800399,8572,4.707697,-18.463297953095203,-12.298442166479088,14.353107288532021,1.7721205323441374,-2.2835751966900957,-0.36900978802307827
right,10.73,1787652121351508096,1787652121346806718,8580,4.701378,-18.795086590245056,-12.20391145258693,14.209507259487099,1.7686362775024407,-2.3062573679736116,-0.3418970300749592
right,10.74,1787652121361508096,1787652121356944681,8588,4.563415,-18.902403897027483,-12.519224191961277,13.621860063189654,1.7723328405488503,-2.3254088124986323,-0.32294217861833574
right,10.75,1787652121371508096,1787652121366917883,8596,4.590213,-19.521832728634184,-12.060731678679913,13.551267292899038,1.771573936247438,-2.3547556174091895,-0.30805110069952574
right,10.76,1787652121381508096,1787652121376945742,8604,4.562354,-19.449801249617032,-12.34950921739276,13.574689464215798,1.770211557926237,-2.355365452809128,-0.29654847451473143
right,10.77,1787652121391508096,1787652121386814211,8612,4.693885,-19.65478955714511,-12.1417145566467,13.560041308796617,1.76412334150732,-2.3539315185235434,-0.29306971668514403
right,10.78,1787652121401508096,1787652121396881436,8621,4.62666,-19.942699573453723,-11.47144641226745,13.604994145999576,1.739803014685391,-2.3372004572501113,-0.2949933717918747
right,10.79,1787652121411508096,1787652121407182159,8629,4.325937,-20.180412101058177,-11.416403329657946,13.976939409395843,1.740153056922803,-2.3524269655406105,-0.3018187938105632
right,10.8,1787652121421508096,1787652121416866728,8638,4.641368,-20.106213135741168,-11.210338394559637,13.897139065238585,1.7187222994551823,-2.3327192023590126,-0.3022758007915264
right,10.81,1787652121431508096,1787652121426830148,8644,4.677948,-19.94347287200289,-10.96721820687303,13.862754819910446,1.690605660762632,-2.2979804355463043,-0.2968120492655123
right,10.82,1787652121441508096,1787652121436880090,8652,4.628006,-20.260369277244127,-10.976008439331892,13.611699179331305,1.6996882889885265,-2.324050850838074,-0.3007104693883913
right,10.83,1787652121451508096,1787652121446858074,8660,4.650022,-20.586022933685506,-10.94649470511738,13.448644472469116,1.703896697372227,-2.3472699484396804,-0.30380874896071575
right,10.84,1787652121461508096,1787652121456858541,8668,4.649555,-20.797363603336045,-10.798693148342494,13.366726963506618,1.697471865704374,-2.3559317302618528,-0.3075825998929052
right,10.85,1787652121471508096,1787652121466963658,8676,4.544438,-20.93440049302647,-10.660938446822419,13.33565048376767,1.6877877879545768,-2.355005798575741,-0.3029356684976672
right,10.86,1787652121481508096,1787652121476895892,8684,4.612204,-20.97806533333336,-10.488073441034564,13.327348288634791,1.6723649345887572,-2.348432146559506,-0.2960017679518001
right,10.87,1787652121491508096,1787652121487085754,8692,4.422342,-20.790169518602337,-10.67286007106745,13.322713954759447,1.6624277414300455,-2.3412354193616842,-0.29560417040462295
right,10.88,1787652121501508096,1787652121496889325,8701,4.618771,-20.81110139972099,-10.400376066917795,13.326516782471534,1.6480160863797728,-2.331633029490818,-0.28996771575212504
right,10.89,1787652121511508096,1787652121506826886,8708,4.68121,-20.85121555223116,-10.116850500495545,13.334147746691698,1.6349125981245738,-2.325970038212526,-0.2856477469751729
right,10.9,1787652121521508096,1787652121516854280,8716,4.653816,-20.413480217018975,-10.653395148354946,13.333090012937765,1.63355450672156,-2.3168031344250175,-0.28309876013217544
right,10.91,1787652121531508096,1787652121526904704,8724,4.603392,-20.459962290666944,-10.339424159423983,13.318632040689486,1.6254204709908915,-2.3131138893468117,-0.27997220047032645
right,10.92,1787652121541508096,1787652121537069220,8732,4.438876,-20.057087396023757,-10.849681100540852,13.304876110526783,1.6321837436726356,-2.30644381573799,-0.2784425524656722
right,10.93,1787652121551508096,1787652121546830405,8741,4.677691,-19.512438264675907,-11.394675512687305,13.344173929280405,1.6353508635813367,-2.2832206946289126,-0.27300660396102266
right,10.94,1787652121561508096,1787652121557063933,8748,4.444163,-18.838042118513197,-12.399134898904808,13.3074180232775,1.6666758238893968,-2.2756824855193027,-0.270936430514921
right,10.95,1787652121571508096,1787652121567021251,8758,4.486845,-19.46773787651565,-11.409384494842906,13.022795349357752,1.680357554271156,-2.276200525239921,-0.27136505796899246
right,10.96,1787652121581508096,1787652121576923915,8766,4.584181,-20.91730473962561,-8.92343689305526,13.035479996591121,1.6756149441876858,-2.2913155362836863,-0.27367723035674313
right,10.97,1787652121591508096,1787652121587060710,8772,4.447386,-20.825018735386266,-8.917270641746928,13.031091482845255,1.691137769441301,-2.291066199828207,-0.27638644181785443
right,10.98,1787652121601508096,1787652121596816525,8782,4.691571,-20.762168758179875,-8.904064355369227,13.025037170003223,1.7020410108635204,-2.291013467747037,-0.2769805304731719
right,10.99,1787652121611508096,1787652121607324921,8789,4.183175,-20.437650446935447,-9.244171504059086,13.223122424605394,1.7203033368693372,-2.2984349027977666,-0.2781439626454364
right,11.0,1787652121621508096,1787652121616806897,8797,4.701199,-20.34331980984066,-9.49880989074065,12.930457004907229,1.731811118337884,-2.2973525166740902,-0.2818482354144888
right,11.01,1787652121631508096,1787652121626935115,8804,4.572981,-20.30293495432212,-9.713296833175553,13.06166256283674,1.7570179302304598,-2.3242847860530427,-0.2869062025284145
right,11.02,1787652121641508096,1787652121636841265,8812,4.666831,-20.53517574351364,-9.95719006902348,12.782261039968294,1.794455375001537,-2.368666031239498,-0.29229115669009464
right,11.03,1787652121651508096,1787652121646851070,8821,4.657026,-20.909658205268144,-10.221154562074975,12.453083808508286,1.8288266992936733,-2.4127780593549413,-0.2992760753976554
right,11.04,1787652121661508096,1787652121656883918,8829,4.624178,-21.034275284266204,-10.333996316837274,12.26989698436495,1.8503948546978406,-2.4350924753433554,-0.3048105370099962
right,11.05,1787652121671508096,1787652121667009006,8837,4.49909,-21.252944133287276,-10.461393854834002,12.09398298181229,1.8682901295624559,-2.456945908915659,-0.31185852512399553
right,11.06,1787652121681508096,1787652121677127426,8844,4.38067,-20.870183282232635,-11.352816211447413,12.046386432887445,1.8922589975432058,-2.4725028869446475,-0.3157906712549669
right,11.07,1787652121691508096,1787652121686867267,8853,4.640829,-20.70861485207382,-11.758682125897089,12.041221430846491,1.9056832707272975,-2.475267884732327,-0.3154929344395643
right,11.08,1787652121701508096,1787652121697040126,8860,4.46797,-20.822743955257465,-11.672506260455467,12.031223469765372,1.9090887661802431,-2.480143611943073,-0.31162665613466967
right,11.09,1787652121711508096,1787652121706851117,8869,4.656979,-21.464481623834175,-10.887807297191491,11.963213478768157,1.9108287445589933,-2.4961356954955636,-0.30714614807178914
right,11.1,1787652121721508096,1787652121716954411,8877,4.553685,-21.80515261874641,-10.733897347295047,11.87826323812179,1.923934931523229,-2.515851399528203,-0.30654606815860747
right,11.11,1787652121731508096,1787652121726840145,8884,4.667951,-22.0057981966729,-11.009699877063266,11.705077548795481,1.9485525428547272,-2.5491761939025444,-0.3141860108576302
right,11.12,1787652121741508096,1787652121737097259,8892,4.410837,-22.31258282467078,-11.328914354996584,11.469456584958044,1.976738191940679,-2.596705944525885,-0.3204332797261274
right,11.13,1787652121751508096,1787652121746857584,8902,4.650512,-22.43192571999661,-11.497725438518005,11.348399235213641,1.9887513785108,-2.612286581149546,-0.3221163353598798
right,11.14,1787652121761508096,1787652121757021757,8908,4.486339,-22.499465836683022,-11.595014091268215,11.285988412650372,1.9917564443201003,-2.6144896790296905,-0.32671281128864266
right,11.15,1787652121771508096,1787652121766819319,8917,4.688777,-22.526129243610487,-11.654537132780604,11.286870620752358,1.9868897717801226,-2.607372416366512,-0.32924929046396684
right,11.16,1787652121781508096,1787652121776887753,8924,4.620343,-22.805278564234147,-11.840022953330655,11.154715564568537,1.9992266835928827,-2.6284563246622876,-0.33061104117371864
right,11.17,1787652121791508096,1787652121786827224,8935,4.680872,-22.85164852441329,-11.883490938632047,11.150109022139285,1.987959180594682,-2.613119693096356,-0.32779779615537274
right,11.18,1787652121801508096,1787652121796799921,8943,4.708175,-22.79224527314396,-11.89003500136874,11.206244096772062,1.9613425377228224,-2.5778704736044045,-0.3192574963389062
right,11.19,1787652121811508096,1787652121807015844,8951,4.492252,-22.856106421139497,-11.980254373124822,11.184497527648947,1.9487375597951184,-2.5572896799192635,-0.31336013762082915
right,11.2,1787652121821508096,1787652121816844442,8959,4.663654,-22.896916167504802,-12.037261357091262,11.232119462915055,1.9217125668205732,-2.5181880968675907,-0.30661901651677204
right,11.21,1787652121831508096,1787652121826906032,8964,4.602064,-23.117396994235968,-11.701421635725566,10.82104379842639,1.8905016463225626,-2.475690133710345,-0.3006343720671553
right,11.22,1787652121841508096,1787652121836833719,8973,4.674377,-23.22559586517682,-11.85361535716681,10.992529919439393,1.8682054066546365,-2.4420562227649363,-0.29543515022784494
right,11.23,1787652121851508096,1787652121846861396,8983,4.6467,-23.14727142535058,-12.43032385596827,11.664601981214771,1.8505682693961703,-2.409581817320029,-0.288869003056752
right,11.24,1787652121861508096,1787652121856979044,8991,4.529052,-23.251227938050363,-12.503283503317668,11.703996114167593,1.8267713557150285,-2.3729673559749562,-0.2823488679510774
right,11.25,1787652121871508096,1787652121866924486,8999,4.58361,-23.235934402616255,-12.4640826320759,11.780125232884327,1.7886972632033666,-2.3149624363908594,-0.2755878709357712
right,11.26,1787652121881508096,1787652121876914500,9007,4.593596,-23.132580170401372,-12.424385606820083,11.96011944417199,1.7338350028247917,-2.235970348471733,-0.26382737264196626
right,11.27,1787652121891508096,1787652121886833139,9015,4.674957,-22.992131472747616,-12.365235787034129,12.140215239875676,1.6824801424448652,-2.160325537276993,-0.2522412145977903
right,11.28,1787652121901508096,1787652121896777721,9023,4.730375,-23.29932435903496,-11.999076334716472,12.200608669453322,1.6458179431437778,-2.117852875056139,-0.24565486969623862
right,11.29,1787652121911508096,1787652121907320422,9029,4.187674,-22.925747684955574,-12.434950099055236,12.171739348273004,1.603351083774314,-2.04234058526208,-0.2335839823173344
right,11.3,1787652121921508096,1787652121916830434,9037,4.677662,-22.97515512364091,-11.95214216961412,12.437829011325446,1.5545300557540536,-1.9766186080819566,-0.2216636903967507
right,11.31,1787652121931508096,1787652121926800979,9045,4.707117,-22.522386794561736,-12.315698575630204,12.68276014759932,1.5087654609523864,-1.906644917767148,-0.20969643391718634
right,11.32,1787652121941508096,1787652121936876196,9053,4.6319,-22.453045706611015,-11.744659853089978,12.992882061945918,1.449880353436757,-1.8265649937996389,-0.19694640714842795
right,11.33,1787652121951508096,1787652121946936254,9062,4.571842,-21.930659862489446,-11.983933698290972,13.261564772621966,1.404313037675988,-1.7532675323875013,-0.18848830570862835
right,11.34,1787652121961508096,1787652121956965723,9071,4.542373,-22.034215300121964,-11.468989498542445,13.467276397578416,1.3644597366406985,-1.6996077625165236,-0.18209838172030518
right,11.35,1787652121971508096,1787652121967006982,9077,4.501114,-21.614144350795222,-11.826942040105601,13.64245663465482,1.3320838443767895,-1.6427981792285147,-0.173299496073433
right,11.36,1787652121981508096,1787652121976842277,9087,4.665819,-21.282872906192946,-11.11451591101903,14.051486529741002,1.2657535356041343,-1.549873088170338,-0.15846505784010423
right,11.37,1787652121991508096,1787652121986867400,9093,4.640696,-20.70226738778388,-10.820183935051322,14.429125916628792,1.203286762188609,-1.4540650711417422,-0.14226379683204693
right,11.38,1787652122001508096,1787652121996802704,9103,4.705392,-19.90981519377375,-10.965709461627357,14.796428164958659,1.1481180887026945,-1.3596748178082372,-0.12461858147347937
right,11.39,1787652122011508096,1787652122006841897,9111,4.666199,-19.568227235775467,-10.751051036358907,15.053789110925567,1.1039539499872328,-1.2885927588073542,-0.1127691822570526
right,11.4,1787652122021508096,1787652122016855999,9119,4.652097,-19.465782445189294,-10.13543772543061,15.308813966348753,1.056127894119645,-1.219573108586073,-0.10066921142282408
right,11.41,1787652122031508096,1787652122026889515,9127,4.618581,-19.069951363771253,-10.468969818486814,15.464745165619037,1.0333593752891437,-1.1736972020000103,-0.09545160077945897
right,11.42,1787652122041508096,1787652122036875930,9135,4.632166,-18.531813092437293,-10.15606108977754,15.83117989802873,0.9786939352687574,-1.0865945258891747,-0.0836130637559038
right,11.43,1787652122051508096,1787652122046816132,9143,4.691964,-18.243560019177714,-9.485528396457548,16.181677834274943,0.9197223286029967,-1.0029951890779625,-0.07245770346688846
right,11.44,1787652122061508096,1787652122056856212,9149,4.651884,-17.726684248082055,-9.795421375870502,16.36949247197491,0.8893372534748742,-0.9431560044482103,-0.06654684149118067
right,11.45,1787652122071508096,1787652122066891823,9156,4.616273,-17.410438911731156,-9.101424561156024,16.62941141661516,0.828918699844041,-0.8523484052592933,-0.05334747148175172
right,11.46,1787652122081508096,1787652122076873365,9165,4.634731,-16.741931642362278,-8.825410068504137,16.39050043598503,0.7695009931617625,-0.7629796227052759,-0.04233135307640788
right,11.47,1787652122091508096,1787652122086818816,9173,4.68928,-16.440020672576384,-8.720636642480919,16.53282983831665,0.7352927177554716,-0.7041216470385505,-0.034196051789538384
right,11.48,1787652122101508096,1787652122096804560,9181,4.703536,-15.90246428106336,-8.459189907371309,16.375376063052364,0.6828278946117186,-0.6142887422148355,-0.01798746673521206
right,11.49,1787652122111508096,1787652122106899938,9190,4.608158,-15.351534628339959,-8.21507788355138,16.228280413417572,0.6210220118836463,-0.514553871402756,-0.003734545419335676
right,11.5,1787652122121508096,1787652122116801947,9197,4.706149,-14.483952760658324,-7.741380004093858,16.071920541038253,0.5328130869838232,-0.3738152944926463,0.021485118251483408
right,11.51,1787652122131508096,1787652122126886153,9205,4.621943,-12.394750359995054,-7.065643210026845,16.230893583200057,0.37954711756951753,-0.12425006759954504,0.06482717769032055
right,11.52,1787652122141508096,1787652122137033418,9212,4.474678,-11.13137344685858,-5.619879115311815,17.005333199664012,0.2449501717484166,0.07416456402496863,0.09966435801037697
right,11.53,1787652122151508096,1787652122147044815,9220,4.463281,-8.57267550438138,-4.5531446015269434,17.232470027192296,0.06817364752966437,0.35358809499105304,0.14113783078587913
right,11.54,1787652122161508096,1787652122156950294,9228,4.557802,-6.272388619865549,-2.5234202316790206,17.255092656999807,-0.1405148341879685,0.6641361908480494,0.19621911264037048
right,11.55,1787652122171508096,1787652122166897484,9236,4.610612,-3.154723962231837,-1.1750236691737241,17.37403960932549,-0.350414911704342,0.9985080946669878,0.24784262242242366
right,11.56,1787652122181508096,1787652122176862023,9244,4.646073,-0.08167102028869665,1.2621808723386425,17.351966706492377,-0.5847983013481146,1.3482004769429095,0.3052213016040636
right,11.57,1787652122191508096,1787652122186878241,9253,4.629855,2.241785190217564,2.64890459611206,18.056808263549186,-0.7286304979316907,1.5478615902840387,0.336506401891893
right,11.58,1787652122201508096,1787652122197035580,9263,4.472516,3.9287716320114634,3.1966592160050133,18.179250995862713,-0.768301308867932,1.5803707758871752,0.3364849685717558
right,11.59,1787652122211508096,1787652122206979269,9268,4.528827,4.845485035919731,3.795878734716747,17.092058315712524,-0.7932217608365977,1.5166242406302097,0.3132921055745072
right,11.6,1787652122221508096,1787652122216994023,9277,4.514073,5.664887037719139,4.063480020301602,18.657578275219397,-0.7461252255826312,1.4328718144519943,0.293664721230381
right,11.61,1787652122231508096,1787652122226827944,9285,4.680152,4.176223083710171,2.195393320179605,20.929509171381934,-0.638339124096547,1.4147673361168551,0.3017493541078968
right,11.62,1787652122241508096,1787652122237107222,9293,4.400874,2.550053251363939,3.536688397957538,20.020905709273176,-0.48248593466587053,1.2598644988260244,0.29394460272348705
right,11.63,1787652122251508096,1787652122246839213,9300,4.668883,3.0897973175485394,4.124403803367793,17.94976629235728,-0.45807611942210436,1.1330677299931033,0.26625899504709855
right,11.64,1787652122261508096,1787652122256852181,9309,4.655915,3.0779072320178744,3.7690747436558425,16.00025529739075,-0.4754710722135411,1.0238362051314307,0.228413121020151
right,11.65,1787652122271508096,1787652122266928266,9317,4.57983,3.54053259393634,3.9553582412862274,13.400557645940529,-0.5740204378257354,1.0607707759573306,0.22071883613924054
right,11.66,1787652122281508096,1787652122276978252,9324,4.529844,3.4694918688003584,4.078519514601644,12.074329618868155,-0.5765257791516329,1.0375931578755258,0.2153661758257503
right,11.67,1787652122291508096,1787652122286824505,9333,4.683591,2.803492419257841,3.4509045353719303,10.09598388613618,-0.49137566448564873,0.9257701607639395,0.20325613803621895
right,11.68,1787652122301508096,1787652122296818347,9340,4.689749,0.9918350890693071,2.1004331646433414,7.293529963219405,-0.2947310406483826,0.6242749298442172,0.15823453316871722
right,11.69,1787652122311508096,1787652122306886521,9348,4.621575,0.9815054054656068,1.2128011376479964,6.868459371998404,-0.2011835082753627,0.4782751082364318,0.1304535497430788
right,11.7,1787652122321508096,1787652122316850744,9356,4.657352,2.278845556472274,1.6742754792818952,6.825651935139752,-0.2413898131686425,0.5560233189217882,0.14412696756406543
right,11.71,1787652122331508096,1787652122326994272,9365,4.513824,2.8584596857662827,1.7044992182029306,7.135848674948349,-0.24142404392278094,0.5634622131949816,0.14584714033307428
right,11.72,1787652122341508096,1787652122336826100,9373,4.681996,3.88963993396474,1.9158054705407037,6.630646151286919,-0.2721401370404023,0.6403057480748104,0.1599929514792985
right,11.73,1787652122351508096,1787652122346884041,9380,4.624055,4.27560614722739,3.327375369983936,5.679372277944504,-0.3222126851060598,0.7211755269352232,0.17450789952559162
right,11.74,1787652122361508096,1787652122356964906,9389,4.54319,2.204106125259285,4.217354626474407,6.201348310374012,-0.23038769296009864,0.538031538882483,0.1469751178038028
right,11.75,1787652122371508096,1787652122366863219,9396,4.644877,1.185056793155471,3.122907739386791,5.4127735815542,-0.09439366083773659,0.32894909567985575,0.11397122641371649
right,11.76,1787652122381508096,1787652122377245629,9404,4.262467,0.3128262324150809,2.1810135697888993,2.7760546830846127,0.03094783335855711,0.141623370561742,0.08288548363077891
right,11.77,1787652122391508096,1787652122386812767,9413,4.695329,-2.081562364456877,0.6189213717807387,1.3056491060399378,0.2736033174052503,-0.24287622360260108,0.02325827491064758
right,11.78,1787652122401508096,1787652122396830109,9420,4.677987,-4.742288604954244,-0.9820106313276107,-0.6488002689499541,0.5356252668769615,-0.6561253015807127,-0.03902620311777194
right,11.79,1787652122411508096,1787652122406895037,9428,4.613059,-8.16033666224524,-2.338514580848689,-3.0951889587179227,0.8262533607977847,-1.1318970363875405,-0.1125241959115501
right,11.8,1787652122421508096,1787652122416837221,9436,4.670875,-12.27471730602102,-4.665115783106848,-5.4025102157220815,1.1888191631078247,-1.715872043667044,-0.20434300282197637
right,11.81,1787652122431508096,1787652122426855292,9444,4.652804,-16.74280337135456,-7.174287616806164,-7.489408575433418,1.593859115756647,-2.3676475130041013,-0.30375635442515025
right,11.82,1787652122441508096,1787652122436880166,9454,4.62793,-17.92613675744139,-7.799918788976326,-9.808636953117956,1.7373908554764481,-2.6037763093011854,-0.33955619433106393
right,11.83,1787652122451508096,1787652122446839459,9461,4.668637,-16.985373004428077,-7.2720403137457845,-9.28842934985312,1.6807086298982294,-2.5166209530690535,-0.3237917283931713
right,11.84,1787652122461508096,1787652122456898848,9468,4.609248,-15.32645139763468,-6.388235166405124,-9.356779785857627,1.5389581269599995,-2.288925066088578,-0.28640399101572284
right,11.85,1787652122471508096,1787652122466906158,9477,4.601938,-12.935665089917677,-5.000411234901902,-8.34659081291196,1.401940199136961,-2.0674789821471666,-0.2509400026535376
right,11.86,1787652122481508096,1787652122476893231,9484,4.614865,-11.53187719247641,-4.174021590419856,-8.093097582316483,1.2822242201819167,-1.882677165770249,-0.21804928142792113
right,11.87,1787652122491508096,1787652122486851632,9493,4.656464,-12.237258848574164,-4.50451752600819,-7.809223536506221,1.362602452665176,-2.01934226607945,-0.23476878773377813
right,11.88,1787652122501508096,1787652122496832858,9501,4.675238,-11.9988199666748,-4.283825389598804,-9.211913086253974,1.3138409584026047,-1.9498651522115127,-0.21820487358702
right,11.89,1787652122511508096,1787652122506989508,9508,4.518588,-12.91335621681304,-4.621417760712232,-10.059773721676073,1.4247599239939492,-2.1369953885666924,-0.24169399673595127
right,11.9,1787652122521508096,1787652122516917634,9518,4.590462,-14.239838571701135,-5.169577222509114,-10.027618445016675,1.5008899085150265,-2.270331501097083,-0.2587116441476116
right,11.91,1787652122531508096,1787652122526822183,9525,4.685913,-14.393724211759357,-5.066057205927153,-9.815926172121015,1.496833742465642,-2.281053898063433,-0.2594135034508309
right,11.92,1787652122541508096,1787652122536780991,9534,4.727105,-13.497282951887888,-4.420693957673709,-9.865750527058301,1.4166060231166997,-2.1625398314811877,-0.2428169491495039
right,11.93,1787652122551508096,1787652122546806525,9540,4.701571,-13.362298514816297,-4.218293611592719,-8.315000233940818,1.3905535879725301,-2.1390761899739705,-0.23472934140788748
right,11.94,1787652122561508096,1787652122556895884,9548,4.612212,-12.396578523559423,-4.154612327143198,-8.755135992759838,1.2774515165123,-1.967850224982522,-0.19843792734927135
right,11.95,1787652122571508096,1787652122566816568,9556,4.691528,-12.406318998895266,-3.9987880514906857,-8.346530761331838,1.2737415175594542,-1.9814822804159018,-0.1871112506357162
right,11.96,1787652122581508096,1787652122577025094,9565,4.483002,-13.015436004154774,-4.67168030781912,-9.44367033397282,1.3092996974048179,-2.047803983979795,-0.18151523654189883
right,11.97,1787652122591508096,1787652122587095462,9573,4.412634,-12.657895771753259,-4.6794504353444575,-10.314639782786806,1.3163021551479568,-2.0762089938658357,-0.15502066058719544
right,11.98,1787652122601508096,1787652122596977599,9580,4.530497,-13.799074408611478,-4.417848915762153,-8.664132076153749,1.3409714093143348,-2.158502114569046,-0.13369717426351257
right,11.99,1787652122611508096,1787652122606899068,9589,4.609028,-13.418763344107035,-4.54055873179096,-9.323384028926796,1.313114411936144,-2.1397400471185906,-0.09804697976950061
right,12.0,1787652122621508096,1787652122617031228,9596,4.476868,-12.286719377562617,-4.142304276353168,-9.92056354810033,1.2306799918355582,-2.0321972320614923,-0.049507641731435625
right,12.01,1787652122631508096,1787652122626839411,9605,4.668685,-12.930883104074306,-4.0671209703704925,-7.940338695614112,1.2895238954452473,-2.172215196894614,-0.04255214147031916
right,12.02,1787652122641508096,1787652122636825834,9613,4.682262,-12.868534848176258,-4.233680773676278,-9.901831119588795,1.2579496956982463,-2.153223980772084,-0.006320901138511359
right,12.03,1787652122651508096,1787652122647082568,9621,4.425528,-11.261660991374232,-3.9606569158076708,-10.938938972473146,1.186540587739238,-2.0403743077076824,0.02222071486271049
right,12.04,1787652122661508096,1787652122657045962,9628,4.462134,-11.673125129225781,-4.9995027764085895,-9.574739753175816,1.2785371257497953,-2.1831583193845168,-0.012958263961495686
right,12.05,1787652122671508096,1787652122666801210,9636,4.706886,-11.537390050707282,-4.5590337550047355,-9.866754448208582,1.231981552632945,-2.1089368971302402,-0.01670381109129293
right,12.06,1787652122681508096,1787652122676979717,9644,4.528379,-10.564739109539683,-2.651247346151182,-8.25844135324715,1.1101434044320733,-1.9364671532844309,-0.00881770540300253
right,12.07,1787652122691508096,1787652122686856876,9653,4.65122,-9.980881906647591,-2.9146351962651282,-8.64882637386396,1.0575956931404158,-1.8487373325323124,0.0037296038674417
right,12.08,1787652122701508096,1787652122696842806,9660,4.66529,-9.859348416195317,-2.732256965302192,-8.249002811627914,1.0174078511917757,-1.8063554042217123,0.013102250881802169
right,12.09,1787652122711508096,1787652122706867238,9668,4.640858,-10.65265411185539,-3.4688058960536523,-8.613806748951689,1.0965845319811298,-1.9537361670489255,0.00407722450751391
right,12.1,1787652122721508096,1787652122716906547,9677,4.601549,-11.06019774510564,-5.669047883682345,-8.759596878876302,1.1660636566293976,-2.065109026081557,0.013462784029231734
right,12.11,1787652122731508096,1787652122726859371,9685,4.648725,-14.78537322178675,-4.804809879548133,-10.224451180429968,1.3409268747648484,-2.401173326465805,-0.04261156635321062
right,12.12,1787652122741508096,1787652122736844135,9693,4.663961,-16.988917271477106,-6.818448438442326,-11.084524923463759,1.5366959440494414,-2.721664045349576,-0.10209621197953711
right,12.13,1787652122751508096,1787652122746826540,9701,4.681556,-18.447309064116602,-8.47570836311679,-12.764368391787,1.6494526284487172,-2.905568293291454,-0.1433098846866681
right,12.14,1787652122761508096,1787652122756985497,9711,4.522599,-21.431353127979378,-10.736683709837976,-14.15115522925789,1.9366363570501162,-3.3922681477067087,-0.20689086356946068
right,12.15,1787652122771508096,1787652122767070244,9719,4.437852,-24.394839707531155,-9.132443473890486,-14.411746723638041,2.0202286019701456,-3.603317174302009,-0.24112756051609585
right,12.16,1787652122781508096,1787652122776937255,9725,4.570841,-24.476338649102434,-10.403494304363718,-15.433089388271531,2.0265831623471624,-3.604956273941685,-0.2591537149654576
right,12.17,1787652122791508096,1787652122786851879,9733,4.656217,-26.887466477740677,-12.80828356526234,-16.57802949224544,2.3069888085294976,-4.056498947288857,-0.34816463025745054
right,12.18,1787652122801508096,1787652122797035613,9740,4.472483,-28.50800983833197,-10.395487261510178,-16.889787720176322,2.2834897859232863,-4.078190838274375,-0.34894654418402626
right,12.19,1787652122811508096,1787652122806961775,9749,4.546321,-27.548299479641386,-10.472460325000378,-15.521742019640055,2.1992411528007776,-3.932978463162847,-0.33881644645082265
right,12.2,1787652122821508096,1787652122816827788,9756,4.680308,-25.884235185151244,-13.934567013272739,-15.398341681970532,2.266772309703742,-3.9655984673233924,-0.36035026719579805
right,12.21,1787652122831508096,1787652122827199872,9764,4.308224,-26.379757382003454,-10.440041576668081,-15.790103618965482,2.162181575115629,-3.8220833740815157,-0.34179435431616045
right,12.22,1787652122841508096,1787652122836812158,9772,4.695938,-25.996645818733032,-9.709301029891718,-14.075928702460342,2.0572976661160944,-3.61609138293495,-0.3182545864203631
right,12.23,1787652122851508096,1787652122846943491,9782,4.564605,-27.66306504700179,-12.37242926520509,-13.933677602765114,2.2347487828890085,-3.861781569665985,-0.34253995315524016
right,12.24,1787652122861508096,1787652122857154289,9789,4.353807,-31.039083923763382,-11.423209105621492,-15.499557718483123,2.3440257135655944,-4.0920617607046825,-0.35977819660352406
right,12.25,1787652122871508096,1787652122866827358,9797,4.680738,-31.149298458590184,-12.269280167064393,-16.11214382125945,2.365197513705325,-4.160288400193172,-0.38351876452253
right,12.26,1787652122881508096,1787652122877038145,9807,4.469951,-29.54975122608906,-15.399775642990988,-15.079149753365199,2.339509339199041,-4.068744352868878,-0.37553646919986683
right,12.27,1787652122891508096,1787652122886833654,9815,4.674442,-31.454820518105688,-14.319036241362163,-14.735493400723984,2.401995275420742,-4.2042110768564775,-0.39984539483104764
right,12.28,1787652122901508096,1787652122897079678,9823,4.428418,-32.985501767641864,-13.735618349589915,-15.414903869808441,2.4688788143497375,-4.342383191765991,-0.4187391451773256
right,12.29,1787652122911508096,1787652122906929166,9830,4.57893,-31.912077111471987,-12.32585886769538,-15.561548542736524,2.3516534373512354,-4.159564019580629,-0.3746268276514362
right,12.3,1787652122921508096,1787652122916826293,9839,4.681803,-32.544656119443175,-10.752676653253479,-14.390787494370745,2.268367513011126,-4.077592589762752,-0.35222812513167656
right,12.31,1787652122931508096,1787652122926838887,9845,4.669209,-33.74704451840971,-12.095900741543378,-14.590150383383136,2.391494702060285,-4.327754022659516,-0.3975828326440206
right,12.32,1787652122941508096,1787652122936849059,9852,4.659037,-32.99687147448831,-14.927195557161095,-14.914104473018238,2.448973788639128,-4.383842708975464,-0.41892890601915833
right,12.33,1787652122951508096,1787652122946980639,9860,4.527457,-32.64562058043737,-12.435359395388016,-13.557183259547742,2.3212517256624383,-4.2056788391685025,-0.4054669400073402
right,12.34,1787652122961508096,1787652122957150780,9868,4.357316,-33.2905134518336,-9.299390435590649,-14.041393727449973,2.212389836327047,-4.135623847721744,-0.39056492116617303
right,12.35,1787652122971508096,1787652122966895287,9878,4.612809,-34.57578925500135,-13.076109568568167,-16.047427077468758,2.4356570269198365,-4.56852703208911,-0.4624022056297087
right,12.36,1787652122981508096,1787652122977020793,9884,4.487303,-37.9619928608603,-12.38939707415577,-16.8644614816941,2.5599936193430115,-4.920886066101466,-0.5006646825308836
right,12.37,1787652122991508096,1787652122986824243,9893,4.683853,-37.74857774083585,-11.69199045993929,-16.931583039433526,2.5387994293442637,-4.995415103810393,-0.48357378076335045
right,12.38,1787652123001508096,1787652122996830934,9900,4.677162,-34.10307753691276,-12.2380501977764,-17.36631355222791,2.3723573816363253,-4.7516248337320395,-0.43713662861608327
right,12.39,1787652123011508096,1787652123006851522,9909,4.656574,-34.9519433580514,-13.264184376975397,-19.40714630609094,2.4565487878329426,-4.998570663288271,-0.49494950046116337
right,12.4,1787652123021508096,1787652123016847238,9916,4.660858,-40.66444309353019,-12.879376514027806,-20.29920183614252,2.730992015718283,-5.559456326830858,-0.6088637181518561
right,12.41,1787652123031508096,1787652123026822774,9925,4.685322,-39.88264090004421,-14.512973920146393,-19.603576164099415,2.7636280050841364,-5.543327813018634,-0.6136635546613771
right,12.42,1787652123041508096,1787652123036860048,9933,4.648048,-37.071512142964316,-11.7415100286519,-18.230562803266483,2.4955060278170906,-5.090203253589046,-0.5489373500464527
right,12.43,1787652123051508096,1787652123047038034,9940,4.470062,-34.49537368072296,-11.387372333217854,-17.662923718219293,2.285076682413957,-4.737666273962323,-0.5057909937144172
right,12.44,1787652123061508096,1787652123057166448,9948,4.341648,-35.9658054287611,-13.780194992410264,-19.113909514006263,2.454881820476439,-5.080646926619667,-0.5584413805736754
right,12.45,1787652123071508096,1787652123067063192,9956,4.444904,-43.06624031681423,-12.991565582413667,-21.411701635008324,2.774085814342619,-5.824797465893724,-0.6723570652713458
right,12.46,1787652123081508096,1787652123077133686,9965,4.37441,-44.93743968860692,-15.889014817671944,-23.21349843762456,2.9844790691331555,-6.237609949098124,-0.7468369714058503
right,12.47,1787652123091508096,1787652123086860728,9974,4.647368,-43.6546772050369,-13.917941804582721,-23.496179147175482,2.8186073359659396,-5.996946678597587,-0.7100713870442167
right,12.48,1787652123101508096,1787652123096810638,9980,4.697458,-37.69271135391249,-13.987202778965601,-20.028793034824893,2.4757634685884056,-5.388298903168683,-0.6093272415632489
right,12.49,1787652123111508096,1787652123106853979,9991,4.654117,-36.51150338068417,-12.882679702961823,-18.39716379063125,2.2947162912340033,-5.171696548748874,-0.5624429115636895
right,12.5,1787652123121508096,1787652123116886699,9999,4.621397,-37.33527596589338,-11.917642828587717,-18.99794478193212,2.279216870068638,-5.318798395092072,-0.5782400984635111
right,12.51,1787652123131508096,1787652123127061045,10005,4.447051,-37.82125357746541,-12.469973948446,-20.09831766672533,2.299446871284867,-5.456845505165544,-0.595796131892997
right,12.52,1787652123141508096,1787652123136832039,10015,4.676057,-38.31022351869846,-11.328266632085025,-19.559038310080883,2.2676448779668736,-5.498840541067165,-0.6021633846267211
right,12.53,1787652123151508096,1787652123146891568,10021,4.616528,-35.179362395125175,-11.610466691203776,-18.540257304947175,2.1170630472103933,-5.144545401569277,-0.5392336482762514
right,12.54,1787652123161508096,1787652123157393174,10031,4.114922,-35.55790729905409,-14.326639755705463,-19.727373489947407,2.204878830727423,-5.3270778903628795,-0.560641268616777
right,12.55,1787652123171508096,1787652123166803923,10037,4.704173,-38.99733235402135,-13.755206941944092,-22.14561868886521,2.3406089192147896,-5.687813656030887,-0.6164703382169374
right,12.56,1787652123181508096,1787652123176914910,10044,4.593186,-40.515881355495424,-14.386092438953018,-23.246309015253082,2.448589143696199,-5.941159031603645,-0.6717028708842978
right,12.57,1787652123191508096,1787652123187021647,10052,4.486449,-41.63725834883977,-12.626489299669187,-22.34666526708903,2.417460936382517,-5.973734413537898,-0.7100121691246911
right,12.58,1787652123201508096,1787652123196851316,10060,4.65678,-36.96243337492568,-14.616781546991506,-20.55704245230458,2.219086175867424,-5.556264142848564,-0.688358173724404
right,12.59,1787652123211508096,1787652123206851542,10068,4.656554,-35.632768159089295,-12.22331265082404,-20.840852637270768,2.038816590372823,-5.286650866304246,-0.6804103223675289
right,12.6,1787652123221508096,1787652123216968841,10076,4.539255,-39.57706838905038,-11.142946427523801,-22.79007451698196,2.167538611995376,-5.666797977161517,-0.7699973651130839
right,12.61,1787652123231508096,1787652123227112427,10084,4.395669,-42.48990346947498,-15.646856639151153,-24.6186766631266,2.426030132629355,-6.2250852237190095,-0.8842376803597357
right,12.62,1787652123241508096,1787652123236872820,10092,4.635276,-42.445164879088175,-14.525022400595269,-25.524368825621792,2.368913082237005,-6.186354482309825,-0.8944122322919541
right,12.63,1787652123251508096,1787652123246992981,10101,4.515115,-40.434179578969,-11.656206568894206,-23.782558252992494,2.181010779819058,-5.847751752167577,-0.8444611405014069
right,12.64,1787652123261508096,1787652123257346753,10108,4.161343,-36.23054067061162,-13.047002351218515,-21.17686933622508,2.017516211424778,-5.407017870189118,-0.7766422092630322
right,12.65,1787652123271508096,1787652123266872805,10116,4.635291,-34.91023019265311,-12.692100348648832,-21.784792055952323,1.9220662780566784,-5.223472468721219,-0.742507015637868
right,12.66,1787652123281508096,1787652123276964503,10124,4.543593,-37.383213877071846,-10.10224674266299,-21.87808926118988,1.9805526348001283,-5.446067618710178,-0.7875928415803843
right,12.67,1787652123291508096,1787652123286865127,10132,4.642969,-38.467632638060714,-10.642982805740935,-21.53544016698339,2.0458167688083884,-5.590968408089028,-0.8191229619800618
right,12.68,1787652123301508096,1787652123297043657,10140,4.464439,-36.59991914079131,-11.441806448487805,-20.928622198770356,1.9526446923519938,-5.38093427408151,-0.7696599099170618
right,12.69,1787652123311508096,1787652123306835390,10148,4.672706,-35.34792862840873,-9.551467659854113,-19.751139904404894,1.8112655018752661,-5.1191937733559625,-0.7045827405660003
right,12.7,1787652123321508096,1787652123316911850,10157,4.596246,-37.880470054820506,-8.423641510636516,-21.867806926766097,1.8956894246051916,-5.359974387124588,-0.7375454889946655
right,12.71,1787652123331508096,1787652123327378179,10165,4.129917,-42.67732161126214,-12.3784057777364,-25.709288009643128,2.2204878056058184,-6.094214096938838,-0.8764879853277854
right,12.72,1787652123341508096,1787652123336811102,10172,4.696994,-46.792027082270515,-17.213824084123168,-28.40021239117482,2.540951224485681,-6.799530609661138,-1.0087729773262424
right,12.73,1787652123351508096,1787652123346827126,10180,4.68097,-49.608744104192255,-13.334172325550984,-28.04823778173152,2.546674016904089,-6.9601458278340855,-1.0312574099636689
right,12.74,1787652123361508096,1787652123357434415,10188,4.073681,-45.4931565981491,-9.803781917458252,-25.91600438195716,2.264269078530818,-6.356555912480832,-0.9054990453659026
right,12.75,1787652123371508096,1787652123366863326,10199,4.64477,-41.986058694978745,-12.063288817820744,-23.849117730195346,2.1352504444757354,-6.02643823036031,-0.8321166450213039
right,12.76,1787652123381508096,1787652123377043722,10206,4.464374,-44.68714610684538,-11.665953361713957,-25.48517629982571,2.2356655361159055,-6.346038810717211,-0.8820812053560708
right,12.77,1787652123391508096,1787652123386856035,10215,4.652061,-46.889429698461235,-10.8536733784076,-27.01199574490036,2.3214113303386417,-6.602159194358354,-0.9187487063973956
right,12.78,1787652123401508096,1787652123396846281,10221,4.661815,-45.75173262302592,-11.719491365210024,-25.953722889893033,2.306877372988477,-6.567618850655967,-0.9022133120688564
right,12.79,1787652123411508096,1787652123406898296,10230,4.6098,-40.97068559135738,-12.360522328961066,-23.653558318359867,2.088376680919516,-6.050059308460226,-0.7866709127462159
right,12.8,1787652123421508096,1787652123416831970,10236,4.676126,-40.539216810677054,-9.824575803613588,-23.950719204879324,1.9831210687745326,-5.884381437157225,-0.7442245089184732
right,12.81,1787652123431508096,1787652123427093510,10246,4.414586,-44.39587152995147,-9.179689588044601,-25.174249926435444,2.1448864114873647,-6.300586513643744,-0.8497853040072127
right,12.82,1787652123441508096,1787652123436878403,10253,4.629693,-44.22430099543878,-11.558895303744618,-25.522996327042847,2.231231342082139,-6.428306091437964,-0.9259007852948539
right,12.83,1787652123451508096,1787652123446820156,10260,4.68794,-43.146367549047504,-9.933009269162996,-24.099813319489428,2.1215138726704326,-6.24856392096556,-0.9269988715859822
right,12.84,1787652123461508096,1787652123457469585,10269,4.038511,-39.82835572219798,-7.54377784349271,-22.000068166439867,1.8789700576020045,-5.729061545845959,-0.8481267352925757
right,12.85,1787652123471508096,1787652123466961957,10277,4.546139,-37.34268855260193,-10.269048947068214,-22.584059162561086,1.816040833607997,-5.520887765683066,-0.8294133194883048
right,12.86,1787652123481508096,1787652123476904989,10284,4.603107,-42.74373113344375,-8.832231143878014,-24.95132339546619,2.00406779172242,-6.109705733024597,-0.9646833604104522
right,12.87,1787652123491508096,1787652123487118130,10293,4.389966,-48.73811900877327,-9.56093076112386,-27.916393166776526,2.247868226573282,-6.81516657945922,-1.1040042913307901
right,12.88,1787652123501508096,1787652123496848062,10300,4.660034,-49.54132921467871,-12.21637083679731,-29.29336391575016,2.308266938371172,-7.037294871786482,-1.1387369044333964
right,12.89,1787652123511508096,1787652123506796949,10308,4.711147,-49.178077522743855,-10.174936471437816,-28.345360553723026,2.185121414701939,-6.949268711390906,-1.1167499633097924
right,12.9,1787652123521508096,1787652123516819984,10317,4.688112,-44.97122080573162,-11.744883290480981,-26.121603690392412,2.0033778607100006,-6.478061654077873,-1.0214630564128078
right,12.91,1787652123531508096,1787652123527248235,10324,4.259861,-40.700298064213975,-8.63983808613571,-22.816921673737873,1.7295109086133682,-5.851557488038707,-0.9012044373731001
right,12.92,1787652123541508096,1787652123536850712,10332,4.657384,-39.91321905084405,-8.774726856912785,-23.48295043051099,1.6872431157472723,-5.759967719970075,-0.8821051804418867
right,12.93,1787652123551508096,1787652123546861703,10342,4.646393,-45.123476508528526,-9.243151010663555,-25.836055860946495,1.9107882818581887,-6.366985742382345,-1.0024433799218495
right,12.94,1787652123561508096,1787652123557469726,10349,4.03837,-49.257719884349456,-10.14218100323818,-28.391771441115836,2.1141945316700537,-6.922464233143088,-1.1038977018244442
right,12.95,1787652123571508096,1787652123567110393,10357,4.397703,-50.5389331404752,-13.424605380006295,-29.741896215913105,2.2382257457902517,-7.237695696121659,-1.1513236056652245
right,12.96,1787652123581508096,1787652123576864273,10365,4.643823,-51.01227487766517,-11.31463032710728,-29.987182599580454,2.1797738501940622,-7.231693115622208,-1.1369973657588277
right,12.97,1787652123591508096,1787652123586886179,10373,4.621917,-48.73777425114336,-10.585506149640205,-27.844226821625774,2.049744961381047,-6.94256016157638,-1.0758146410099738
right,12.98,1787652123601508096,1787652123596862662,10380,4.645434,-47.3380374938215,-9.550088558005625,-25.140949964482303,1.9569830437166917,-6.742472892644109,-1.041578723073626
right,12.99,1787652123611508096,1787652123606899598,10389,4.608498,-46.59259186001853,-9.790244303259719,-26.218985411335655,1.9237977993121538,-6.659600269825989,-1.0421929390493276
right,13.0,1787652123621508096,1787652123617030094,10396,4.478002,-50.18622667941231,-13.376010021420194,-29.739362316424714,2.1430411188975924,-7.22561539589937,-1.1800224858059751
right,13.01,1787652123631508096,1787652123627357148,10405,4.150948,-56.57690818495787,-11.112813086597527,-32.75580629365516,2.3632384974472807,-7.975748934452822,-1.3599502656914528
right,13.02,1787652123641508096,1787652123636829536,10412,4.67856,-61.9172094529833,-13.042015841611834,-35.40480851825959,2.6016427147417716,-8.703348253160453,-1.5388003658559972
right,13.03,1787652123651508096,1787652123646816659,10420,4.691437,-64.71863616676593,-13.953386939971825,-36.05936992754444,2.6915411888734315,-9.042752763822746,-1.636420180759164
right,13.04,1787652123661508096,1787652123656900212,10429,4.607884,-62.51189880162903,-11.143388013388131,-34.97803769349028,2.5217474146442567,-8.650434042150353,-1.5830283075531382
right,13.05,1787652123671508096,1787652123666850669,10437,4.657427,-56.29879527694569,-12.220223447978805,-31.082733773226146,2.2907547273815423,-7.918632962384353,-1.4508598930874634
right,13.06,1787652123681508096,1787652123676968092,10445,4.540004,-49.79941247058119,-11.963345969114236,-28.816332951374793,2.022865391865206,-7.0792624695113595,-1.2799800730415911
right,13.07,1787652123691508096,1787652123686902184,10453,4.605912,-52.06586893662905,-8.459714104799367,-29.023869822704203,2.0138878437366783,-7.206847252290457,-1.2991914601153745
right,13.08,1787652123701508096,1787652123696838676,10460,4.66942,-55.858911229082764,-8.36262215401604,-31.017561003919866,2.1420680619627173,-7.691658547992898,-1.395955692768572
right,13.09,1787652123711508096,1787652123707087209,10468,4.420887,-58.803624558979244,-12.638688068301809,-33.10000489315805,2.3123258456769906,-8.208035345977441,-1.4925442824563246
right,13.1,1787652123721508096,1787652123717150914,10477,4.357182,-60.599455099143775,-12.091486301472699,-33.328066172246324,2.3377889180716296,-8.382605823010834,-1.5057346914107603
right,13.11,1787652123731508096,1787652123727084987,10485,4.423109,-58.15037295307308,-9.5495764708687,-32.06813411887782,2.1827950075266735,-8.024432434823634,-1.4045855875468143
right,13.12,1787652123741508096,1787652123736812627,10492,4.695469,-52.059651285577175,-7.067539559062858,-29.648574253711807,1.899745154660952,-7.2157141317464975,-1.2349964103686597
right,13.13,1787652123751508096,1787652123747042146,10501,4.46595,-46.46801122882472,-8.726537016953452,-25.497148966346366,1.707321740973362,-6.59814236219049,-1.1144240200592568
right,13.14,1787652123761508096,1787652123757068524,10509,4.439572,-44.86056722597222,-10.900498221153853,-25.55038138127487,1.6751076925614854,-6.447727700015155,-1.078830104258161
right,13.15,1787652123771508096,1787652123766819513,10516,4.688583,-47.35911588598134,-9.427414706033897,-27.97712814010209,1.744675830096277,-6.7425730815014795,-1.1220532401341043
right,13.16,1787652123781508096,1787652123777004117,10525,4.503979,-53.941737364460295,-6.084543798388938,-29.687811507274105,1.9051714508823834,-7.435836220854803,-1.2599392443170083
right,13.17,1787652123791508096,1787652123787076651,10532,4.431445,-57.48624234402282,-7.343109818649815,-32.402222432430506,2.040179867499464,-7.918986639048859,-1.3717534528420932
right,13.18,1787652123801508096,1787652123796853422,10540,4.654674,-60.130153101715806,-10.865883150239544,-35.00002560963686,2.185592074270395,-8.37671306644158,-1.4528942135136136
right,13.19,1787652123811508096,1787652123806942026,10548,4.56607,-64.16498746781812,-11.1084086249516,-37.57580229746054,2.32022841603472,-8.891508674949224,-1.5283602972290353
right,13.2,1787652123821508096,1787652123816830426,10557,4.67767,-68.79592510741698,-8.990169145858387,-39.86918548238942,2.4340896328996804,-9.375969493055578,-1.6129548529073792
right,13.21,1787652123831508096,1787652123827272247,10565,4.235849,-69.90120089898184,-11.00295335952591,-40.424672749874595,2.5052357651680386,-9.58894624579317,-1.6696397452865865
right,13.22,1787652123841508096,1787652123836847344,10572,4.660752,-67.98604006260418,-10.18657342808019,-38.97527651966647,2.4005342924556174,-9.318768112629035,-1.6300923177808637
right,13.23,1787652123851508096,1787652123847065626,10580,4.44247,-63.35857843691955,-9.215489585628832,-35.30274871867049,2.205487225606931,-8.678927556707894,-1.5230370729698604
right,13.24,1787652123861508096,1787652123856957219,10588,4.550877,-55.37864050667935,-9.976910014105917,-31.52135189038056,1.9381618869443478,-7.6958099952840975,-1.3517915650605787
right,13.25,1787652123871508096,1787652123866858202,10596,4.649894,-49.77586579630162,-7.812776214311688,-29.313790077303093,1.6959364122077185,-6.9079553278107815,-1.2121878374641544
right,13.26,1787652123881508096,1787652123877383001,10606,4.125095,-51.64218480541937,-5.942068590237177,-29.720572683859597,1.724240330254157,-7.0831376082957345,-1.2695969738683446
right,13.27,1787652123891508096,1787652123886839579,10613,4.668517,-55.68366973573373,-7.502969422539721,-31.38564601956842,1.878148675549316,-7.622238202124551,-1.4003117862296381
right,13.28,1787652123901508096,1787652123896843155,10622,4.664941,-59.88063939975644,-7.428914047653202,-33.20916052940884,2.006366755948226,-8.1419865522251,-1.5157363705694296
right,13.29,1787652123911508096,1787652123906900754,10629,4.607342,-63.394594364544226,-10.194356608275292,-35.87132033502901,2.1674168401806893,-8.662121974572528,-1.6271028811769304
right,13.3,1787652123921508096,1787652123916842624,10638,4.665472,-66.94982422846596,-13.046835634059159,-38.76863404319377,2.339705734308599,-9.223639928742513,-1.7447168267107183
right,13.31,1787652123931508096,1787652123927423146,10645,4.08495,-71.83759201573731,-10.041861455439456,-40.84248533619025,2.444716039390716,-9.755568321922278,-1.8481447095446148
right,13.32,1787652123941508096,1787652123936902949,10652,4.605147,-72.53461765538152,-9.212283162101425,-41.40979104217993,2.453132927117669,-9.874219946492527,-1.8747227159166606
right,13.33,1787652123951508096,1787652123946896893,10662,4.611203,-69.6166746021892,-8.231874859532194,-38.62567991279382,2.3376158967044955,-9.509845114053363,-1.7996997790956042
right,13.34,1787652123961508096,1787652123956908951,10668,4.599145,-62.72230663830588,-6.120215691415115,-34.605036658821064,2.064070992277976,-8.581044949798256,-1.6135123678576293
right,13.35,1787652123971508096,1787652123967068851,10677,4.439245,-53.026169217856264,-6.449453216670275,-29.94841602155357,1.744747587842336,-7.389574760080689,-1.368647074310307
right,13.36,1787652123981508096,1787652123976987773,10685,4.520323,-47.161032604049915,-8.709719101863618,-26.630628247362125,1.5859208393938165,-6.697235306893841,-1.2247460190250412
right,13.37,1787652123991508096,1787652123986836963,10693,4.671133,-47.81321937618592,-10.999662973057378,-26.022928171066596,1.6542710219691181,-6.847814720926152,-1.2528202986753565
right,13.38,1787652124001508096,1787652123997052472,10700,4.455624,-48.87904338580275,-7.721433679156635,-26.161725859892414,1.6317154136622005,-6.864226859988606,-1.2520273733143796
right,13.39,1787652124011508096,1787652124006856221,10708,4.651875,-49.689043565324596,-6.5390605939875615,-26.218324773788716,1.6333568685762632,-6.917345841482629,-1.2673846906467836
right,13.4,1787652124021508096,1787652124016850815,10716,4.657281,-49.68189547625976,-4.335425978663601,-26.417309388903718,1.581822416064375,-6.829844183459091,-1.2522032047629266
right,13.41,1787652124031508096,1787652124026925200,10724,4.582896,-49.17408519623008,-4.204006953623582,-26.040533870041866,1.5596858067463555,-6.767334942052139,-1.2394858258052903
right,13.42,1787652124041508096,1787652124036841583,10733,4.666513,-49.48422649405823,-5.56851793467694,-25.855694976398965,1.5816050602841978,-6.8124658128715785,-1.2451413165518508
right,13.43,1787652124051508096,1787652124046826391,10742,4.681705,-48.367903930077304,-6.771550408175618,-25.56105960184054,1.556200094516517,-6.7072017254912994,-1.226616742307281
right,13.44,1787652124061508096,1787652124057077667,10748,4.430429,-45.61938014485802,-7.742307697104465,-24.746860549925763,1.480278758950199,-6.406096569511445,-1.1649242007720464
right,13.45,1787652124071508096,1787652124066866574,10756,4.641522,-42.028941521306784,-7.7484241777234955,-23.016096426052854,1.369637900978412,-5.977478388579141,-1.0792268876723763
right,13.46,1787652124081508096,1787652124076934567,10765,4.573529,-39.56035481199981,-6.980751035881106,-20.741036939513858,1.271506930377087,-5.643266013117786,-1.0109455009594746
right,13.47,1787652124091508096,1787652124087049923,10772,4.458173,-37.66931841276942,-3.625674102871751,-18.67581394453193,1.1565891568567208,-5.3413784433898766,-0.9492395090074546
right,13.48,1787652124101508096,1787652124097040522,10780,4.467574,-35.42305202376904,-2.223756888389476,-16.881913686372457,1.0612626445619515,-5.051073129309548,-0.8933640720302672
right,13.49,1787652124111508096,1787652124106852140,10791,4.655956,-31.60427637295611,-2.1793272444135745,-15.095747736642434,0.9433056093174925,-4.590621968948129,-0.8004291296375216
right,13.5,1787652124121508096,1787652124116836232,10797,4.671864,-26.563866660612756,-1.2605416473149167,-13.099989979540613,0.7711588460871438,-3.9504965353272072,-0.6715212261934604
right,13.51,1787652124131508096,1787652124127516866,10805,3.99123,-22.77762976380991,-0.950282443279685,-10.275340025139569,0.6454872900671137,-3.472653156048351,-0.5784087688182866
right,13.52,1787652124141508096,1787652124136861431,10813,4.646665,-17.747170174903797,-0.2802997523809978,-8.07374546570407,0.48609563056535765,-2.8532149247840133,-0.4572986544744234
right,13.53,1787652124151508096,1787652124147074100,10821,4.433996,-13.140164082319435,0.37049360625116545,-5.1883037212501915,0.3377852914976003,-2.28719454329209,-0.34348053820606395
right,13.54,1787652124161508096,1787652124156883457,10830,4.624639,-10.420605449522798,0.7809578910202637,-2.463235778955652,0.2468454856129984,-1.9534452439348402,-0.2750469255917385
right,13.55,1787652124171508096,1787652124166910057,10837,4.598039,-6.993390120731409,0.8715738961320769,-0.7893338127709346,0.14774132072572754,-1.5497153383233213,-0.19164473994515524
right,13.56,1787652124181508096,1787652124177117006,10846,4.39109,-4.170859085980044,0.9782497737410588,0.40757354632186704,0.06366141895473976,-1.2160377434903453,-0.12192280099266262
right,13.57,1787652124191508096,1787652124186864752,10852,4.643344,-0.1009852201993702,1.3259638581495565,1.3081829966396872,-0.05420045818781005,-0.7257600233096109,-0.01395443944732766
right,13.58,1787652124201508096,1787652124197079008,10860,4.429088,0.8005186009374086,1.691773099544366,2.7886749947735376,-0.08510184606811735,-0.6065113406806825,0.008353870745281378
right,13.59,1787652124211508096,1787652124207080870,10869,4.427226,1.069648384312561,2.892047355621415,3.3542785813543636,-0.11903861445302044,-0.5443445449471016,0.022368527645080905
right,13.6,1787652124221508096,1787652124216878386,10877,4.62971,1.0211719977498397,3.2343307272774884,3.5760799588175027,-0.13087476540425258,-0.5435639893527808,0.02092460526454276
right,13.61,1787652124231508096,1787652124227398026,10884,4.11007,0.9468328335789236,3.0666447394219745,3.282159034107623,-0.1331661667176338,-0.5421037686102866,0.017762374161804706
right,13.62,1787652124241508096,1787652124236915786,10894,4.59231,0.5237785496960404,2.877974198715148,3.1791128168124736,-0.12055548602195168,-0.5844249325183397,0.010056607280035657
right,13.63,1787652124251508096,1787652124247068073,10900,4.440023,0.1733270357272898,2.7144480289275794,2.474652297262249,-0.11535739486569986,-0.602483797849014,0.003737107471689427
right,13.64,1787652124261508096,1787652124256873816,10908,4.63428,-1.4484919605466378,2.416411117570485,1.707831122604083,-0.07479161362053453,-0.7736909796896877,-0.031059818244519866
right,13.65,1787652124271508096,1787652124266835990,10917,4.672106,-2.336473858376318,2.255444334561998,0.9701739956943838,-0.05509603455721489,-0.8537244953899477,-0.048910836429306825
right,13.66,1787652124281508096,1787652124276991267,10925,4.516829,-3.2828627613864265,2.0641756586564846,0.33209402473313476,-0.03393340787266398,-0.9438758803767996,-0.06882057085257054
right,13.67,1787652124291508096,1787652124287039771,10933,4.468325,-5.060837596339852,1.7302295152229092,-0.6850001345537593,0.014796058074366604,-1.1395792021650517,-0.10809402346050012
right,13.68,1787652124301508096,1787652124296861695,10940,4.646401,-6.3468656081133386,1.4698542103140075,-1.3590090643703086,0.04647639609881309,-1.276367160877156,-0.13183432229506686
right,13.69,1787652124311508096,1787652124306781951,10948,4.726145,-7.601404796896965,1.23909482507437,-2.010122252513801,0.07787841915898197,-1.4123501222099577,-0.15994170970375565
right,13.7,1787652124321508096,1787652124316798496,10956,4.7096,-9.047382295907164,0.966444577866111,-3.2497208019724853,0.11762255624529945,-1.573879512800731,-0.19338494497888215
right,13.71,1787652124331508096,1787652124326998856,10965,4.50924,-10.323156525843922,0.7437963526384603,-3.816782735789811,0.15632834211888155,-1.7149792863567337,-0.22182243863462925
right,13.72,1787652124341508096,1787652124336786820,10972,4.721276,-11.926792936293781,0.4406061282738869,-4.816919591945334,0.20190855800741483,-1.8913364867695535,-0.2561789242960172
right,13.73,1787652124351508096,1787652124346882335,10980,4.625761,-13.25297710579906,0.1747624543147661,-5.435511250478489,0.24034392564226578,-2.0433873480261684,-0.285105114556525
right,13.74,1787652124361508096,1787652124356961662,10988,4.546434,-14.766148318436569,-0.08766213972913617,-6.634002921713446,0.28706688132292224,-2.2197822790004746,-0.32152247519335786
right,13.75,1787652124371508096,1787652124366877913,10996,4.630183,-16.090221154949024,-0.32556622145234915,-7.179968700980897,0.3280305588216606,-2.368817177190532,-0.3521461372715122
right,13.76,1787652124381508096,1787652124377452695,11004,4.055401,-16.892027264841975,-0.034291922876529046,-7.237596863506229,0.34259647894068923,-2.450202237036877,-0.36037499749931723
right,13.77,1787652124391508096,1787652124386862380,11013,4.645716,-18.06861290936702,-0.8151209132819295,-7.959979935957534,0.38805179694703684,-2.5980287595040155,-0.3884126169756784
right,13.78,1787652124401508096,1787652124396958678,11020,4.549418,-19.280397294455668,-0.5981055418853471,-8.541273339989942,0.4181733102068555,-2.724979487053667,-0.4139838136253914
right,13.79,1787652124411508096,1787652124406857637,11028,4.650459,-20.79451939125431,-0.9291681218722299,-8.883163175712632,0.46438278537079375,-2.9030821240209783,-0.44993191126116905
right,13.8,1787652124421508096,1787652124416836385,11036,4.671711,-22.091280897032988,-1.6211969943107671,-9.779320247545273,0.5107452785204089,-3.069935346149226,-0.48456827922945955
right,13.81,1787652124431508096,1787652124426948812,11045,4.559284,-23.69464952032584,-1.845402763284811,-10.25774633809414,0.5559756483704643,-3.259431888581524,-0.5215305203612621
right,13.82,1787652124441508096,1787652124437090307,11052,4.417789,-24.244584247960667,-1.9367212616407747,-10.727729541686205,0.5734824447767293,-3.3201305409016775,-0.5329000187622017
right,13.83,1787652124451508096,1787652124446806131,11060,4.701965,-25.55356260349465,-1.749638969895536,-11.600570033485432,0.6107490039103839,-3.4679585458619875,-0.5598826654470431
right,13.84,1787652124461508096,1787652124456890741,11068,4.617355,-26.99417164019438,-2.044953399501089,-12.481884865487281,0.6588108076530687,-3.646539313794045,-0.5949547166812441
right,13.85,1787652124471508096,1787652124466958295,11077,4.549801,-28.0188458261732,-2.2908680743318266,-13.115590290886177,0.6922843015614017,-3.7758277332194465,-0.623714070681707
right,13.86,1787652124481508096,1787652124477006304,11085,4.501792,-28.327478904330388,-2.4960851314484227,-13.806145680602826,0.7082875016500051,-3.820874025327682,-0.63104540406424
right,13.87,1787652124491508096,1787652124486840057,11093,4.668039,-29.34808442882468,-2.769541494908116,-14.318253847022383,0.7429673730344686,-3.9490611168333762,-0.6569475931519029
right,13.88,1787652124501508096,1787652124496939628,11100,4.568468,-30.143106806572852,-3.34835201271609,-14.778586796036905,0.7787913811814559,-4.0584689207517615,-0.6816647727043579
right,13.89,1787652124511508096,1787652124507036599,11111,4.471497,-30.806538903698257,-3.3197770895397447,-15.111737011304943,0.7965951239001083,-4.138402086557796,-0.698618657288616
right,13.9,1787652124521508096,1787652124517061032,11119,4.447064,-31.278608066305488,-3.3083898794582955,-15.355958308013488,0.80621559973306,-4.197282353219797,-0.7116683591941547
right,13.91,1787652124531508096,1787652124526838460,11125,4.669636,-31.905066291886648,-2.8522281843803947,-15.631282068061688,0.8179515678974761,-4.260766729109826,-0.725114419409023
right,13.92,1787652124541508096,1787652124536807681,11135,4.700415,-33.07538776378354,-3.5769853531672298,-16.3368454270965,0.8625132021131361,-4.419852036242961,-0.7577701150343579
right,13.93,1787652124551508096,1787652124546869765,11143,4.638331,-34.25958031752162,-3.7698771256253636,-16.999562657872758,0.901621374445464,-4.566701554433801,-0.7890819552133629
right,13.94,1787652124561508096,1787652124556881883,11150,4.626213,-35.11711020293898,-3.4104281045873615,-17.41565774402111,0.923629944126798,-4.669581795201279,-0.8084785075531551
right,13.95,1787652124571508096,1787652124567054713,11157,4.453383,-35.449982246475564,-3.9299973076694075,-17.669081645815247,0.9463255294349033,-4.731612705067411,-0.8225391540675636
right,13.96,1787652124581508096,1787652124577412038,11164,4.096058,-35.83793358041338,-3.951776489734181,-17.871688344924284,0.9555086420440432,-4.773631192419092,-0.8312461328904002
right,13.97,1787652124591508096,1787652124587038582,11173,4.469514,-36.979297415930986,-4.112792061607398,-18.532687182153456,0.9887739299033665,-4.912545764262504,-0.8561359446897808
right,13.98,1787652124601508096,1787652124596922964,11181,4.585132,-37.807642550691455,-4.219246514353506,-19.01131610295574,1.0134423186350512,-5.013065557110834,-0.8789120914494429
right,13.99,1787652124611508096,1787652124606832109,11189,4.675987,-38.298645806378225,-3.8640244561567116,-19.268450307383766,1.021279098213484,-5.0595217171790345,-0.8865019983894801
right,14.0,1787652124621508096,1787652124616849266,11198,4.65883,-38.37853259971695,-4.420398418396128,-19.400345431527576,1.0364979614372107,-5.078258880589735,-0.8869854865593899
right,14.01,1787652124631508096,1787652124626917103,11206,4.590993,-39.220503578622846,-4.118642094915784,-19.845369641828373,1.0516768544101538,-5.162644808647738,-0.9040011698069547
right,14.02,1787652124641508096,1787652124636825548,11213,4.682548,-40.153874105427654,-4.334888581750184,-20.388319986122436,1.0785890719456028,-5.26635095518428,-0.9306882995732203
right,14.03,1787652124651508096,1787652124646823687,11220,4.684409,-41.37068211462118,-4.529338384335706,-20.978626172336835,1.1122894201255455,-5.396103612235692,-0.957950231278543
right,14.04,1787652124661508096,1787652124656876743,11229,4.631353,-42.82231233473994,-4.799089526781171,-21.685774641856426,1.1549438190824954,-5.550846934559659,-0.991705305383443
right,14.05,1787652124671508096,1787652124666881960,11236,4.626136,-43.51899349060399,-5.441217879480281,-22.063300639046865,1.180331861702521,-5.622024975498043,-1.0065425963839425
right,14.06,1787652124681508096,1787652124677201528,11245,4.306568,-44.63786705543139,-5.188651044027358,-22.574656353276517,1.2012262101782603,-5.718813962207445,-1.0245150017716416
right,14.07,1787652124691508096,1787652124686842987,11252,4.665109,-45.524681790373684,-5.3869318212611255,-23.012719190950055,1.2205463733577977,-5.792995738360965,-1.0400847948468455
right,14.08,1787652124701508096,1787652124696855278,11260,4.652818,-46.5852003257548,-6.029284233316297,-23.62130376443004,1.2553066476039532,-5.90247765599502,-1.0663436344867203
right,14.09,1787652124711508096,1787652124706888650,11269,4.619446,-47.74369847986167,-6.170449600635839,-24.18943688390158,1.2828496448527131,-6.00723872137569,-1.0880794143188814
right,14.1,1787652124721508096,1787652124716977712,11276,4.530384,-48.86570625690782,-5.892630483305686,-24.65514844759119,1.3037927102190232,-6.108469393103684,-1.1032214179470543
right,14.11,1787652124731508096,1787652124726948641,11285,4.559455,-49.848850823620076,-6.583461064421783,-25.18463417358475,1.3372540450621107,-6.217047485245898,-1.1256385520045769
right,14.12,1787652124741508096,1787652124736877734,11292,4.630362,-50.46763936705984,-6.686135384419173,-25.456612283517025,1.3479955919056885,-6.264236113355999,-1.135391173130821
right,14.13,1787652124751508096,1787652124746901782,11300,4.606314,-50.79147392762546,-6.765918735837396,-25.58269722648883,1.353127932555543,-6.278837076412676,-1.1361308110453519
right,14.14,1787652124761508096,1787652124756856751,11309,4.651345,-50.72167914764449,-6.2764032296576096,-25.450406260702675,1.3368100985117723,-6.234411240688021,-1.1277438970811884
right,14.15,1787652124771508096,1787652124767020575,11316,4.487521,-51.194991237456335,-6.354690805193721,-25.735086632158755,1.3520260808155848,-6.2743056984965975,-1.137368921813192
right,14.16,1787652124781508096,1787652124777182787,11324,4.325309,-51.831132404488926,-6.947504869659111,-26.130680190418072,1.375065943312008,-6.3496607483708845,-1.1501145712437115
right,14.17,1787652124791508096,1787652124786828679,11332,4.679417,-52.53358953947885,-7.007761116654372,-26.472660780712243,1.3978951346002457,-6.4260735984829775,-1.1676295988849128
right,14.18,1787652124801508096,1787652124796886306,11340,4.62179,-53.082619341368456,-6.609975617390193,-26.70261110519603,1.4066345368349116,-6.476914767509394,-1.1804476213326054
right,14.19,1787652124811508096,1787652124806928225,11349,4.579871,-53.11243421710311,-7.143921588370828,-26.770372318008484,1.4149974964309244,-6.485098406048323,-1.1847636839016493
right,14.2,1787652124821508096,1787652124816863580,11356,4.644516,-53.33185534910242,-6.692260126804214,-26.83358467655913,1.4119504585203038,-6.495181357365662,-1.1867364283711446
right,14.21,1787652124831508096,1787652124827050827,11364,4.457269,-53.15029258921267,-7.164812155517649,-26.811193821770377,1.4143108955099168,-6.482631885580263,-1.1858086257277187
right,14.22,1787652124841508096,1787652124836883820,11374,4.624276,-53.40588357896673,-6.760943432110404,-26.898569487373738,1.4137819761764545,-6.4956573946150185,-1.1898937636701632
right,14.23,1787652124851508096,1787652124847071600,11383,4.436496,-53.77379920297391,-7.330907175276136,-27.21040546232193,1.4334738796160142,-6.544851355843816,-1.2048771725160925
right,14.24,1787652124861508096,1787652124856873666,11391,4.63443,-54.199729102004056,-6.912516254948229,-27.442118615584793,1.434870616563374,-6.577971030616636,-1.2107444939272112
right,14.25,1787652124871508096,1787652124866880224,11397,4.627872,-54.3177417221803,-7.005840432097849,-27.56796891246187,1.4378565282611169,-6.585412024387793,-1.2167020973867955
right,14.26,1787652124881508096,1787652124877185912,11407,4.322184,-54.352206618788834,-7.0617286966860116,-27.611792120362782,1.439689406802846,-6.580117274871929,-1.2164414016353295
right,14.27,1787652124891508096,1787652124886896106,11414,4.61199,-54.497564512638796,-7.112320477346383,-27.699767813768645,1.4406971996494997,-6.586361959003278,-1.2133624721142704
right,14.28,1787652124901508096,1787652124897054573,11420,4.453523,-54.88470339492787,-7.610758166981805,-27.989286654956064,1.460063803481553,-6.640029930271134,-1.2290158722682971
right,14.29,1787652124911508096,1787652124906840317,11429,4.667779,-55.372958203582705,-7.165006046236295,-28.22072138670663,1.4635241733584001,-6.671834711245631,-1.2357587513171255
right,14.3,1787652124921508096,1787652124917001836,11437,4.50626,-55.79342643677879,-7.273435675445212,-28.472409842729444,1.4753776027313281,-6.719184369957248,-1.2464227038629296
right,14.31,1787652124931508096,1787652124926884154,11445,4.623942,-56.17596203054671,-7.798428799927306,-28.731153737900467,1.4905814432569282,-6.768629224522036,-1.2611467528359737
right,14.32,1787652124941508096,1787652124936865112,11454,4.642984,-57.37903871496896,-7.937680987402824,-29.311984432937155,1.5218392269059386,-6.900420673395328,-1.2874042732583053
right,14.33,1787652124951508096,1787652124946859811,11460,4.648285,-57.75015877230346,-7.9155675303020425,-29.439861277774693,1.5309709111752492,-6.946113382120026,-1.2948748600564683
right,14.34,1787652124961508096,1787652124956860795,11469,4.647301,-58.099221613637205,-7.916047817301227,-29.58509391539415,1.5434003862265957,-6.99695906844111,-1.3058396259066052
right,14.35,1787652124971508096,1787652124967004908,11476,4.503188,-59.00218760581551,-7.591543661533735,-30.062294567450365,1.5649725212238594,-7.112340836929305,-1.3283284908346014
right,14.36,1787652124981508096,1787652124977183970,11484,4.324126,-59.58190001988294,-7.790835230751814,-30.185436401988696,1.5870597410233849,-7.188865365152814,-1.3416628102126267
right,14.37,1787652124991508096,1787652124986868656,11493,4.63944,-59.37700334572763,-8.233297377511864,-30.148599523369455,1.5825931447492612,-7.159501524758326,-1.3369994119593067
right,14.38,1787652125001508096,1787652124997054191,11501,4.453905,-59.093699920580995,-8.055127038995096,-30.23149911054384,1.5719315390844648,-7.115037722334865,-1.3288479535942377
right,14.39,1787652125011508096,1787652125006823121,11509,4.684975,-59.05240593953006,-7.953709660405916,-30.138255717319815,1.5620936305105835,-7.0844265358532885,-1.3236620310957852
right,14.4,1787652125021508096,1787652125016832946,11517,4.67515,-58.72485888539631,-7.856769773170256,-29.958403264990373,1.5468408504642128,-7.034401243019325,-1.310121056426844
right,14.41,1787652125031508096,1787652125026908526,11524,4.59957,-58.867077058481776,-7.82540594110645,-29.551678332222764,1.5422454235192995,-7.033642733656908,-1.3114955572269211
right,14.42,1787652125041508096,1787652125037063183,11535,4.444913,-58.35773341699145,-7.707809487245477,-29.366833747554743,1.5274067656283572,-6.974198024356453,-1.302793010699911
right,14.43,1787652125051508096,1787652125046850483,11541,4.657613,-57.936833891967346,-7.625630192361438,-29.194021378764063,1.5135285712903874,-6.921064776982568,-1.2901010494706844
right,14.44,1787652125061508096,1787652125056872497,11549,4.635599,-57.627197984960056,-7.585469419304597,-29.084282863012806,1.5035555360361474,-6.886764239200643,-1.2828109745187715
right,14.45,1787652125071508096,1787652125066968100,11557,4.539996,-57.08755950377,-7.487381506876405,-28.803401810816354,1.4865497403624979,-6.818297911088655,-1.270486586197241
right,14.46,1787652125081508096,1787652125077570820,11564,3.937276,-56.24201795392666,-7.3264077458472245,-28.81080354172274,1.4626671770758808,-6.722627933880715,-1.2512852661025144
right,14.47,1787652125091508096,1787652125086855570,11572,4.652526,-55.99745103433404,-7.2761271700544885,-28.729143564160342,1.4503087165911677,-6.669230318147223,-1.237134703844835
right,14.48,1787652125101508096,1787652125097131176,11582,4.37692,-55.804955673686024,-7.241030206825756,-28.47726608619054,1.4431941019357386,-6.644000060274172,-1.231873887904063
right,14.49,1787652125111508096,1787652125106843400,11590,4.664696,-55.540119901562726,-7.229832438572368,-28.24538852023046,1.4318594429038505,-6.609743237602748,-1.2242996834953235
right,14.5,1787652125121508096,1787652125116788602,11597,4.719494,-55.425743592190216,-7.214310427138134,-27.9194675836321,1.430560917795035,-6.603749853926677,-1.2230711812753958
right,14.51,1787652125131508096,1787652125126802653,11604,4.705443,-54.57017183644502,-7.066678384929389,-27.62293728618411,1.4000566923697317,-6.487234559507402,-1.1993705736278149
right,14.52,1787652125141508096,1787652125136888481,11615,4.619615,-53.65173895774248,-6.438829787248677,-26.78950821313918,1.3654109370854433,-6.379275982799672,-1.1781165469804167
right,14.53,1787652125151508096,1787652125146882559,11621,4.625537,-53.02863274976896,-6.4139971345885565,-26.655741252303017,1.346855243556622,-6.300988677069179,-1.1586427871080949
right,14.54,1787652125161508096,1787652125156882065,11628,4.626031,-52.66000334853564,-6.900719982472384,-26.046111167081285,1.3481175210685532,-6.288418937372339,-1.1560627868623503
right,14.55,1787652125171508096,1787652125166917691,11636,4.590405,-51.1346638310554,-6.5985598347443535,-25.336739488339877,1.3020823125640868,-6.120108183910067,-1.1238691152471423
right,14.56,1787652125181508096,1787652125177408001,11644,4.100095,-50.13119890647495,-6.358815901082745,-24.89104381117935,1.2787830470301595,-6.016486648089768,-1.1062097215310862
right,14.57,1787652125191508096,1787652125186875785,11655,4.632311,-49.48970572041471,-6.241289078817022,-24.655356582947007,1.2644548757885854,-5.95959773379501,-1.0901782063195484
right,14.58,1787652125201508096,1787652125196873501,11663,4.634595,-47.90579453879655,-5.96400824343799,-23.92456698589704,1.2196896270686897,-5.786720712429558,-1.0514635613398529
right,14.59,1787652125211508096,1787652125206856441,11669,4.651655,-46.8121084447493,-5.785496081444464,-23.214149485602555,1.188912463937808,-5.683731192250805,-1.0277373820050952
right,14.6,1787652125221508096,1787652125216970472,11676,4.537624,-46.09943827460087,-5.6904407255057805,-22.942436471872856,1.170644003768012,-5.61608766484702,-1.012814087099547
right,14.61,1787652125231508096,1787652125227048307,11684,4.459789,-45.299553298267774,-5.501832146923075,-23.26087781130277,1.1512262313198025,-5.524455018600235,-0.9937887830086036
right,14.62,1787652125241508096,1787652125236909490,11693,4.598606,-44.50212575337302,-5.354384300590293,-22.686843895202145,1.1253642747188102,-5.4404029938706495,-0.9793580067306588
right,14.63,1787652125251508096,1787652125246875975,11700,4.632121,-43.87844754430306,-5.1961511055754706,-22.242803264678244,1.109973256573399,-5.376399904350988,-0.9674039172198998
right,14.64,1787652125261508096,1787652125256877551,11708,4.630545,-43.65513236837441,-5.137750201426767,-22.048814649731895,1.103789655161458,-5.365442186454065,-0.966646675401852
right,14.65,1787652125271508096,1787652125267117005,11717,4.391091,-43.74277468789832,-5.13751223527501,-21.565781471264945,1.103507748108764,-5.396431054733547,-0.9708031565273854
right,14.66,1787652125281508096,1787652125277364592,11725,4.143504,-42.320185732946086,-4.409521277863394,-20.815108967324285,1.0537079173613704,-5.234558590763459,-0.9377914891776095
right,14.67,1787652125291508096,1787652125286859224,11733,4.648872,-40.41079072669863,-4.5953840002314,-20.034613454747543,1.0023973201190965,-5.050253368604789,-0.8999699599356483
right,14.68,1787652125301508096,1787652125296896642,11741,4.611454,-38.350339108138634,-4.204486807700606,-19.06965433993166,0.9408957499713622,-4.83722501889135,-0.8604120893970735
right,14.69,1787652125311508096,1787652125306884259,11749,4.623837,-36.51715120900046,-3.869562300199788,-18.217390305095037,0.8876929901308155,-4.654455238443015,-0.8243442233216111
right,14.7,1787652125321508096,1787652125316868391,11756,4.639705,-34.472195018000725,-3.480491307352438,-17.75000721722452,0.838576430819827,-4.463417023455398,-0.785649370833773
right,14.71,1787652125331508096,1787652125326945751,11765,4.562345,-33.52631735760758,-3.305106488649828,-16.787290467941922,0.8168416338422799,-4.398470002590165,-0.7674629703868004
right,14.72,1787652125341508096,1787652125336929325,11772,4.578771,-31.52531052290498,-2.9468591793785732,-15.87443665890297,0.766126354166013,-4.220439086373698,-0.7232149253586636
right,14.73,1787652125351508096,1787652125346924808,11781,4.583288,-29.909963960814697,-2.2120588471933496,-15.130240478628718,0.7174523401199813,-4.0718737224274495,-0.6934427648794801
right,14.74,1787652125361508096,1787652125356942968,11789,4.565128,-28.633312672714503,-2.0890012267675324,-14.592888701667539,0.6858220120250546,-3.9674115382154205,-0.6763470710468236
right,14.75,1787652125371508096,1787652125366941552,11798,4.566544,-27.231391713433396,-1.9984782826594203,-14.397739752240497,0.6558461276588501,-3.845773020059788,-0.6498309022721522
right,14.76,1787652125381508096,1787652125377330066,11805,4.17803,-25.728264835855736,-1.8926079427793834,-13.631777819215259,0.6201042719316288,-3.6996470550223814,-0.6212310215174853
right,14.77,1787652125391508096,1787652125386880164,11812,4.627932,-24.504023705189585,-1.7666928377173217,-12.55964144297163,0.5929594437275238,-3.580177300829607,-0.5928667828428977
right,14.78,1787652125401508096,1787652125396823468,11820,4.684628,-23.27765890453353,-1.6134741721182935,-12.061770025538367,0.5703220463513909,-3.4756119253200746,-0.5631255535886177
right,14.79,1787652125411508096,1787652125406916099,11829,4.591997,-22.051711179018554,-1.515885448772456,-11.480439841031384,0.5466824581792304,-3.3666386350804154,-0.5396946070623662
right,14.8,1787652125421508096,1787652125416853555,11837,4.654541,-20.41757127753818,-1.3137616266388958,-10.660866812979052,0.5011568965057569,-3.1895524540751596,-0.5038664802098497
right,14.81,1787652125431508096,1787652125426854721,11845,4.653375,-18.864965445222996,-1.0747267841670272,-9.938167092683205,0.45160830298763865,-3.0117520015986043,-0.46800738991538415
right,14.82,1787652125441508096,1787652125436912801,11853,4.595295,-18.14246333101915,-0.9165760101957807,-9.613115038899275,0.42625388799123903,-2.9288255159339096,-0.45786114380847376
right,14.83,1787652125451508096,1787652125446855263,11860,4.652833,-17.537960904538195,-1.2834465623110205,-9.876587660040427,0.4199601478085775,-2.8903367069982266,-0.452709058693644
right,14.84,1787652125461508096,1787652125456855118,11868,4.652978,-18.232564132600636,-1.3724858755054785,-10.111303537501458,0.4392630181628127,-2.961445212878857,-0.46842897120283006
right,14.85,1787652125471508096,1787652125466985408,11877,4.522688,-19.97519199053408,-1.592321174801874,-10.488698649180103,0.48873655078290773,-3.164654159611425,-0.518743133168103
right,14.86,1787652125481508096,1787652125477173021,11885,4.335075,-21.730974032723744,-1.755512526367632,-11.686207987666885,0.5264976169909671,-3.331848281186263,-0.5611716920395883
right,14.87,1787652125491508096,1787652125486867555,11893,4.640541,-24.89980894386133,-2.2040766795581836,-12.798538300497766,0.5964713926960663,-3.6169152828462465,-0.6169285340095824
right,14.88,1787652125501508096,1787652125496843620,11901,4.664476,-27.60209931937722,-2.611844294554922,-14.704161108267009,0.6541091467718076,-3.8402386915635085,-0.6595672052819569
right,14.89,1787652125511508096,1787652125506892092,11909,4.616004,-31.15828966022951,-3.2262294844965584,-16.35399754046101,0.7401827008848801,-4.171142234601374,-0.716022126147336
right,14.9,1787652125521508096,1787652125516893360,11917,4.614736,-35.4375278349027,-4.047260893445126,-18.380359790485336,0.8371915370033427,-4.551097232456429,-0.7738934386968744
right,14.91,1787652125531508096,1787652125526893707,11924,4.614389,-39.16150155424774,-4.70591759485554,-20.1259025670206,0.9200065157965116,-4.902273749494316,-0.8171705156077718
right,14.92,1787652125541508096,1787652125536884971,11933,4.623125,-42.96809807570332,-5.288589933440262,-21.932386077079492,1.0152750018710606,-5.285431634920056,-0.8613082201370721
right,14.93,1787652125551508096,1787652125546964187,11940,4.543909,-46.63396687488701,-5.864555198588365,-23.512373930784957,1.1181766388067946,-5.697387479295367,-0.9123564146716796
right,14.94,1787652125561508096,1787652125556896517,11949,4.611579,-50.67340872194188,-6.448041717978029,-25.61881992346416,1.224796350125413,-6.136108870027582,-0.9740285068477725
right,14.95,1787652125571508096,1787652125567052847,11957,4.455249,-53.80803240759534,-7.246313259431187,-27.109971090219503,1.3336448520385855,-6.513538061582864,-1.0307016982565311
right,14.96,1787652125581508096,1787652125576970845,11965,4.537251,-58.07414608669662,-7.555471852008398,-29.463912220701673,1.4758848530394832,-7.005282785630665,-1.1308438659863078
right,14.97,1787652125591508096,1787652125586840453,11973,4.667643,-61.21200447223996,-7.687265478907703,-30.506588002600296,1.5741896788703709,-7.370075945184039,-1.1903115644392865
right,14.98,1787652125601508096,1787652125596843029,11980,4.665067,-61.0742547121384,-7.679369614715626,-29.751438502203534,1.5861042269844225,-7.389173170681708,-1.1999150495437443
right,14.99,1787652125611508096,1787652125606913796,11989,4.5943,-54.062183585381554,-7.351949810268247,-27.26914681126575,1.3566673045089952,-6.509976788859641,-1.0291441054594177
right,15.0,1787652125621508096,1787652125616841450,11998,4.666646,-47.00208538750902,-5.974322727515624,-21.795979107975754,1.0978669700608372,-5.570427741357886,-0.8371638506676448
right,15.01,1787652125631508096,1787652125626903095,12005,4.605001,-42.4398195604449,-5.376320977200441,-20.335133275335927,0.9421131282297746,-4.99907308469319,-0.7213118414829696
right,15.02,1787652125641508096,1787652125636855428,12013,4.652668,-44.504390235167655,-6.287214188474791,-21.963301475792193,1.0289386581705062,-5.320243038013807,-0.7806854298475147
right,15.03,1787652125651508096,1787652125646906303,12020,4.601793,-47.387831719053665,-5.225656728335812,-22.70039521525883,1.1211122360528036,-5.718123579854606,-0.8732137914757273
right,15.04,1787652125661508096,1787652125657069501,12029,4.438595,-47.89932227214387,-5.561044455528503,-22.592944534027936,1.1350094594242752,-5.763348325903725,-0.8926908987259383
right,15.05,1787652125671508096,1787652125666838276,12037,4.66982,-46.704914988975055,-5.282018602834042,-21.404382491730924,1.0792993996820626,-5.624169025579894,-0.8607827654503959
right,15.06,1787652125681508096,1787652125676919168,12045,4.588928,-41.955548573191784,-4.367275505432145,-19.218879403936267,0.9166825922053903,-5.042119938831835,-0.7375995782681896
right,15.07,1787652125691508096,1787652125686863932,12052,4.644164,-39.18820150771492,-6.426579672512355,-18.332257170276186,0.8507732901730183,-4.694442288252729,-0.6653894009155348
right,15.08,1787652125701508096,1787652125696804454,12061,4.703642,-41.50507029620659,-4.904073007883136,-20.11416468156621,0.9063537594736399,-4.979531683425494,-0.7224506956456156
right,15.09,1787652125711508096,1787652125706851624,12068,4.656472,-46.28393964748454,-5.030456950246443,-22.424738078550305,1.061023388020248,-5.6044279742894565,-0.8523536439715459
right,15.1,1787652125721508096,1787652125716883129,12076,4.624967,-48.05506501044314,-6.457523605070887,-22.635931439460094,1.138345263868138,-5.910515655383854,-0.8972097642890734
right,15.11,1787652125731508096,1787652125726812674,12084,4.695422,-46.99979352420901,-8.85844415943529,-21.966217213819917,1.1197417368941178,-5.811878459515518,-0.8419533049978589
right,15.12,1787652125741508096,1787652125736868230,12093,4.639866,-43.50366293310133,-5.9468041533791745,-19.975137757544726,0.9505294458243738,-5.273286363151695,-0.7189132767411242
right,15.13,1787652125751508096,1787652125746809135,12101,4.698961,-38.98658630465434,-3.5508895552399267,-17.297465803097584,0.7707393156312385,-4.63370454641506,-0.5817351522835666
right,15.14,1787652125761508096,1787652125756867674,12109,4.640422,-34.003142360914005,-5.030309427247446,-14.554387900972042,0.6347417443598022,-4.015706032830456,-0.4589224855084973
right,15.15,1787652125771508096,1787652125767056057,12116,4.452039,-35.706169392737436,-3.2469968874275015,-15.814690413291743,0.6360128586392926,-4.1722712530322905,-0.49070167382118235
right,15.16,1787652125781508096,1787652125776936808,12124,4.571288,-40.59918197527241,-2.084626488978883,-18.19726171378781,0.7698423756811725,-4.814094946767636,-0.6380623169937265
right,15.17,1787652125791508096,1787652125786847916,12134,4.66018,-44.52228837192411,-6.5396337335977375,-20.718164213192676,0.9492014927034766,-5.422659195703346,-0.7668130250859094
right,15.18,1787652125801508096,1787652125796873051,12143,4.635045,-49.23593472252398,-6.127639447662257,-22.998041112939543,1.0850381146122494,-6.064631879552487,-0.8821956063679136
right,15.19,1787652125811508096,1787652125806983185,12148,4.524911,-54.485465201408005,-4.206619837520613,-25.535018148286547,1.2072117795216881,-6.718880558642021,-1.0040106246339975
right,15.2,1787652125821508096,1787652125816819776,12156,4.68832,-58.16521557654533,-7.438511685355226,-27.828529712101318,1.3719441556235152,-7.329880208451359,-1.1346183889678567
right,15.21,1787652125831508096,1787652125826921485,12167,4.586611,-62.28299697145528,-5.876787292536543,-30.278346182425775,1.471494138956754,-7.853037249006469,-1.2597939013898962
right,15.22,1787652125841508096,1787652125836809392,12172,4.698704,-64.34749369759072,-7.067905679048836,-32.623081296309856,1.5532107534770243,-8.219792410393804,-1.34624069150783
right,15.23,1787652125851508096,1787652125846862270,12181,4.645826,-66.9460658710961,-8.821227783821369,-33.23338096386291,1.6404636744913703,-8.588859184444374,-1.4264355213196387
right,15.24,1787652125861508096,1787652125856840793,12188,4.667303,-65.81389054227785,-4.394210689359803,-31.74324187509347,1.5498193825031137,-8.371356787375616,-1.3911191000058019
right,15.25,1787652125871508096,1787652125866799462,12197,4.708634,-58.14623906779865,-5.35893750707242,-28.34423022751398,1.3229795180727448,-7.395673920104234,-1.196399877001923
right,15.26,1787652125881508096,1787652125876837561,12205,4.670535,-51.420764656020225,-4.305556001459266,-24.235826041305074,1.094537686987318,-6.48960947843648,-1.0274441563314762
right,15.27,1787652125891508096,1787652125887049349,12212,4.458747,-46.4027819901568,-2.527823263139688,-21.239250394635214,0.9110018594972041,-5.766801289648589,-0.8939957039375007
right,15.28,1787652125901508096,1787652125896789785,12221,4.718311,-39.989090395018344,-4.929810139925498,-18.641710151086933,0.7571370501709297,-4.98214025031409,-0.7322774240202181
right,15.29,1787652125911508096,1787652125906832328,12228,4.675768,-36.91109546353159,-0.8372239677316138,-15.476097179467022,0.6091515976677584,-4.455534015953933,-0.6389029037224733
right,15.3,1787652125921508096,1787652125916814573,12237,4.693523,-32.20555660173841,-0.6360020591276423,-13.545829508592355,0.47837645870547507,-3.862118317652181,-0.5237778663747249
right,15.31,1787652125931508096,1787652125926845583,12244,4.662513,-29.5924700774027,-0.3990811499377922,-12.042461322793812,0.4013250352494777,-3.5053948853985872,-0.45875519962712685
right,15.32,1787652125941508096,1787652125936819254,12252,4.688842,-27.60790541233236,1.4233388515691807,-11.076687639245007,0.33026188191688566,-3.2496559206809605,-0.40704062839397226
right,15.33,1787652125951508096,1787652125946966919,12261,4.541177,-25.147060058969195,-2.4157339754248035,-9.955481079359625,0.28652042499110447,-2.9394854527982774,-0.317947873689878
right,15.34,1787652125961508096,1787652125957102016,12268,4.40608,-23.67366467157163,-2.9453226650004423,-8.602248856507739,0.2566055467570163,-2.783897889519065,-0.259384466439118
right,15.35,1787652125971508096,1787652125967126183,12277,4.381913,-22.20949893600834,-0.20522046302075903,-7.84442308433552,0.1793217870350868,-2.5239534727923103,-0.1964426264560819
right,15.36,1787652125981508096,1787652125976843894,12285,4.664202,-19.60883538853282,0.07978620231131983,-6.495732334155886,0.10381560176127577,-2.197701755635921,-0.11665154428819047
right,15.37,1787652125991508096,1787652125986863372,12292,4.644724,-16.998951361421174,1.2616139121572836,-5.29316964734182,0.013927381973391495,-1.8253247473227008,-0.037284374079709526
right,15.38,1787652126001508096,1787652125996852080,12301,4.656016,-13.95754098068952,1.25758067351339,-3.5761739232023357,-0.07334993788381029,-1.3729672656153151,0.04881626714167664
right,15.39,1787652126011508096,1787652126006854836,12309,4.65326,-9.778421688439193,-2.214920991407755,-1.3935266295938353,-0.13968934626565033,-0.877610801253593,0.16147121749105683
right,15.4,1787652126021508096,1787652126016873554,12318,4.634542,-6.308436723999193,-0.7729011394123635,0.6163191571315765,-0.24548192725849918,-0.3549335447378067,0.3034377947170025
right,15.41,1787652126031508096,1787652126026866033,12327,4.642063,-2.8377005994760784,1.7033819141593411,2.809998945324339,-0.3636824667397308,0.1745416969035285,0.42576829565133456
right,15.42,1787652126041508096,1787652126036852887,12334,4.655209,1.4040151283095477,1.9620263753492366,5.736057756226815,-0.4639976332242335,0.7338090553426975,0.5497171000820211
right,15.43,1787652126051508096,1787652126047080618,12341,4.427478,6.223209215428118,0.804658938788029,8.187226385358056,-0.565649260149496,1.385631035317168,0.6870193632955612
right,15.44,1787652126061508096,1787652126056808045,12348,4.700051,11.265343243637062,2.9281188812505174,10.99593813081103,-0.6942060057680796,2.1175250665612775,0.8522317584616552
right,15.45,1787652126071508096,1787652126066823294,12356,4.684802,17.098197488042935,1.7422934206824823,13.874005845624204,-0.782508237398471,2.944885827761737,1.0290304283516862
right,15.46,1787652126081508096,1787652126077338572,12365,4.169524,21.768792756705547,2.490865888749269,16.24285164389125,-0.8456562362844847,3.5469526169372365,1.1399487398880628
right,15.47,1787652126091508096,1787652126087077799,12374,4.430297,24.708475254225412,2.5866951754133005,17.894463193882025,-0.876282484055327,3.9806614072766413,1.2075200108083064
right,15.48,1787652126101508096,1787652126097019058,12382,4.489038,27.607884535068553,2.1611306409822566,19.412196753815287,-0.8568775545851701,4.3184222260847,1.2600329246343935
right,15.49,1787652126111508096,1787652126106847073,12389,4.661023,30.059155304142198,2.243835445906431,20.40334275400167,-0.8524508823889163,4.649015218761726,1.2869882443940122
right,15.5,1787652126121508096,1787652126116797633,12398,4.710463,32.44009246795291,2.4042595069309174,21.639024531316483,-0.8591672122578266,4.9743623318187415,1.2934876423326465
right,15.51,1787652126131508096,1787652126127071369,12405,4.436727,34.007217701704384,2.2614363000117694,22.140304604632558,-0.8369660400166535,5.213288363703391,1.3102926778392612
right,15.52,1787652126141508096,1787652126136841785,12412,4.666311,34.39249919384624,2.1140154686823065,21.769567530469914,-0.8010370464212122,5.288689004410174,1.273562720527179
right,15.53,1787652126151508096,1787652126147187574,12421,4.320522,34.37283029354776,2.77854339044989,21.589569901875,-0.767113298034342,5.231235896798656,1.1773561371958325
right,15.54,1787652126161508096,1787652126156857174,12429,4.650922,30.49753032696,1.7518488448652145,18.361130759945926,-0.6233361191034338,4.6918210826511775,1.0556458322898545
right,15.55,1787652126171508096,1787652126166840913,12438,4.667183,28.218441013353154,0.9216754376622975,18.166496140515605,-0.5271665666105608,4.328083715441573,0.9528140603421764
right,15.56,1787652126181508096,1787652126177386623,12444,4.121473,31.8179606995374,3.994273570559102,21.17215101331069,-0.6436719744185905,4.988657965476466,0.9398986229668846
right,15.57,1787652126191508096,1787652126186882427,12453,4.625669,37.47167614599768,6.563500887497784,23.980765598558005,-0.7787861838964216,5.7835631031056165,0.9076047201637172
right,15.58,1787652126201508096,1787652126196847056,12461,4.66104,42.33281894432832,3.5923833608436015,25.846673366225318,-0.8585559643893046,6.467430896360006,0.8621257397851059
right,15.59,1787652126211508096,1787652126206930685,12469,4.577411,45.5567859366982,1.5823881262878157,27.417064298372363,-0.8778814477991108,6.908571675265806,0.8242427802579082
right,15.6,1787652126221508096,1787652126216965816,12476,4.54228,46.13117109352873,2.5535539975400647,27.459337123137942,-0.8527453033533081,6.976279075895956,0.776503319044229
right,15.61,1787652126231508096,1787652126226826875,12485,4.681221,45.03720871063407,7.043838644239319,27.381071955422506,-0.8761498309879541,6.869864365527584,0.7242471406369106
right,15.62,1787652126241508096,1787652126236872710,12492,4.635386,42.82302028997743,2.549195514716394,26.79028204774126,-0.8163462482148284,6.532315135126738,0.6714897852861841
right,15.63,1787652126251508096,1787652126246997298,12501,4.510798,40.91543481269152,1.0857495428200195,24.190078394527863,-0.7958495238696903,6.229989680887782,0.6261117511220525
right,15.64,1787652126261508096,1787652126257113677,12509,4.394419,36.28731248058485,0.45564386403384605,22.79212374323852,-0.6840976145739915,5.553935316631545,0.6194421555957277
right,15.65,1787652126271508096,1787652126266887111,12517,4.620985,37.03531244114487,2.826377373888359,23.413099181841893,-0.7061112025842734,5.699202472420301,0.6523471404174745
right,15.66,1787652126281508096,1787652126277141431,12524,4.366665,41.70528254789034,3.51528838938457,25.260616583749457,-0.8114500769041784,6.364913365787695,0.6977246398079605
right,15.67,1787652126291508096,1787652126286864863,12533,4.643233,46.619307135669395,1.976135262960455,27.94472837529092,-0.8980817356877916,6.972723650367091,0.7473515022486918
right,15.68,1787652126301508096,1787652126296850592,12541,4.657504,50.76024105093522,2.865082265161871,29.887653451380476,-1.0035420585839236,7.5401686501632454,0.8036197718108065
right,15.69,1787652126311508096,1787652126306856373,12549,4.651723,52.75637312322477,3.538780506866436,31.812905278957377,-1.0715659243921924,7.845628730794151,0.8436565869086069
right,15.7,1787652126321508096,1787652126316853728,12556,4.654368,52.05139353097312,7.001907685401016,31.758170952914252,-1.1154908888331658,7.781338148506471,0.8455946213217896
right,15.71,1787652126331508096,1787652126327090869,12565,4.417227,52.26826689685201,6.162365353609967,29.57836678434377,-1.1224042648355528,7.695004892377089,0.83521534357726
right,15.72,1787652126341508096,1787652126336899578,12573,4.608518,47.94168833818425,1.3783561185284867,28.02787830928384,-0.9932653118661503,6.987576135084599,0.7935641180792268
right,15.73,1787652126351508096,1787652126346985143,12581,4.522953,42.078719747056994,-1.0798320531224954,25.366660242097584,-0.856431650823377,6.169212986500701,0.7597967133138792
right,15.74,1787652126361508096,1787652126356910168,12590,4.597928,35.327381036846916,2.5638059045544446,20.429357380842223,-0.7579664902184968,5.277340867227758,0.702453214738547
right,15.75,1787652126371508096,1787652126366848698,12596,4.659398,35.771607685616125,5.60764341316749,20.901184134021598,-0.7921101597837646,5.3344918650018505,0.6680867072988518
right,15.76,1787652126381508096,1787652126377028685,12604,4.479411,39.44206158674591,3.00456146459091,24.05743201779933,-0.863881497741063,5.872707275338543,0.6595280703411763
right,15.77,1787652126391508096,1787652126386849557,12612,4.658539,43.96077149395101,5.152662687693927,26.373783705044506,-1.0153394108097544,6.55158531774877,0.6765106483654311
right,15.78,1787652126401508096,1787652126397000093,12621,4.508003,51.89217823886206,5.3922728228404875,29.550053147901686,-1.2202314967239556,7.618614611751481,0.7212161271436811
right,15.79,1787652126411508096,1787652126406904304,12629,4.603792,54.47059439420629,7.02369690275621,32.459112149926696,-1.3331301954971606,8.036716122155687,0.7421235717482899
right,15.8,1787652126421508096,1787652126416832212,12636,4.675884,56.00702293741263,8.03407955135456,34.263470715889405,-1.4111202923413693,8.285519495486687,0.7391924004259749
right,15.81,1787652126431508096,1787652126426868374,12646,4.639722,57.708494889898674,8.331416950602224,34.18070684977253,-1.452439956132735,8.484990067958336,0.7284868382646211
right,15.82,1787652126441508096,1787652126437014344,12653,4.493752,55.38669732091537,7.148902607873344,33.0829767122874,-1.3878744884391794,8.170286237393306,0.6951288352730098
right,15.83,1787652126451508096,1787652126447168294,12661,4.339802,49.998747273663795,7.011966468450592,28.734097715699047,-1.234737670516867,7.3549944440393205,0.6498955849578902
right,15.84,1787652126461508096,1787652126456852156,12669,4.65594,44.316847181925795,5.721772094136272,26.329767223295484,-1.0783240478158316,6.534420120307207,0.609589089141761
right,15.85,1787652126471508096,1787652126466947236,12677,4.56086,43.70607519918254,5.004177406245396,27.18019571713637,-1.0619328733946292,6.522476464282838,0.5920665730044097
right,15.86,1787652126481508096,1787652126476947008,12685,4.561088,45.766414204272536,5.591068506235757,27.666551359364217,-1.0972027889608051,6.821568167886078,0.6059345208071364
right,15.87,1787652126491508096,1787652126487048357,12693,4.459739,46.02560796581447,4.72254325077615,26.776367840217492,-1.0657304319175855,6.853865704169808,0.6475910222306335
right,15.88,1787652126501508096,1787652126496837305,12702,4.670791,41.881894311263906,5.058336449426241,24.325261136778135,-0.9677637352610997,6.332972499415964,0.6702873440683573
right,15.89,1787652126511508096,1787652126506838982,12708,4.669114,37.76614919809194,5.966765518452297,23.32982953262378,-0.8712469124358752,5.752769522877147,0.6668661983841666
right,15.9,1787652126521508096,1787652126516951322,12716,4.556774,40.107244862024245,5.88120237826054,25.560763613557214,-0.907814846070797,6.132257907138654,0.6499421854457084
right,15.91,1787652126531508096,1787652126526864399,12724,4.643697,46.399060907205886,5.944372819307239,28.403184555571443,-0.9952067025442808,6.984872864607858,0.6314505685855262
right,15.92,1787652126541508096,1787652126536820235,12733,4.687861,49.88282319594954,6.240873279455236,29.575283898723026,-1.0574019531258299,7.47961207823673,0.5708571088928822
right,15.93,1787652126551508096,1787652126547193187,12740,4.314909,46.87574530686109,6.487054303401499,27.675891174087837,-0.9670763974978311,7.0074436759514125,0.5266134466237858
right,15.94,1787652126561508096,1787652126556795286,12748,4.71281,42.751229817444404,7.348544078150365,25.87201554471644,-0.8842873813204027,6.435508681702994,0.47408483678608193
right,15.95,1787652126571508096,1787652126566848402,12757,4.659694,41.665218578816905,7.354255224568335,24.214846129827656,-0.8547942392272764,6.224896093529716,0.4263368180378747
right,15.96,1787652126581508096,1787652126576877273,12764,4.630823,39.67333501493599,6.213793827802559,23.01914680107595,-0.7912366982802472,5.847569862711241,0.39422155075199894
right,15.97,1787652126591508096,1787652126587072515,12773,4.435581,40.95283454575317,6.251998715393993,24.154197633773997,-0.828569741306732,6.079890925667104,0.35831722135962185
right,15.98,1787652126601508096,1787652126596833513,12781,4.674583,42.94887509390979,6.509037903659816,24.6772321463108,-0.8698905055389823,6.3658390976411425,0.33356255610563457
right,15.99,1787652126611508096,1787652126606826439,12788,4.681657,43.468895608716345,6.436378704310983,24.498552471938282,-0.8931532732849187,6.459347617783675,0.3162374111939359
right,16.0,1787652126621508096,1787652126617116488,12797,4.391608,43.64008705586363,5.878673913091007,23.98005128859747,-0.8969197840450451,6.5293535997620715,0.3214571157396048
right,16.01,1787652126631508096,1787652126627089379,12804,4.418717,41.84145917936478,5.496769798266527,23.22032476798311,-0.8731528415148507,6.301224658476828,0.32514226921141254
right,16.02,1787652126641508096,1787652126636803312,12813,4.704784,42.502958181263146,6.409619384958941,24.256452049526843,-0.9027958377479253,6.467501876486106,0.3159038058301896
right,16.03,1787652126651508096,1787652126647032509,12822,4.475587,42.38349121721559,6.552535398951859,23.82198427955612,-0.9102352373836893,6.489712776460441,0.30883081145476166
right,16.04,1787652126661508096,1787652126656868452,12829,4.639644,41.35354610344135,6.025481218904801,22.95725410497062,-0.8834768269667042,6.270306255109979,0.30844942038122275
right,16.05,1787652126671508096,1787652126666836474,12837,4.671622,38.197050060087015,5.877512561985132,20.690456156372328,-0.8369842285331706,5.850378915449281,0.3125223937604644
right,16.06,1787652126681508096,1787652126676875678,12844,4.632418,36.20756431739873,5.886017134141932,20.368752606498358,-0.799886196692368,5.510201321913257,0.3207411532741854
right,16.07,1787652126691508096,1787652126686842528,12853,4.665568,33.96619550486083,5.3937036138977446,19.26461687073984,-0.7654911612848345,5.264223401021478,0.3313402742455164
right,16.08,1787652126701508096,1787652126696829145,12863,4.678951,32.42056903343705,4.148578094536507,18.682205112024224,-0.7135114629761939,4.976549086584198,0.34697201006388806
right,16.09,1787652126711508096,1787652126706846282,12870,4.661814,30.44209775063756,4.123792567446969,16.622715869497657,-0.6803902556655376,4.763790835207514,0.3578350046467944
right,16.1,1787652126721508096,1787652126716957035,12876,4.551061,29.461453349101422,4.343503113737003,16.646276519272718,-0.653270335159725,4.558029686920996,0.3696148785397837
right,16.11,1787652126731508096,1787652126726872721,12887,4.635375,29.377814449446895,4.733395151202208,16.731354607451337,-0.6591514583900036,4.594630232326659,0.3712014335982643
right,16.12,1787652126741508096,1787652126736864665,12893,4.643431,30.489554382309052,5.359626355500916,16.504402091530224,-0.6642952267792046,4.619836517531791,0.3724961025589929
right,16.13,1787652126751508096,1787652126747083150,12900,4.424946,30.672190028360927,5.887851852285691,15.630903740599374,-0.6730686114275327,4.627742219742345,0.36638087111112416
right,16.14,1787652126761508096,1787652126756838314,12908,4.669782,31.71540159809259,6.010247139586691,17.70221477414717,-0.6835074257798421,4.731456777639593,0.3647131912505297
right,16.15,1787652126771508096,1787652126766854384,12916,4.653712,34.790908131028424,6.949614149826367,18.62685541091577,-0.7335509867580665,5.194020612181725,0.36279097347084244
right,16.16,1787652126781508096,1787652126776858363,12925,4.649733,36.2806963567239,7.239811937067499,18.982395433796494,-0.7330082866552763,5.302466718447612,0.3671978403152296
right,16.17,1787652126791508096,1787652126786841446,12932,4.66665,34.86583486586173,6.665543393369702,18.48134648029478,-0.7131148162532278,5.179507750173405,0.36207131558207684
right,16.18,1787652126801508096,1787652126796993230,12940,4.514866,35.43307631773745,5.978298060980182,18.332966160810262,-0.7130866680260661,5.169106877853387,0.35570929300486664
right,16.19,1787652126811508096,1787652126806819212,12948,4.688884,35.81046581857408,5.502965779872763,17.73219766936786,-0.7324587723273794,5.335728663420142,0.3466554213220139
right,16.2,1787652126821508096,1787652126816882062,12956,4.626034,34.7217609494676,5.446359357694507,18.59816259435009,-0.7210402782257782,5.216012846281183,0.3555638732584603
right,16.21,1787652126831508096,1787652126827292535,12964,4.215561,34.87797036529725,6.525217660937152,17.280571981927785,-0.7471541497000048,5.36830436215488,0.35225876336361006
right,16.22,1787652126841508096,1787652126836807052,12973,4.701044,34.916059630690754,7.868233650118967,18.059330188883994,-0.7571097004615361,5.348135647850462,0.3436380462272961
right,16.23,1787652126851508096,1787652126846833370,12980,4.674726,34.763029448683405,5.833916772199111,19.10323499457447,-0.7553354084757222,5.437091167240064,0.329458206338461
right,16.24,1787652126861508096,1787652126856893770,12988,4.614326,34.05710342104626,6.446032956100379,19.52654970813867,-0.7417367039012639,5.292162242400598,0.3169431400113637
right,16.25,1787652126871508096,1787652126866842625,12996,4.665471,32.12029651843479,3.6558286200414294,18.643037244088795,-0.6763596700119233,4.998223426389698,0.3200019842046227
right,16.26,1787652126881508096,1787652126876871286,13005,4.63681,30.698609885656182,4.806155340279556,17.986432100887573,-0.6417308175574473,4.725121670163026,0.3213019150762696
right,16.27,1787652126891508096,1787652126886868888,13013,4.639208,29.773865324317057,6.340959514194098,17.368380952208774,-0.620294378729964,4.538872997396173,0.3206747516895243
right,16.28,1787652126901508096,1787652126896903667,13021,4.604429,30.586279964396482,6.4850629424598285,16.36507641085959,-0.608895376501499,4.580732431614829,0.31546526652304063
right,16.29,1787652126911508096,1787652126907078938,13030,4.429158,32.42772037714999,3.4390168681200626,16.101894296772905,-0.593074037084302,4.680725727112171,0.3159175656188637
right,16.3,1787652126921508096,1787652126916842423,13036,4.665673,32.94904930163901,5.732072907228264,15.906878889202426,-0.6104814314096513,4.8380699283723025,0.30896305256262535
right,16.31,1787652126931508096,1787652126926973604,13044,4.534492,33.81261664368263,7.802009114875394,16.359096930982098,-0.6130734053969776,4.941472312070812,0.3146294984144824
right,16.32,1787652126941508096,1787652126936885663,13053,4.622433,32.60416573065191,7.471798449740962,16.746617020692597,-0.6121471104727549,4.842009811535894,0.3194089310813868
right,16.33,1787652126951508096,1787652126947126677,13061,4.381419,31.182072139315128,2.861587861354233,16.116630850113843,-0.577662630339697,4.623436503074117,0.3291038588859162
right,16.34,1787652126961508096,1787652126957067357,13069,4.440739,30.424920907855277,1.1747959758078923,14.766550290633921,-0.5612042112815891,4.417491000955092,0.3512350566153426
right,16.35,1787652126971508096,1787652126966986915,13077,4.521181,27.887031866668696,4.343440327269117,13.373771872525374,-0.5570987441949942,4.055269692196329,0.37317096203135114
right,16.36,1787652126981508096,1787652126976876389,13085,4.631707,26.63037012408774,4.343766184786918,13.313804685844774,-0.564079998625303,3.9297946304539364,0.38347745514423304
right,16.37,1787652126991508096,1787652126987050323,13093,4.457773,25.616280881203334,3.0059394915140447,13.929926547112965,-0.5506386481666914,3.779791959504348,0.3820242880743234
right,16.38,1787652127001508096,1787652126997034387,13100,4.473709,27.140363583596613,4.277367469676513,13.72799477513024,-0.5587902399847722,3.9386450183236406,0.36116926339138933
right,16.39,1787652127011508096,1787652127006804127,13109,4.703969,27.965837487661823,4.829444364137492,14.210691181032121,-0.5380775968021085,4.055936407876023,0.32530064890694
right,16.4,1787652127021508096,1787652127016843527,13118,4.664569,28.707007711785387,3.746006852346505,12.717404339859435,-0.5204226718307997,4.120201835975498,0.286914698991644
right,16.41,1787652127031508096,1787652127027074581,13125,4.433515,29.00226968390579,1.3105000453693008,13.61272752161842,-0.5065585871244997,4.193563871235439,0.25897700795536954
right,16.42,1787652127041508096,1787652127036803410,13135,4.704686,29.981166686343588,4.355489976760905,13.785581827723554,-0.550337659670641,4.389527868427433,0.2291550144837463
right,16.43,1787652127051508096,1787652127046872814,13140,4.635282,28.282000430316515,4.056679675105233,15.29354803860285,-0.5514536722845687,4.236997687924386,0.219545594097187
right,16.44,1787652127061508096,1787652127056856868,13150,4.651228,27.088970502506612,4.261626075297979,15.129744753439525,-0.5510864293755763,4.168002840809369,0.20785602910259315
right,16.45,1787652127071508096,1787652127067051439,13157,4.456657,26.938507443067092,3.914199582113561,13.75280160223944,-0.5404088864647368,4.0949386668656365,0.20380483677474248
right,16.46,1787652127081508096,1787652127076898099,13165,4.609997,25.62850663155094,1.9497496632078835,13.902346090458076,-0.5156165886332883,3.9302162530880493,0.21051026668458708
right,16.47,1787652127091508096,1787652127086910365,13172,4.597731,25.90755732914284,2.472828158895985,13.831166948836712,-0.514300504043572,3.9252000217602108,0.21237267210955452
right,16.48,1787652127101508096,1787652127096807834,13180,4.700262,23.598975462815194,2.8102426516528207,14.411938792568634,-0.49980112116443665,3.663221215671679,0.21924535609717472
right,16.49,1787652127111508096,1787652127107061561,13188,4.446535,24.600607910894194,3.906017707702335,13.268087540672818,-0.5150317488610383,3.722664258362505,0.21217114573772178
right,16.5,1787652127121508096,1787652127116823230,13196,4.684866,24.788246240013187,3.804437551964126,14.198836572947798,-0.5190753264473996,3.78558922962834,0.20183695424214854
right,16.51,1787652127131508096,1787652127127038334,13204,4.469762,25.48984318296246,3.7589888886810785,13.465998708140068,-0.5142791274824923,3.820808720790248,0.19657563489073027
right,16.52,1787652127141508096,1787652127136832574,13212,4.675522,26.19921033855706,3.7745171541410225,14.131429710697851,-0.5091612198748694,3.928264475857062,0.20405314774394834
right,16.53,1787652127151508096,1787652127146861933,13221,4.646163,25.31795506572676,3.288536213606245,14.148665875702045,-0.49486173841229164,3.8281342284686923,0.21415671874873887
right,16.54,1787652127161508096,1787652127156881255,13229,4.626841,23.969389832172457,3.0073947340187543,13.888834583287071,-0.48171572364231974,3.620677083576666,0.22467200742899063
right,16.55,1787652127171508096,1787652127167101205,13238,4.406891,22.131690976920318,2.8228368090818696,12.684574826520551,-0.4633323541880472,3.3671717334844433,0.2361035152062987
right,16.56,1787652127181508096,1787652127176842108,13245,4.665988,21.345078645593027,2.3020343981056937,12.266531462487576,-0.45168872845144264,3.2068424303521406,0.2505763613123336
right,16.57,1787652127191508096,1787652127186874274,13253,4.633822,20.36345457119439,2.8261910211466352,11.348276310568627,-0.44964899480532633,3.126011310360086,0.2645528573831477
right,16.58,1787652127201508096,1787652127196861907,13260,4.646189,18.70134835985115,3.196244667752522,11.370721782459617,-0.44783589613428454,3.000402107880259,0.2728830144173616
right,16.59,1787652127211508096,1787652127206839445,13268,4.668651,18.03799027669423,3.5620732007934848,10.852335342732285,-0.4421663889318067,2.930144976583343,0.2817193830590957
right,16.6,1787652127221508096,1787652127216950570,13277,4.557526,18.64316435307589,3.474206011428942,10.273059343769743,-0.4465276732014516,3.0378928485136854,0.2923331926128593
right,16.61,1787652127231508096,1787652127227101288,13284,4.406808,18.90460666848308,3.434563458181501,12.257863726094678,-0.4516969672400081,3.1014519582117255,0.29768993779468
right,16.62,1787652127241508096,1787652127236868578,13292,4.639518,18.141019446195482,3.359184241450105,12.218346094899859,-0.4474901500592751,2.986574398942077,0.3081706180348296
right,16.63,1787652127251508096,1787652127246913299,13301,4.594797,16.696941208561974,2.896787935106945,10.975781571284529,-0.43728753460542724,2.8719103760536155,0.31449833885487566
right,16.64,1787652127261508096,1787652127256908894,13308,4.599202,15.950734080593103,3.1180728626335092,10.212341922962331,-0.43460212528456876,2.73623528855257,0.3179754651397938
right,16.65,1787652127271508096,1787652127267078901,13317,4.429195,15.667775607716338,2.9050148151469797,12.206701878133204,-0.4523156857706673,2.7513298360813967,0.3198644744109132
right,16.66,1787652127281508096,1787652127276820944,13324,4.687152,15.841384291141722,2.8396993574326883,10.822988323720901,-0.47296802143687466,2.729743330184311,0.32170635631432193
right,16.67,1787652127291508096,1787652127286856139,13332,4.651957,17.357081081604555,3.413018286218471,9.03417423747435,-0.5009490640283342,2.9031385762303805,0.3173880657444964
right,16.68,1787652127301508096,1787652127297249148,13341,4.258948,17.318985531776153,3.776933563117862,11.268116292074161,-0.5267928346319029,2.9375872951119852,0.31829490125807036
right,16.69,1787652127311508096,1787652127306799953,13348,4.708143,17.412849402449744,3.7068787850106366,11.975974530922874,-0.5467794060041756,2.900497090298905,0.31753274705875734
right,16.7,1787652127321508096,1787652127316847339,13357,4.660757,16.720373001686525,3.9494180380594885,12.001245111730825,-0.5550128512951478,2.82832465085554,0.31432532536675883
right,16.71,1787652127331508096,1787652127327601944,13365,3.906152,16.95344998850565,3.2663933904990516,10.553139625845501,-0.5446385757329618,2.764862467474905,0.3082684744648816
right,16.72,1787652127341508096,1787652127336847048,13373,4.661048,16.093336400633344,3.000129413707019,10.476955984785787,-0.5269142491947173,2.6654005592123307,0.3016901889491767
right,16.73,1787652127351508096,1787652127346894598,13381,4.613498,18.128051722009904,2.963307016071779,9.946141399859204,-0.5014395064703018,2.8048762930890034,0.2808887352845981
right,16.74,1787652127361508096,1787652127356885732,13389,4.622364,16.26885146288015,2.889706828952421,10.723688878257366,-0.45266584986538716,2.615756040579554,0.26735629153375035
right,16.75,1787652127371508096,1787652127366848644,13397,4.659452,15.145232013646206,2.3616353056258257,9.181232020597825,-0.41087883720602836,2.514794474969539,0.26518275430969024
right,16.76,1787652127381508096,1787652127376839588,13405,4.668508,13.615803197444357,3.0617039462556965,10.584290639525591,-0.38576008005024987,2.390097870113586,0.2672494025892891
right,16.77,1787652127391508096,1787652127386846732,13413,4.661364,12.765771602837146,3.597419716125053,10.369388783636289,-0.3707598109290612,2.258080510900382,0.2682047086142517
right,16.78,1787652127401508096,1787652127396914296,13423,4.5938,10.893213926095871,3.015104037283492,9.070743601974137,-0.3475515701330415,2.026022758822114,0.27372563404080996
right,16.79,1787652127411508096,1787652127406819134,13430,4.688962,9.690908487949375,2.059718029255004,6.404746771994928,-0.31382258586818934,1.820331433226521,0.2708238882841309
right,16.8,1787652127421508096,1787652127416813074,13436,4.695022,8.178931440568343,2.0217355823450633,6.541089398036233,-0.2907931196208565,1.6195727306763925,0.2810974835815284
right,16.81,1787652127431508096,1787652127427272584,13446,4.235512,7.611593395690659,1.554564416685008,6.293086695437765,-0.2939808202209012,1.6399245462813934,0.29329221111932424
right,16.82,1787652127441508096,1787652127436931530,13452,4.576566,6.531514536093536,0.9934569882763638,8.15490116635505,-0.29599030288911754,1.6045066221881883,0.3047679361498079
right,16.83,1787652127451508096,1787652127446844174,13463,4.663922,6.544523420620994,1.3950959847718412,7.388328112153371,-0.3100267866202625,1.684650751956548,0.30949669370097405
right,16.84,1787652127461508096,1787652127457120031,13470,4.388065,6.157139366854677,1.6534065605534682,6.574405007583963,-0.30932299605082236,1.6394502866154401,0.31442410709689256
right,16.85,1787652127471508096,1787652127467037015,13479,4.471081,5.513849919539128,1.1546256144733045,7.18670225110413,-0.3180331436360876,1.5671747483096035,0.29981968053786934
right,16.86,1787652127481508096,1787652127476832418,13485,4.675678,6.378592377891196,1.340153549104442,6.266779581151191,-0.3224639702295843,1.6069964951054376,0.29284014725553026
right,16.87,1787652127491508096,1787652127487060384,13495,4.447712,6.588489272827716,1.2514263040881282,7.6632075740579655,-0.3260098874445694,1.641294344259849,0.29699514956201
right,16.88,1787652127501508096,1787652127496994629,13502,4.513467,6.631164336941574,1.144952235511354,6.452736624929543,-0.3094118802619593,1.5762117166094745,0.3106653014478401
right,16.89,1787652127511508096,1787652127507031819,13508,4.476277,6.697883765798279,1.0118247339354574,5.709069326997906,-0.2908298474154657,1.5619092725430386,0.3258455657548248
right,16.9,1787652127521508096,1787652127516800250,13519,4.707846,6.104937287049176,0.8148585571082106,6.0828816159419485,-0.26493192759121953,1.6065439191500472,0.3530918421920257
right,16.91,1787652127531508096,1787652127527245213,13527,4.262883,6.655094550993915,0.784700779660884,7.020003972947069,-0.2381020867061345,1.6677047609908235,0.390588093562758
right,16.92,1787652127541508096,1787652127536839116,13535,4.66898,6.958869035286588,1.047446683575741,6.084902238115417,-0.20948678148434174,1.6913299281819338,0.42163114500807575
right,16.93,1787652127551508096,1787652127546916755,13541,4.591341,6.809019068911843,1.2409364154065612,7.057063025680122,-0.18776560824207722,1.6788677681285515,0.4580946052886598
right,16.94,1787652127561508096,1787652127557060217,13549,4.447879,7.141317541749274,1.130436525709785,6.357375542893237,-0.1733097155128749,1.6906322947608325,0.47705366720402165
right,16.95,1787652127571508096,1787652127567057650,13557,4.450446,7.912484137468957,1.1954181339874816,6.300195077677403,-0.16831472322840163,1.7547741616578607,0.4814737579683499
right,16.96,1787652127581508096,1787652127576952662,13564,4.555434,7.761280248770174,0.8048873712927982,5.77418365541042,-0.15709905557683362,1.7921756098436634,0.48314053821887676
right,16.97,1787652127591508096,1787652127586876784,13573,4.631312,7.905473402751087,0.49142724190753573,6.538535136034281,-0.16114910141977212,1.792016988755828,0.48067182612808385
right,16.98,1787652127601508096,1787652127597092294,13583,4.415802,7.695554428572003,0.534471507020539,6.710764320987586,-0.16394238783719017,1.7709953932954483,0.47264900919682473
right,16.99,1787652127611508096,1787652127606896969,13591,4.611127,7.009769768975004,0.20807754497888584,7.705262806314753,-0.17432134954255343,1.6680064969300525,0.453391028949901
right,17.0,1787652127621508096,1787652127616846146,13599,4.66195,7.3349436037434215,0.31723257261837035,6.584780043203157,-0.18567208573889016,1.6521699331641364,0.43123119467694393
right,17.01,1787652127631508096,1787652127627363858,13607,4.144238,6.88396573299193,0.3248286641156119,6.317790410052202,-0.1989780690167719,1.5586884400442742,0.4100924902922074
right,17.02,1787652127641508096,1787652127636805362,13612,4.702734,6.334399782562672,0.33847492548890173,6.554643231125294,-0.21113442436035743,1.5341645067031529,0.3954107517144052
right,17.03,1787652127651508096,1787652127646949605,13623,4.558491,6.494814249684632,0.23529579039950319,6.093094368320468,-0.22055374816603934,1.5407062350884806,0.3903914723064139
right,17.04,1787652127661508096,1787652127656889317,13630,4.618779,6.562492924614155,-0.572669676227151,5.970508927311544,-0.23002539402496666,1.5156890182352782,0.3783624182217262
right,17.05,1787652127671508096,1787652127666841730,13638,4.666366,6.916993795666554,-0.44169629582007575,5.673034075357725,-0.24301462944988372,1.526891224439204,0.3596630312891734
right,17.06,1787652127681508096,1787652127677045183,13645,4.462913,6.3874116768586156,-0.35858319980893893,5.943390045689461,-0.2605468271336523,1.4302780799026826,0.33688598324191266
right,17.07,1787652127691508096,1787652127686889863,13653,4.618233,6.427826416348826,-0.2591312216511281,6.513616012889246,-0.2800128651328734,1.3662006615527296,0.30836806038465625
right,17.08,1787652127701508096,1787652127697169112,13660,4.338984,5.644219060189232,-0.5314035329849982,6.18155422770557,-0.2862858422333988,1.3594975648159824,0.29562932844791256
right,17.09,1787652127711508096,1787652127706846762,13669,4.661334,5.845674035580803,-0.6391421005934834,6.336063485072005,-0.2908562414621516,1.3602816932324255,0.29241275119997745
right,17.1,1787652127721508096,1787652127717036236,13676,4.47186,5.091049226081017,-0.4885521242317664,6.761076487593803,-0.295474960175631,1.3910665631579122,0.2891306233775857
right,17.11,1787652127731508096,1787652127727137722,13685,4.370374,5.237226940231125,-0.5991113307195784,7.035977632018298,-0.29961441925283316,1.3840735909828255,0.28305815756331165
right,17.12,1787652127741508096,1787652127736814617,13692,4.693479,5.330095933300489,-0.9855129997333383,6.000901413300445,-0.3005432954557991,1.3862218116054978,0.27626595917621544
right,17.13,1787652127751508096,1787652127747020455,13700,4.487641,5.526791363543711,-1.0031029542805416,7.291548933865002,-0.30460034372193184,1.4111807291549079,0.2707731295774435
right,17.14,1787652127761508096,1787652127756883181,13709,4.624915,5.370605885354258,-0.621399522982595,6.266170389636877,-0.3061255463189093,1.4014669846066834,0.2637156699178855
right,17.15,1787652127771508096,1787652127766803589,13716,4.704507,5.505896583400972,-0.22046825927179367,6.243074282446704,-0.30952382667543615,1.4236377394426798,0.25244739422647394
right,17.16,1787652127781508096,1787652127777059751,13725,4.448345,6.174844623004449,-0.07812095662710544,6.980064892928592,-0.3147566977630183,1.4841345216074056,0.243227125007996
right,17.17,1787652127791508096,1787652127786886100,13734,4.621996,6.156682595331686,0.0502037737699554,6.572256487462344,-0.3233069554087725,1.530199694021405,0.23349074995908192
right,17.18,1787652127801508096,1787652127797340159,13741,4.167937,6.299759030301617,-0.11301655879419178,6.899328757775766,-0.328284831250366,1.566827559127735,0.2238536887838592
right,17.19,1787652127811508096,1787652127806888217,13748,4.619879,5.9820641048271535,-0.300184457624316,6.484259816520481,-0.3303270765060168,1.561266235024743,0.21820869554093214
right,17.2,1787652127821508096,1787652127816978960,13757,4.529136,5.889400898681253,-0.4365470622689703,6.672940461138745,-0.3311593821902286,1.5707012111182856,0.21402947482279722
right,17.21,1787652127831508096,1787652127827064270,13765,4.443826,6.064938174662589,-0.27264539350797706,6.147187697678703,-0.3292865649036638,1.5484699366577108,0.2180488148074073
right,17.22,1787652127841508096,1787652127836858290,13774,4.649806,6.017141132946586,-0.16667140201356515,5.7215366426334535,-0.32515104218835256,1.5180140181316193,0.21521814543004147
right,17.23,1787652127851508096,1787652127846908437,13780,4.599659,5.721309113134816,-0.10232406028533939,6.688505980090086,-0.3211104883502939,1.4906731215539808,0.21544034577632826
right,17.24,1787652127861508096,1787652127857085565,13790,4.422531,5.871556292670022,-0.1337389048598858,6.181562848724595,-0.3166484255899862,1.480781350287149,0.21834306236559203
right,17.25,1787652127871508096,1787652127867031159,13796,4.476937,6.240555445469711,-0.23208598621220372,5.165826490132218,-0.3123392347457909,1.4646912353036956,0.22259081126687622
right,17.26,1787652127881508096,1787652127876861751,13805,4.646345,5.611913463713205,-0.3013765987152633,6.029537658001571,-0.3111765559272375,1.412139230076939,0.2252185073527176
right,17.27,1787652127891508096,1787652127886837747,13812,4.670349,5.942060430544261,-0.16685010024554386,6.8851164538101655,-0.310986703466381,1.4588234756606857,0.22158143209888534
right,17.28,1787652127901508096,1787652127897347132,13821,4.160964,6.145162696164531,-0.1010599063783336,6.274622357687117,-0.30605359897895046,1.5183598406816157,0.22194406074263195
right,17.29,1787652127911508096,1787652127906827321,13829,4.680775,7.235398644379325,0.05934271607272709,5.876651123687702,-0.2940309077427878,1.6142519460044424,0.22843782606263455
right,17.3,1787652127921508096,1787652127916807105,13838,4.700991,7.207341540962018,-0.14393218736559477,6.159120129578984,-0.27903402021804363,1.6957060575645932,0.23500336267685257
right,17.31,1787652127931508096,1787652127926882907,13845,4.625189,7.105563837721688,-0.32731076629054057,7.020145453195186,-0.25396292629283224,1.7689356976116182,0.25503963523595496
right,17.32,1787652127941508096,1787652127936876234,13853,4.631862,6.95261868472189,0.41527602441320455,6.822872230489361,-0.2287567251463939,1.8385875540356107,0.26391438089052255
right,17.33,1787652127951508096,1787652127947022685,13860,4.485411,6.716922960983539,0.6817595815806917,7.083703023789369,-0.19123117081527938,1.8861225356144347,0.278856551351162
right,17.34,1787652127961508096,1787652127957108961,13870,4.399135,6.335489010206018,0.48177218846117004,7.529790929683372,-0.14206533170128077,1.8720861095586205,0.2874821011491935
right,17.35,1787652127971508096,1787652127966905413,13877,4.602683,5.873936174470364,0.22686668780000124,8.009761226802194,-0.08970754517314661,1.8549169883666834,0.2717870313179164
right,17.36,1787652127981508096,1787652127976876314,13884,4.631782,5.3156674135349435,0.05316669450334775,7.977843068952,-0.03690134166168478,1.8543527150078691,0.2635625538141998
right,17.37,1787652127991508096,1787652127987041430,13895,4.466666,4.414513909446581,-0.3781637049265471,8.103805777994,-0.0022035975422832147,1.830725393668991,0.24233484252216753
right,17.38,1787652128001508096,1787652127997213230,13901,4.294866,4.845610245530814,-0.2957524734438338,8.308826970456824,0.029705020856919583,1.7962971829865517,0.22935259706409908
right,17.39,1787652128011508096,1787652128006848727,13909,4.659369,4.3655467718697825,-0.25465785707188937,8.263867298181292,0.0641341373046132,1.7659398498718268,0.21174224847776146
right,17.4,1787652128021508096,1787652128016884617,13917,4.623479,4.895652364895464,0.036770392561529,8.32376723086125,0.0989630004407743,1.7560818393739641,0.1956896037752067
right,17.41,1787652128031508096,1787652128026953232,13925,4.554864,5.261378301341046,-0.1254724173732756,7.818404086991742,0.13280740934782712,1.7820546935194979,0.17980675797126083
right,17.42,1787652128041508096,1787652128036980802,13932,4.527294,6.018257816326195,-0.14664248662319382,7.881351077754948,0.15892343190473063,1.836452722621876,0.16631400651407535
right,17.43,1787652128051508096,1787652128047190508,13941,4.317588,6.296573338945751,-0.14256474100585484,8.303516667850003,0.17973803914748893,1.8728071684038583,0.15452950785253203
right,17.44,1787652128061508096,1787652128056988539,13949,4.519557,6.925003903906847,-0.37811620239203747,7.769877994446103,0.19014933981648532,1.8389382879682379,0.14873576756755572
right,17.45,1787652128071508096,1787652128066884752,13958,4.623344,6.446077470356278,-0.33244051019228293,7.850537326042413,0.19539245383890247,1.763202737696003,0.14389069604271487
right,17.46,1787652128081508096,1787652128076920217,13964,4.587879,6.358933568145418,-0.1489617876771529,7.39283658793883,0.19910796192182825,1.7267870009087358,0.13271895029021608
right,17.47,1787652128091508096,1787652128087082577,13973,4.425519,6.439051971226674,-0.014328117009785271,7.9608999897219155,0.1986395667821791,1.6546271107844954,0.1287605142794904
right,17.48,1787652128101508096,1787652128097178953,13981,4.329143,5.901078072550009,0.017722730974044705,7.367708201315536,0.2045944699134279,1.6156940829969715,0.12444537750699801
right,17.49,1787652128111508096,1787652128106915862,13988,4.592234,5.474947201444461,0.23286385818860933,6.960301278317241,0.21542398839022142,1.5671209947428588,0.12462184994144176
right,17.5,1787652128121508096,1787652128116999642,13997,4.508454,4.575060161844867,-0.012787821487029529,7.14159095045793,0.23437422980370246,1.5211623278665876,0.12039313345693348
right,17.51,1787652128131508096,1787652128126933590,14004,4.574506,4.137879999306085,0.17823580397888897,6.872425788711639,0.25989138629424047,1.5116110033225265,0.10681034419852585
right,17.52,1787652128141508096,1787652128136845141,14012,4.662955,4.702738476057667,0.5556051246270861,7.093019192234468,0.2841548996553382,1.50110522373176,0.09247738245952887
right,17.53,1787652128151508096,1787652128147117285,14020,4.390811,4.081275851547811,0.9098461165702019,6.859958388401006,0.2952456972840514,1.5522151088241984,0.06969964494490807
right,17.54,1787652128161508096,1787652128157074346,14029,4.43375,4.101044250111398,1.2012468725921936,7.282226103437456,0.3049747882973899,1.6084547253883286,0.0427967892542154
right,17.55,1787652128171508096,1787652128167055293,14037,4.452803,4.246432834348745,1.555488565869691,6.998410820988327,0.30839529214076444,1.6845852273188404,0.01326687034065524
right,17.56,1787652128181508096,1787652128176853479,14044,4.654617,5.108336928176739,2.171798879809522,7.126295593641636,0.3063738516885942,1.735396841749313,-0.0038776412477490307
right,17.57,1787652128191508096,1787652128186840232,14052,4.667864,5.208348201625556,2.665408096603247,7.619548537883024,0.2998947516133535,1.7774315827344007,-0.026786045381770762
right,17.58,1787652128201508096,1787652128197236866,14061,4.27123,5.480136352593328,3.3762503537046933,6.61589222904226,0.2929482342875314,1.7995406341656206,-0.045035273669088605
right,17.59,1787652128211508096,1787652128206843524,14069,4.664572,5.508498605915242,3.781458289115816,6.523921082374308,0.2918219238514687,1.7832864249651994,-0.06575646635504245
right,17.6,1787652128221508096,1787652128216872823,14076,4.635273,5.092812003217083,4.105362286414699,6.899444442238387,0.29081330374164116,1.7566983253599064,-0.08160957026548354
right,17.61,1787652128231508096,1787652128227052307,14085,4.455789,5.216830411869055,4.695719331848551,7.218112881040856,0.2927141764208832,1.7520625841825765,-0.10063928915997877
right,17.62,1787652128241508096,1787652128236824768,14093,4.683328,4.8298982814946125,4.872699451179579,6.836736495769498,0.2946990633637864,1.7274677703045327,-0.11523045829655931
right,17.63,1787652128251508096,1787652128247006270,14100,4.501826,5.022710335032512,4.983308509410803,6.159722346948397,0.2965766476325856,1.7116023341238207,-0.12481101389209026
right,17.64,1787652128261508096,1787652128256862189,14109,4.645907,3.74142412561458,5.111869369397491,6.484397828667678,0.29827438786171356,1.6349317804818444,-0.13295408896087335
right,17.65,1787652128271508096,1787652128266844269,14116,4.663827,3.6070549955415547,5.292143250031243,6.60793891311354,0.29862990705051684,1.633699459106322,-0.14384796304676162
right,17.66,1787652128281508096,1787652128276862976,14124,4.64512,3.234652487277999,5.396316117467844,7.376411486258962,0.3061479192999671,1.6569717172057472,-0.15348708765712682
right,17.67,1787652128291508096,1787652128286832011,14132,4.676085,3.058274552274514,5.68040812502003,8.427028515183935,0.3185511230829541,1.7340068709119048,-0.16256739459976033
right,17.68,1787652128301508096,1787652128297474370,14141,4.033726,3.1420366101509103,5.686761975994681,8.718739216232358,0.3349327332143287,1.8060691787717247,-0.1722384064807413
right,17.69,1787652128311508096,1787652128306804905,14149,4.703191,3.2490543150343263,5.677748162319692,7.682825688922415,0.338320816964364,1.9032337753344568,-0.17793510600261608
right,17.7,1787652128321508096,1787652128316874215,14157,4.633881,3.8113120078627456,5.425617664552536,8.463905395616031,0.3306722247933699,1.9650507882934198,-0.1722885798359569
right,17.71,1787652128331508096,1787652128326885544,14165,4.622552,3.445482126937492,5.732521524578922,9.381489932529076,0.3204463932850267,1.999624443035467,-0.17681558770352268
right,17.72,1787652128341508096,1787652128336841886,14172,4.66621,3.941675367316213,5.716456273449219,9.475277759607087,0.31744352369436313,1.9666055829863067,-0.18236463337672348
right,17.73,1787652128351508096,1787652128347170869,14180,4.337227,4.368866284240126,6.115792042235826,8.297295960864073,0.31224171080128815,1.895503121513859,-0.1830638983502908
right,17.74,1787652128361508096,1787652128356864789,14188,4.643307,4.1694084280131545,6.096304511672646,7.986903827248503,0.3061063221072593,1.8161418324600995,-0.17607814091830853
right,17.75,1787652128371508096,1787652128366872537,14197,4.635559,4.891779577082975,6.164122202304432,7.9440453635287875,0.29126430525911534,1.8125989329898045,-0.1700350276337379
right,17.76,1787652128381508096,1787652128376823082,14205,4.685014,4.466034298259771,5.917683986924596,8.359517956691413,0.28206838276732604,1.8520156913465957,-0.16621118354783038
right,17.77,1787652128391508096,1787652128386820822,14213,4.687274,4.159332552493467,5.886134793676142,7.693074081157505,0.28400899353237075,1.8847376718827316,-0.17726178417890348
right,17.78,1787652128401508096,1787652128396919786,14220,4.58831,4.435897341396741,6.033727819959555,9.005196401118315,0.30192440405505194,1.9434584397565742,-0.18400601917327775
right,17.79,1787652128411508096,1787652128406840566,14228,4.66753,3.8027519637847726,5.78924717626419,9.203280648826137,0.3251565045120982,1.9639637494074813,-0.1983648343247858
right,17.8,1787652128421508096,1787652128416814581,14236,4.693515,3.7123928505359274,5.536852355696254,8.20191959976799,0.3415796525605884,1.9523580760943067,-0.21219697536551074
right,17.81,1787652128431508096,1787652128426873100,14244,4.634996,3.695016013847859,5.63493540522295,8.385524614691874,0.35804314108677093,1.965425327675658,-0.2191471180318103
right,17.82,1787652128441508096,1787652128436867208,14254,4.640888,2.750156268843144,5.848537733894858,8.750247313062868,0.3675328236203086,1.937438651039653,-0.2296627646268402
right,17.83,1787652128451508096,1787652128447107861,14261,4.400235,3.0508521732462968,5.7477981380351775,8.7940453801775,0.37337095756463634,1.9438474383115716,-0.23667041692243795
right,17.84,1787652128461508096,1787652128456809067,14269,4.699029,2.845945382705901,6.05171920349989,8.529249600498744,0.37943813067373827,1.943852572791961,-0.2402359545628665
right,17.85,1787652128471508096,1787652128466894698,14277,4.613398,2.644233150811723,6.051504040188966,8.770767269425868,0.3806890012922705,1.9424672388306725,-0.2447010122315586
right,17.86,1787652128481508096,1787652128476860716,14284,4.64738,3.8501778968583356,6.168511271154954,9.352092579719567,0.3798821308782054,1.948383745198707,-0.24652752582989734
right,17.87,1787652128491508096,1787652128486873369,14293,4.634727,3.9885551827853893,6.167290642770989,7.722147412465445,0.377184073436546,1.9208506857742238,-0.25480233610092295
right,17.88,1787652128501508096,1787652128497258469,14300,4.249627,3.5312139409487924,5.944004488023719,8.137675342572587,0.37714017385143195,1.8430182197096574,-0.24786456699609183
right,17.89,1787652128511508096,1787652128506829513,14308,4.678583,4.652216216794204,6.281842958558202,8.2856838907754,0.3723302240767733,1.866684295031785,-0.244640110701153
right,17.9,1787652128521508096,1787652128516858047,14316,4.650049,4.932733979622006,6.280004942588345,7.902298444468882,0.3684966222452182,1.8871434973761023,-0.2552772646670942
right,17.91,1787652128531508096,1787652128526863009,14324,4.645087,5.236883086266916,6.124672508045538,8.61657845126238,0.36848125085212735,1.9215648288373541,-0.249743882425835
right,17.92,1787652128541508096,1787652128536869250,14332,4.638846,5.484887158771335,6.195244306852236,8.60099213058053,0.3679350383681883,1.9129932389554791,-0.24771652912885123
right,17.93,1787652128551508096,1787652128547397256,14340,4.11084,5.36916545617303,6.2151801701268425,7.547903398818098,0.3718234638887139,1.907984614640845,-0.2467830620040934
right,17.94,1787652128561508096,1787652128556825113,14348,4.682983,5.833494710641865,6.422404706713447,8.397393877182324,0.3704751052996573,1.8518338043616187,-0.2383464621106972
right,17.95,1787652128571508096,1787652128566835966,14356,4.67213,5.072501002368343,6.1019672045772895,7.718169510906364,0.37308836084515307,1.7604566067567133,-0.2374896702837931
right,17.96,1787652128581508096,1787652128576877434,14364,4.630662,4.456058912188365,6.0945774567887145,8.416706340191649,0.37327755130452583,1.6442661350986807,-0.22358465935387206
right,17.97,1787652128591508096,1787652128586812235,14373,4.695861,4.578054479446587,6.370825928192029,7.744121662061984,0.3702203974755077,1.6414796177392772,-0.21985479642229022
right,17.98,1787652128601508096,1787652128596861171,14383,4.646925,4.040884364305245,6.307165616872383,7.661774151441138,0.37146858637340346,1.6029038647293679,-0.21390306464780195
right,17.99,1787652128611508096,1787652128606848388,14389,4.659708,3.5655445690038357,6.283623957646872,7.616733554460487,0.3727738683318185,1.5893331713539653,-0.2059136332830781
right,18.0,1787652128621508096,1787652128617109538,14397,4.398558,3.5473557251106005,6.2432768226051,7.708204709752338,0.3683551086181771,1.5660417158277558,-0.20598215909641437
right,18.01,1787652128631508096,1787652128626924864,14404,4.583232,3.4043152986082887,6.0343645588205685,7.97870948466844,0.36429672290756887,1.550980504288319,-0.19291616477625995
right,18.02,1787652128641508096,1787652128637028422,14413,4.479674,3.7564431928729265,5.8973182808776565,7.878445179113847,0.3611293229616588,1.5757171107710763,-0.18643744262960416
right,18.03,1787652128651508096,1787652128647269265,14421,4.238831,3.846605043671311,5.599625926942701,8.751928024462156,0.3620874787795756,1.595724365199232,-0.17884488335395154
right,18.04,1787652128661508096,1787652128656830018,14429,4.678078,4.658218306755387,5.810919655705697,7.676033941942946,0.3639092409262354,1.6594368176682865,-0.17478607188481465
right,18.05,1787652128671508096,1787652128666967791,14437,4.540305,4.2314836562292895,5.728700285172461,8.134483520776305,0.36836963444109716,1.6664033755004848,-0.16688584527982386
right,18.06,1787652128681508096,1787652128677081824,14444,4.426272,4.625402516883106,5.741474876339249,7.849133382148015,0.37108696516144624,1.6810748161753946,-0.16025816887064315
right,18.07,1787652128691508096,1787652128686838678,14453,4.669418,5.062882777277093,5.6441026681394035,8.205232878587854,0.3751759147626082,1.6907633665060995,-0.15504189857472872
right,18.08,1787652128701508096,1787652128696818193,14460,4.689903,4.669591182501614,5.907678087202303,7.91099541915271,0.37624563270847916,1.7358964942509663,-0.15007804648294176
right,18.09,1787652128711508096,1787652128706864804,14468,4.643292,4.323973390752117,6.24673681244042,7.798066090436222,0.3819482196152161,1.6829784128496468,-0.13392998062738903
right,18.1,1787652128721508096,1787652128716943042,14478,4.565054,4.202897905039089,6.61222469124308,6.891526222552878,0.38532468585341323,1.6413566426091797,-0.12213673031512429
right,18.11,1787652128731508096,1787652128726848942,14485,4.659154,4.300473695000503,6.695940745709068,7.511021044685572,0.39172499208200984,1.57691174176589,-0.11249458488200659
right,18.12,1787652128741508096,1787652128736850494,14492,4.657602,3.634713471065628,6.837511204483042,7.260284943906884,0.395975601953947,1.5119783565090081,-0.10235662516511101
right,18.13,1787652128751508096,1787652128747199970,14503,4.308126,3.4442009721551736,6.911981721754058,6.822392355905683,0.4014008244290754,1.4881369573945995,-0.092012194549706
right,18.14,1787652128761508096,1787652128756820250,14508,4.687846,2.9513458570240694,6.290165063951454,7.572902348272558,0.4150436578713363,1.4962182633586316,-0.03190027603898804
right,18.15,1787652128771508096,1787652128766891795,14517,4.616301,2.9719487394922317,5.287954967744209,8.095188894817165,0.4250403931618372,1.5338166600000398,0.03208341994166641
right,18.16,1787652128781508096,1787652128776865994,14525,4.642102,2.952058447688672,3.634626313717403,8.151752780288621,0.4362000102256157,1.5796153122477135,0.09745105719910224
right,18.17,1787652128791508096,1787652128786830037,14532,4.678059,3.2969216097857337,2.0618330251754102,7.843340527933616,0.43847162377831317,1.617206430907613,0.13930754493776742
right,18.18,1787652128801508096,1787652128796890937,14541,4.617159,3.7738704772442944,2.009188458915528,7.3504673464568535,0.4326369738786599,1.66241429363605,0.1473471818312462
right,18.19,1787652128811508096,1787652128806898769,14549,4.609327,4.155869908860845,0.5111530124673439,7.748719767189521,0.4333926999020286,1.6603916898698023,0.16493536673585693
right,18.2,1787652128821508096,1787652128816865822,14559,4.642274,4.005761275908262,-0.7510516085969327,7.865294489686289,0.440391960703957,1.649546651365772,0.22248141590920464
right,18.21,1787652128831508096,1787652128827072400,14566,4.435696,4.14205123562614,-1.8727241799615777,7.371775259907062,0.4394670486824004,1.645525276994901,0.22442386620767182
right,18.22,1787652128841508096,1787652128837069593,14573,4.438503,3.692321132137739,-2.856474296251664,7.542502770364912,0.4393693869224463,1.6137567749229713,0.2409921035611411
right,18.23,1787652128851508096,1787652128847196465,14580,4.311631,3.717508118817805,-3.47417283634969,7.754236091778742,0.43278046858728814,1.5666391759438723,0.2568857872543092
right,18.24,1787652128861508096,1787652128856841686,14589,4.66641,2.606576628689647,-4.352373913308397,8.443284841580288,0.4364245748131533,1.5703494506107851,0.28821960361244714
right,18.25,1787652128871508096,1787652128866898748,14597,4.609348,2.876412617425973,-5.069847600633313,8.293315863321563,0.4395894446062494,1.5836589377414578,0.32350443904066806
right,18.26,1787652128881508096,1787652128877106384,14605,4.401712,2.61973171157728,-5.748075570722992,8.325661579310642,0.43877776051780293,1.6053069825312938,0.35385053667862254
right,18.27,1787652128891508096,1787652128886886056,14612,4.62204,3.023789490555635,-5.4520359914218846,7.858536188628689,0.43686847345463725,1.5804665553971107,0.3596415037333198
right,18.28,1787652128901508096,1787652128896840679,14621,4.667417,2.4756274883693368,-4.911950185269373,8.3062078681202,0.43062065843572606,1.5402561759472884,0.34776016204600996
right,18.29,1787652128911508096,1787652128906847849,14628,4.660247,2.4478965171922082,-4.415190798960801,8.751029299336114,0.42419588969147,1.5487061913402003,0.31895988249217033
right,18.3,1787652128921508096,1787652128916857204,14637,4.650892,2.92024078610628,-3.3165373245747314,7.811646508354473,0.4189052804767092,1.5519961435635221,0.2773517049423675
right,18.31,1787652128931508096,1787652128926847404,14644,4.660692,3.336299890638503,-2.187874438615611,7.765626066115338,0.4125561799940431,1.6162724847029952,0.2305383015135646
right,18.32,1787652128941508096,1787652128936878924,14653,4.629172,2.9863283521737967,-2.6641814485369766,7.777856792928926,0.41098746419246823,1.6847275003255997,0.21569344068353385
right,18.33,1787652128951508096,1787652128947225643,14660,4.282453,3.3872511678888886,-2.808481799175794,8.025373588744362,0.4106406429840996,1.7035532640619424,0.21348987749962073
right,18.34,1787652128961508096,1787652128956874487,14669,4.633609,4.0972848976942355,-2.305909039573826,7.507918118074966,0.40639389048023067,1.649043249071905,0.2093371709703879
right,18.35,1787652128971508096,1787652128966964717,14677,4.543379,3.88130142832027,-1.66478528990387,7.4853907511834485,0.4066424231512139,1.6088706500766554,0.20359940768585658
right,18.36,1787652128981508096,1787652128976855141,14684,4.652955,4.194323289572166,-1.6924123238137276,7.2866554303606375,0.41019131690143323,1.604443680651302,0.19868341526765124
right,18.37,1787652128991508096,1787652128986861495,14695,4.646601,4.947213923859768,-1.8806317326664148,7.683678516956812,0.4146364551065358,1.6176496379837362,0.20745500818535317
right,18.38,1787652129001508096,1787652128996880853,14701,4.627243,4.613507795898511,-2.1215133544869094,6.961993818378395,0.414376500871113,1.598637304809321,0.22567029224126695
right,18.39,1787652129011508096,1787652129007094972,14708,4.413124,4.1523339703120925,-2.2725708476094324,6.624790669858961,0.41150212093065497,1.5294343783102773,0.23785223837761058
right,18.4,1787652129021508096,1787652129017010220,14718,4.497876,2.2871854721313607,-2.6356622037459925,6.3585211822191905,0.43429753569915797,1.399867386036473,0.2594083668105499
right,18.41,1787652129031508096,1787652129026835580,14726,4.672516,1.8207381328846668,-2.4424665235659724,6.516103350326666,0.45823702382913434,1.2004345752896506,0.26752937832698953
right,18.42,1787652129041508096,1787652129036839114,14733,4.668982,1.762320287636135,-2.254385495918438,4.997950928784528,0.45615945254760243,0.9380420074544519,0.27558539434622925
right,18.43,1787652129051508096,1787652129047348447,14741,4.159649,4.150883793116238,-2.0514708724343693,4.209458033836806,0.4448585064742605,0.669501806880519,0.2872006664935317
right,18.44,1787652129061508096,1787652129056864065,14748,4.644031,8.319049768722724,-1.556455046578353,1.3871057704277119,0.43659666468473135,0.33912549886089083,0.28249556900651407
right,18.45,1787652129071508096,1787652129066900362,14757,4.607734,9.987128270989091,-1.755378368921749,1.9522727421208845,0.4142596155148913,0.0292003678218834,0.2915950060007075
right,18.46,1787652129081508096,1787652129076970931,14765,4.537165,14.51426934270461,-1.4685860912103303,-0.6470952347422436,0.3934429874923865,-0.131488357776738,0.27802382062047015
right,18.47,1787652129091508096,1787652129086849801,14772,4.658295,18.360672777200424,-0.8988499242920183,-1.35022146690849,0.40668539557841316,-0.28769317684223367,0.26696428007637546
right,18.48,1787652129101508096,1787652129097029642,14781,4.478454,20.633795437173777,-0.9907028143227693,-2.8070529928608936,0.4291204004762479,-0.4412151189235882,0.26560519442973773
right,18.49,1787652129111508096,1787652129106991026,14788,4.51707,21.418602274150665,-1.366919862358141,-2.012904597143163,0.430677403789844,-0.6048607272091217,0.2763710229016816
right,18.5,1787652129121508096,1787652129116855144,14796,4.652952,21.694034054502495,-1.7445270271719233,-2.4371144384801404,0.43835129234382697,-0.5969277634628412,0.28081907424740615
right,18.51,1787652129131508096,1787652129127080032,14805,4.428064,20.595993653742415,-2.2434900393804282,-1.5328386768487032,0.4363112387768998,-0.5430367709924928,0.2980794157892717
right,18.52,1787652129141508096,1787652129136849495,14813,4.658601,19.145884794650577,-2.6565760618515544,-0.5157788324031234,0.44151183498712343,-0.537076878704433,0.3080552660737587
right,18.53,1787652129151508096,1787652129147242942,14820,4.265154,17.864748272698133,-3.025913580139992,-0.8638123653477976,0.40932460309550756,-0.6224667039930203,0.31941592134421704
right,18.54,1787652129161508096,1787652129156845793,14829,4.662303,17.82198810997549,-3.301901459070989,-1.0789382041148876,0.39172226100620344,-0.7289194039582247,0.31751559519045575
right,18.55,1787652129171508096,1787652129166797681,14836,4.710415,15.954894674514044,-3.0830725457707615,-1.2800895262046135,0.378784858741916,-0.8577860695411296,0.3216539799329867
right,18.56,1787652129181508096,1787652129177154124,14844,4.353972,16.607882666326784,-2.9950923232218245,-1.461771639184973,0.351213995504396,-0.9342607531390225,0.31689211959242614
right,18.57,1787652129191508096,1787652129186882520,14853,4.625576,17.446782784047663,-2.920102660012104,-1.8413485064763728,0.3157008235870369,-0.8808334890917251,0.31052631015482596
right,18.58,1787652129201508096,1787652129196858153,14860,4.649943,16.53088274424937,-3.1326561704268956,-0.9216623379221112,0.3097091083829811,-0.7701757153327466,0.30967039283350983
right,18.59,1787652129211508096,1787652129206875974,14869,4.632122,19.138006463078007,-2.591206584742643,-0.6699572052348071,0.31990984509843245,-0.6588036413773444,0.28341644850667697
right,18.6,1787652129221508096,1787652129216991942,14877,4.516154,19.921562861546363,-2.06690508583541,-0.253848430884692,0.3315675058003191,-0.5889526764571554,0.25554795698561944
right,18.61,1787652129231508096,1787652129226824551,14884,4.683545,19.793076714635756,-1.8122173830560735,0.4976715028161838,0.34547590729203015,-0.46929228256431876,0.24106281344635574
right,18.62,1787652129241508096,1787652129236939123,14893,4.568973,21.658991126631445,-1.4797606815524813,0.7476258689704895,0.35748423019016506,-0.34745304799681276,0.21994396655502757
right,18.63,1787652129251508096,1787652129247169575,14901,4.338521,20.649330261335855,-1.1934008809239467,1.8453492807679348,0.36372471860696465,-0.30374539320574356,0.20920040328342762
right,18.64,1787652129261508096,1787652129256954805,14909,4.553291,20.930471245264535,-0.8907868679387687,1.8881247696661658,0.36687990092150563,-0.25084014252869113,0.19632279622721652
right,18.65,1787652129271508096,1787652129266868014,14917,4.640082,22.123334563874575,-0.5755020246482144,1.7528787534289991,0.37314162801025924,-0.2179937549541161,0.17959796824306465
right,18.66,1787652129281508096,1787652129276883902,14925,4.624194,21.513546792953775,-0.2676342520940935,2.0411480748666406,0.3740460506466355,-0.23140190786817705,0.17342585474412825
right,18.67,1787652129291508096,1787652129286835410,14932,4.672686,20.357408855147746,-0.5236228092210831,2.3626053339800697,0.3777424333695015,-0.2103233431306939,0.17561718896056125
right,18.68,1787652129301508096,1787652129296813306,14941,4.69479,19.951779854928365,-0.4760318760077087,1.7284954131372867,0.37919706509757184,-0.25242366510523534,0.17413013720292048
right,18.69,1787652129311508096,1787652129306986789,14949,4.521307,19.398903764136257,-0.2156772630706837,1.6167122518250574,0.38096697274564073,-0.3152018540353686,0.1703756783789243
right,18.7,1787652129321508096,1787652129316812271,14956,4.695825,18.782889534529172,0.15578788662831777,0.8068954303392495,0.3792230583849005,-0.44151218210822263,0.16725491940985557
right,18.71,1787652129331508096,1787652129326892618,14965,4.615478,19.812233949132043,0.04297493614246306,-0.38257799377276047,0.37320939681814924,-0.5966920288363372,0.1676943240916219
right,18.72,1787652129341508096,1787652129336822850,14972,4.685246,19.01155103430315,0.23181489266740835,-0.16325770511185755,0.3702419668349494,-0.6896214410366149,0.17053062342675052
right,18.73,1787652129351508096,1787652129347457911,14981,4.050185,19.124624804770786,0.013200598752972525,-0.05528221461716054,0.3763279565704879,-0.5781541180203726,0.16555932222384762
right,18.74,1787652129361508096,1787652129356849058,14988,4.659038,18.18042209463929,0.20845915078540422,0.24092680378216258,0.3757965640111916,-0.5001034673362615,0.16119988907059432
right,18.75,1787652129371508096,1787652129366883819,14996,4.624277,18.32259174517233,-0.05592294981362378,0.849609926037461,0.36750289831400307,-0.48779961826825424,0.1625597495615629
right,18.76,1787652129381508096,1787652129376889310,15005,4.618786,19.683367467220112,0.17912949231693875,0.8863313388550793,0.3611535560205677,-0.44394073973476966,0.1570041345079075
right,18.77,1787652129391508096,1787652129387042521,15012,4.465575,19.05384418187237,-0.1298200667313869,1.3971654756171352,0.35348657127451133,-0.4326070439979307,0.16781913292576817
right,18.78,1787652129401508096,1787652129397065080,15020,4.443016,20.177711061925,-0.32392385983577365,1.9124595725837903,0.34899095159089744,-0.38573052678267994,0.17155894271039285
right,18.79,1787652129411508096,1787652129406859339,15029,4.648757,20.075201826143093,-0.48981968368720175,1.8538336880383595,0.3433934924698264,-0.36966085171681096,0.1818785907280646
right,18.8,1787652129421508096,1787652129416843350,15036,4.664746,20.89584501983933,-0.7809775972167905,2.389653336125397,0.33740641654213643,-0.3319538611405982,0.19032062939895564
right,18.81,1787652129431508096,1787652129426829690,15045,4.678406,20.559768173401974,-0.5564942287955685,2.3271661720892824,0.33648466063192506,-0.30006928205083494,0.19468485113194547
right,18.82,1787652129441508096,1787652129436861318,15053,4.646778,20.21816201916814,-0.7033840712608215,3.007497253750512,0.33500830586979924,-0.3066942674494623,0.2032802294246498
right,18.83,1787652129451508096,1787652129446897578,15061,4.610518,20.0811997716261,-0.892514739988316,3.065393938213433,0.3372538861794538,-0.24352221131364027,0.20992214077072227
right,18.84,1787652129461508096,1787652129456814207,15068,4.693889,19.307783115382172,-1.1757263183829352,3.835846860761148,0.3417166710788455,-0.17219413041194265,0.2172574787829345
right,18.85,1787652129471508096,1787652129466927320,15076,4.580776,19.631252917766773,-1.5643604432216196,4.322812447899675,0.3441313921755638,-0.12878840255989366,0.22981125962249316
right,18.86,1787652129481508096,1787652129476900190,15084,4.607906,19.288582007259066,-1.9639152972225142,4.925609634189266,0.34481157793228284,-0.1143644119752627,0.24152154800502126
right,18.87,1787652129491508096,1787652129486879436,15093,4.62866,19.3328717207076,-2.304922020443592,5.264682461130171,0.3446801027360321,-0.05161310075490466,0.2512522506502953
right,18.88,1787652129501508096,1787652129496835195,15100,4.672901,19.222379406690997,-2.819701737744305,5.70836457631911,0.3439220447800645,0.00590020146664183,0.2604674380518915
right,18.89,1787652129511508096,1787652129506867640,15109,4.640456,19.662945358293467,-3.188976336399692,6.452630032618092,0.33776556312802536,0.10966616544710317,0.25835750342753344
right,18.9,1787652129521508096,1787652129517066156,15116,4.44194,17.9766048089499,-3.589542148882547,7.398122894637485,0.3170660323601141,0.1678753109847978,0.24727881894151832
right,18.91,1787652129531508096,1787652129526830524,15125,4.677572,17.54799230262962,-3.933156882925598,7.864212262031024,0.28846696986759207,0.23044779193698806,0.23038969855217759
right,18.92,1787652129541508096,1787652129537157115,15134,4.350981,17.8938034826551,-4.629290114835158,8.259838577869585,0.24815212508072,0.24112294606237084,0.22557977658006326
right,18.93,1787652129551508096,1787652129547201934,15141,4.306162,19.178855178947725,-4.262962155956545,7.9999016138345045,0.20478017326909695,0.2788056669034058,0.2051997181219094
right,18.94,1787652129561508096,1787652129556847584,15150,4.660512,19.347405652225017,-3.9591975521166853,8.52694426154712,0.17424444031077962,0.30510223572264805,0.19000779248220956
right,18.95,1787652129571508096,1787652129566812712,15156,4.695384,18.959777627790615,-4.057396918473626,8.421158871305177,0.1527920408499832,0.25939660487391025,0.1823981381469475
right,18.96,1787652129581508096,1787652129576833852,15165,4.674244,20.79644306028433,-3.2292435510468667,7.583764378777561,0.1397316298372569,0.219133920590745,0.14489901587190449
right,18.97,1787652129591508096,1787652129586849668,15172,4.658428,21.08529198193483,-2.45840634257672,6.728952108052073,0.13235267699754316,0.09666070680903371,0.11521808795756053
right,18.98,1787652129601508096,1787652129596820040,15180,4.688056,20.561648719734553,-1.6871193346469355,5.5005730103668,0.12361927294599365,-0.08082782212529238,0.07934386963228375
right,18.99,1787652129611508096,1787652129606840905,15189,4.667191,19.898287334118315,-1.275406755216547,5.88354483935908,0.11824698325703617,-0.19614192411456477,0.06098866765932291
right,19.0,1787652129621508096,1787652129616892151,15196,4.615945,18.915358570815265,-0.6211162271649009,5.270810243841051,0.12658564591574625,-0.14443239820843745,0.03627790510115261
right,19.01,1787652129631508096,1787652129627122225,15204,4.385871,18.409160307835666,0.2062059478333248,6.269826142678681,0.13817801214472392,-0.021693231855961503,0.013810246778613294
right,19.02,1787652129641508096,1787652129637011451,15215,4.496645,17.06792506395319,1.7638131293585715,7.146513212009523,0.15506487871178137,0.08513700294489013,-0.010055580422842977
right,19.03,1787652129651508096,1787652129646889273,15222,4.618823,17.677766008546456,3.268478838233941,7.232976101547124,0.16645003478505677,0.19444785702597145,-0.011527498403254288
right,19.04,1787652129661508096,1787652129656824881,15228,4.683215,16.83437592710773,4.937224412606429,7.9422038017118926,0.16596177986270572,0.20954101551953785,-0.011907778985146
right,19.05,1787652129671508096,1787652129666852901,15237,4.655195,15.00031595601327,6.509297531476952,8.114474448303262,0.1768738270108085,0.20439826070506506,-0.021997027383197976
right,19.06,1787652129681508096,1787652129676880222,15244,4.627874,14.221687829156517,6.5868160823535975,7.895559990839549,0.17791568976809563,0.1096826433986342,0.0003747346289412201
right,19.07,1787652129691508096,1787652129686883015,15253,4.625081,15.181063889996631,6.408095343764185,7.654244661720571,0.18809795333823665,0.03790930948245108,0.03236228425280885
right,19.08,1787652129701508096,1787652129696845119,15262,4.662977,15.942237697013418,5.569007566172642,7.075325399398843,0.18686572987410038,-0.03976017432809864,0.05620991804332831
right,19.09,1787652129711508096,1787652129706968361,15269,4.539735,16.1577830769403,4.211638834562664,6.7222769364462325,0.15635849837709667,-0.14562288041157634,0.07066170009709094
right,19.1,1787652129721508096,1787652129716899011,15277,4.609085,17.76438596718502,2.812054726102292,6.150762672387022,0.11582940145394433,-0.17712561193099474,0.07390025297601838
right,19.11,1787652129731508096,1787652129726802953,15284,4.705143,18.331080112988207,1.7525168128137667,5.912741196380836,0.08545267714668507,-0.22291130970622308,0.06047081929879361
right,19.12,1787652129741508096,1787652129736814680,15293,4.693416,19.133695913000416,1.4103404038557514,6.002946085174387,0.07709023146112128,-0.23606500923881335,0.023097764229244616
right,19.13,1787652129751508096,1787652129747321347,15302,4.186749,20.406370840884353,1.8338300639677512,5.761144319235222,0.07825340430225519,-0.1789516207236606,-0.03354583623607671
right,19.14,1787652129761508096,1787652129757051185,15309,4.456911,21.62070446481543,2.0095985866134876,6.29640583525931,0.08471574719520955,-0.053107639569920206,-0.06792536228364868
right,19.15,1787652129771508096,1787652129767044152,15317,4.463944,20.928600962916423,3.0367491366207395,6.785437246816269,0.11398744429650445,0.04784250392256134,-0.11130510159547852
right,19.16,1787652129781508096,1787652129776892838,15324,4.615258,19.34835900975357,5.594117697536577,7.23483707095851,0.13946517973357542,0.10315545644052548,-0.18021097805062858
right,19.17,1787652129791508096,1787652129786820907,15332,4.687189,20.089186834893002,6.834394572219253,7.838938167374691,0.1512591532848543,0.2586367210170107,-0.23002742034599144
right,19.18,1787652129801508096,1787652129796878459,15340,4.629637,19.515693091514795,6.787733555151355,8.288490065256644,0.14817508070890256,0.3316064256064001,-0.252668371836428
right,19.19,1787652129811508096,1787652129807057625,15348,4.450471,18.982591664299385,8.202614448730673,8.67227031883818,0.14207185071360348,0.393049714117579,-0.30583370220739603
right,19.2,1787652129821508096,1787652129816820727,15357,4.687369,18.481249578344435,9.378065911487656,8.896372289623333,0.13914093139779812,0.36837508317149403,-0.3512197286908072
right,19.21,1787652129831508096,1787652129826930761,15365,4.577335,17.755002203736964,9.086495378609984,8.783515097601777,0.13415696953862247,0.30730373677914957,-0.35513883518285855
right,19.22,1787652129841508096,1787652129836830098,15372,4.677998,19.763768859889097,11.74678446420404,8.506567794303608,0.14039898826850938,0.36048194951988216,-0.43814537269034176
right,19.23,1787652129851508096,1787652129847226528,15381,4.281568,18.685091173123663,13.232047693484775,8.438376694891819,0.14203502817559335,0.24914775729588434,-0.4983517608395377
right,19.24,1787652129861508096,1787652129856852484,15388,4.655612,18.564525555337045,11.714018357432012,7.534094503895126,0.13870674710413372,0.10734912005572522,-0.47374749378352216
right,19.25,1787652129871508096,1787652129866805822,15397,4.702274,19.68225983327873,7.592548989385717,6.669268594263838,0.12654870390170844,-0.004355218399818117,-0.3480456228855334
right,19.26,1787652129881508096,1787652129877030498,15404,4.477598,19.086963889220698,5.95970091524405,5.6678444352568125,0.11054817615240507,-0.1552758882622382,-0.2569136705014535
right,19.27,1787652129891508096,1787652129887079602,15413,4.428494,18.829287233216665,8.242849302176706,5.03579358775838,0.10600041404434313,-0.2830924524004075,-0.2831033252057428
right,19.28,1787652129901508096,1787652129896849416,15421,4.65868,19.722990964771395,11.445597324325613,4.77278652213041,0.10732667458573675,-0.36116492128974015,-0.37056211382212023
right,19.29,1787652129911508096,1787652129907056045,15429,4.452051,20.350786413909585,13.190464357605666,4.281470017031571,0.11116102247666133,-0.4620383736670591,-0.4389265523550855
right,19.3,1787652129921508096,1787652129916834018,15437,4.674078,20.548741608398903,12.23903413520027,4.104113313105,0.10574418059200284,-0.5606485116689314,-0.43364028624424333
right,19.31,1787652129931508096,1787652129926847355,15446,4.660741,21.402152636496158,9.916044776145208,3.6837951827925295,0.09723841256105388,-0.6035153516507774,-0.37346252766411975
right,19.32,1787652129941508096,1787652129936821779,15452,4.686317,23.12097302204813,7.2262298694489,3.2740540589424674,0.08840657945913155,-0.6019125222033057,-0.2858526802513604
right,19.33,1787652129951508096,1787652129946955005,15460,4.553091,21.92056716764209,8.246422361144988,2.5699043673848827,0.07597756503082073,-0.7309666443921611,-0.2787229151923021
right,19.34,1787652129961508096,1787652129956814084,15469,4.694012,22.414118061527653,9.839774092788529,2.2202622659546645,0.07372303762339753,-0.789999553440541,-0.3098826851852104
right,19.35,1787652129971508096,1787652129966885084,15476,4.623012,21.905480438641984,10.344971228951735,1.7893028884873003,0.0674951287394309,-0.8737573241840959,-0.3304484296990078
right,19.36,1787652129981508096,1787652129976868140,15484,4.639956,21.985216466621587,12.426512924987893,1.097244984417381,0.07171245059621972,-0.8340803970732857,-0.40359129431720164
right,19.37,1787652129991508096,1787652129987028913,15492,4.479183,22.649763489529413,13.889302268492138,1.4139583116411079,0.07505487549575736,-0.802773855193317,-0.4711887581203724
right,19.38,1787652130001508096,1787652129996870601,15501,4.637495,22.79301961369998,14.019181482141967,1.38008974106795,0.07791168691227933,-0.8021756107584431,-0.49600778756864683
right,19.39,1787652130011508096,1787652130006843354,15509,4.664742,23.33977595955438,12.759896906215683,1.481898584156832,0.08102207435990169,-0.7479510905058107,-0.47727502367607266
right,19.4,1787652130021508096,1787652130017070226,15516,4.43787,24.485024521758454,10.209639913655701,1.9246975429234245,0.07828629934999695,-0.6292516116192057,-0.4104103368429468
right,19.41,1787652130031508096,1787652130026902660,15525,4.605436,25.039688624321247,6.919862921150033,2.4024546911892246,0.063986504515583,-0.5856470998428032,-0.30028750149542727
right,19.42,1787652130041508096,1787652130036836595,15533,4.671501,24.900338158722377,7.814090242732223,2.5465527906594123,0.05405724812881582,-0.5443606523986129,-0.30637909285469506
right,19.43,1787652130051508096,1787652130047676648,15540,3.831448,24.763371788506394,9.113961135462263,2.633617227996588,0.04808664925781529,-0.49203018623188477,-0.3415404667010364
right,19.44,1787652130061508096,1787652130056860814,15549,4.647282,24.264754089599233,9.01207331564684,3.0602049191283887,0.047090793561638006,-0.4421566205727588,-0.361584818618431
right,19.45,1787652130071508096,1787652130066888262,15556,4.619834,23.208091150454695,8.912919871331187,3.1286640132036085,0.042551658138522915,-0.44417504146901876,-0.38938153706263695
right,19.46,1787652130081508096,1787652130076880822,15564,4.627274,23.038990872092956,8.695890342797803,2.953540763449902,0.03915547688395437,-0.4206069791169498,-0.40876701415394884
right,19.47,1787652130091508096,1787652130086889288,15573,4.618808,22.146607342989267,8.002058825486847,2.749014962191935,0.022570111779619782,-0.4413379469729618,-0.4141571721513352
right,19.48,1787652130101508096,1787652130096988632,15581,4.519464,22.51316242018279,7.154293259815103,2.6367544849935607,0.0021320049208178107,-0.42585108614064315,-0.42034318810375154
right,19.49,1787652130111508096,1787652130106885135,15589,4.622961,22.261183622619598,7.239912425976483,2.3074997697246955,-0.03344630140767978,-0.4740309228530055,-0.4425143323885051
right,19.5,1787652130121508096,1787652130116976287,15598,4.531809,22.732116645290517,7.670382624113744,2.2762039333175834,-0.06398085158672157,-0.45552486284514626,-0.47580467334652954
right,19.51,1787652130131508096,1787652130126834108,15605,4.673988,22.914692424315405,8.066604325414618,2.040542676576123,-0.0931694586548773,-0.46276799372568245,-0.5125124907102788
right,19.52,1787652130141508096,1787652130136804497,15612,4.703599,22.8925109510692,8.378987166025816,1.6018936994592194,-0.11467364164928417,-0.4695363155853661,-0.540050468812802
right,19.53,1787652130151508096,1787652130147359002,15620,4.149094,23.125563284758275,8.854337398505576,1.693114775198307,-0.13677197345168807,-0.5104215084525201,-0.5730205823525077
right,19.54,1787652130161508096,1787652130156859354,15629,4.648742,23.53430256901062,9.406829838401006,1.0954793579303521,-0.14754143323254199,-0.547325701927728,-0.6011803932523496
right,19.55,1787652130171508096,1787652130166857113,15636,4.650983,23.35294668924428,9.576475616343087,0.7061617449086091,-0.14953556724599604,-0.5566848627623413,-0.625449512977297
right,19.56,1787652130181508096,1787652130176852185,15646,4.655911,23.07332299768074,10.734353542721594,0.4570049451198992,-0.154729402207125,-0.5934358502307828,-0.6799021104794579
right,19.57,1787652130191508096,1787652130186902075,15654,4.606021,22.79701482900286,12.06208739741162,0.19640702898182827,-0.15976692117185465,-0.6733562234083762,-0.7387796007060088
right,19.58,1787652130201508096,1787652130196856106,15663,4.65199,23.31232879351633,12.795424733474874,-0.4276003512508939,-0.16343461503305826,-0.7450712660485141,-0.7881416356884929
right,19.59,1787652130211508096,1787652130206856936,15671,4.65116,23.82529850260936,13.975232508806483,-0.8438826340547894,-0.167182981776114,-0.7603043926900138,-0.8439651627420186
right,19.6,1787652130221508096,1787652130216980995,15677,4.527101,23.738974697393445,15.218816372626529,-1.0351663879602504,-0.16675973350425305,-0.759934502248601,-0.8965648084131614
right,19.61,1787652130231508096,1787652130226837413,15686,4.670683,23.5088579988445,16.540441796693326,-1.4196316854052262,-0.1590598666316033,-0.7622075222968514,-0.946640320459007
right,19.62,1787652130241508096,1787652130237051234,15695,4.456862,22.388401955043097,16.97440306041963,-1.8930510706096184,-0.1595511782537963,-0.8507220829076543,-0.9664830800680075
right,19.63,1787652130251508096,1787652130247322144,15702,4.185952,22.16289409329205,17.719029386902655,-2.177728311380486,-0.16394982291901283,-0.8999416597480221,-0.9965107150527679
right,19.64,1787652130261508096,1787652130256836499,15708,4.671597,21.344026792492887,17.62043715072554,-2.612589326252201,-0.16387832110656791,-0.9611325322397637,-1.0057569847439731
right,19.65,1787652130271508096,1787652130266909681,15718,4.598415,19.672467816763692,17.15038224850178,-3.5540964255244054,-0.16175579874628906,-1.0218768676359924,-0.9942014263084453
right,19.66,1787652130281508096,1787652130276859653,15725,4.648443,19.161092837430182,16.998583166006085,-3.9815359405327886,-0.1569446544057967,-1.0540789672433073,-0.9795743590533698
right,19.67,1787652130291508096,1787652130286899250,15732,4.608846,18.647951810966134,16.020907780345453,-4.322221541728672,-0.15246549031342796,-1.116754348417042,-0.941465471461523
right,19.68,1787652130301508096,1787652130296827768,15740,4.680328,19.18580516769015,14.69414792011077,-4.4871747862551565,-0.15516456823856287,-1.1459236556134378,-0.8952892266274686
right,19.69,1787652130311508096,1787652130306817612,15749,4.690484,20.156836675393976,13.493681372327622,-4.3780905888001325,-0.15605019039209775,-1.1869053915648557,-0.8431140717083411
right,19.7,1787652130321508096,1787652130316920399,15757,4.587697,21.49850664505449,11.215842177907197,-4.497063163567627,-0.16227844730231575,-1.2127092088858786,-0.7714078740574085
right,19.71,1787652130331508096,1787652130326894568,15765,4.613528,23.131657001172464,9.685734575014685,-4.190287674214886,-0.16912408624365188,-1.2233390029890583,-0.7011372742634385
right,19.72,1787652130341508096,1787652130336803535,15772,4.704561,23.686076523714757,9.86979259870752,-4.4548550285560164,-0.17690122695453672,-1.2652784222918656,-0.6884002558719805
right,19.73,1787652130351508096,1787652130346853564,15781,4.654532,23.521825947627825,10.126536434678213,-4.134690705292967,-0.17931658107371296,-1.2917717970216085,-0.6906131676736786
right,19.74,1787652130361508096,1787652130356856613,15789,4.651483,23.40343904685417,9.850901859980466,-3.970514798884292,-0.1733621985998826,-1.2017284563073294,-0.6879839640259453
right,19.75,1787652130371508096,1787652130366879003,15798,4.629093,23.251732604742827,10.06452251634108,-2.8307772530477657,-0.15561870643544373,-1.0608275392570063,-0.693718610264631
right,19.76,1787652130381508096,1787652130376865168,15805,4.642928,22.38500620846871,9.767639303762,-1.7182169160715155,-0.12706106631456096,-0.8744456644760576,-0.6883785042171953
right,19.77,1787652130391508096,1787652130387042003,15812,4.466093,21.535570139056844,9.79903196485266,-0.777482136742127,-0.09243068539653994,-0.6749626693815178,-0.6922534454428027
right,19.78,1787652130401508096,1787652130396816242,15821,4.691854,21.61174516177205,9.961764562629693,0.313526741352379,-0.055042346498117525,-0.4880175144256727,-0.701070188788043
right,19.79,1787652130411508096,1787652130407088433,15828,4.419663,22.049170148752964,10.166483235615607,1.3811762181520923,-0.008980461245809285,-0.3297802620557641,-0.7131339842941932
right,19.8,1787652130421508096,1787652130416866858,15836,4.641238,22.304206966382527,10.668100771042566,2.123211197892433,0.04096056968597982,-0.23264244312398313,-0.7296890449176564
right,19.81,1787652130431508096,1787652130426840595,15845,4.667501,23.260968637996985,10.727442407691719,2.6077083882659986,0.07582473947034823,-0.19764498398697625,-0.7457684542210503
right,19.82,1787652130441508096,1787652130436864380,15854,4.643716,23.761716960970247,11.260687454680529,2.8528861621753707,0.09724376101928763,-0.19736956647360254,-0.7644690041272291
right,19.83,1787652130451508096,1787652130447396426,15860,4.11167,22.807553308156024,11.549255024998494,2.7090330673164496,0.10568315678975224,-0.25525834005639925,-0.7679937817470855
right,19.84,1787652130461508096,1787652130456839115,15870,4.668981,22.641027482033266,11.824420181226435,2.3807067801364448,0.10866694939508036,-0.2965709973597134,-0.7831358683475951
right,19.85,1787652130471508096,1787652130467023031,15878,4.485065,22.829884043668415,12.069567816874613,2.0599541673205533,0.10706893310075055,-0.3206425981661425,-0.7905204740255465
right,19.86,1787652130481508096,1787652130476864337,15884,4.643759,20.93364806230312,12.203067019930737,1.4436925764001012,0.1018540953084795,-0.4265635001094177,-0.7897264228975797
right,19.87,1787652130491508096,1787652130487198186,15894,4.30991,19.033700696493757,12.4398046202572,0.8728271467755429,0.0936827753852508,-0.5212868286044388,-0.7971470401387593
right,19.88,1787652130501508096,1787652130496900261,15900,4.607835,18.938972101968982,12.777631456138113,0.5350910984766222,0.08913903214554528,-0.5450704987441067,-0.8025508406117029
right,19.89,1787652130511508096,1787652130506842886,15909,4.66521,18.891099859185953,13.076893043006804,0.2494758169396678,0.09091958060238323,-0.55540326810725,-0.814958280403332
right,19.9,1787652130521508096,1787652130516933267,15916,4.574829,18.318115739380403,13.259234464216648,0.006609304556850715,0.08635862656785112,-0.5943056592036947,-0.8219947543837249
right,19.91,1787652130531508096,1787652130526865450,15925,4.642646,18.752703373549323,13.74904404769241,-0.32448200803765026,0.09001353721223115,-0.5770089879231026,-0.8331735432029064
right,19.92,1787652130541508096,1787652130536805397,15932,4.702699,19.577806932360836,13.616964294674375,0.11189523240754418,0.09088311474496194,-0.5498227116952914,-0.8277859916747334
right,19.93,1787652130551508096,1787652130546865198,15940,4.642898,20.152815690232963,13.159148820958098,0.030494848107663675,0.091405539686048,-0.533107692330242,-0.8208592696560841
right,19.94,1787652130561508096,1787652130556864192,15948,4.643904,21.36304835852975,13.178869300719779,0.46016898887747515,0.09466973943241194,-0.48907116416085206,-0.8244613045266852
right,19.95,1787652130571508096,1787652130566837156,15958,4.67094,22.292982303413783,13.237501664627011,0.8411979618287404,0.09817623987058152,-0.4574261725992941,-0.8295694315704487
right,19.96,1787652130581508096,1787652130576842850,15965,4.665246,23.306988688913815,13.294169540340203,1.4797810256662776,0.09984367859171195,-0.429628281031461,-0.8351764387840226
right,19.97,1787652130591508096,1787652130586871392,15973,4.636704,24.408158298390347,13.553099352547965,1.4841354452565854,0.10475820513604342,-0.40336867818832683,-0.8504232919645249
right,19.98,1787652130601508096,1787652130596857501,15981,4.650595,24.94672222455634,13.973690652795819,1.801232177410157,0.10522153823265798,-0.4165706071150421,-0.8662523588969295
right,19.99,1787652130611508096,1787652130606842413,15988,4.665683,25.343667526281568,14.251452452217345,1.6361305554270806,0.09949281723849078,-0.4425706022224619,-0.8771699300431983
right,20.0,1787652130621508096,1787652130616835049,15997,4.673047,25.094028536970256,14.45118964133266,1.4223044456645213,0.0985670592438819,-0.49328483324876093,-0.8823941612683625
right,20.01,1787652130631508096,1787652130626828060,16004,4.680036,25.54172199814439,14.6191302436754,1.3033202907174066,0.09491615702950641,-0.4993040678164606,-0.8878327372861021
right,20.02,1787652130641508096,1787652130636834730,16012,4.673366,25.119673160786572,14.798581511749783,1.06048430658665,0.0908737708388999,-0.5414482575176001,-0.8941391740732204
right,20.03,1787652130651508096,1787652130646860790,16020,4.647306,23.77319035644991,14.760546223880242,0.6119721092271146,0.08840838271789248,-0.6267717881722512,-0.8849176666764516
right,20.04,1787652130661508096,1787652130657088193,16028,4.419903,22.101647296219838,14.974201369140577,0.030871249194956984,0.0823700718839797,-0.72324238773707,-0.8777852666687922
right,20.05,1787652130671508096,1787652130666831414,16036,4.676682,21.727140764927913,14.837988125911323,-0.3716363713171855,0.08148350847761511,-0.752296989307044,-0.8714684404009538
right,20.06,1787652130681508096,1787652130676875577,16044,4.632519,20.32382973481492,14.73275107390185,-0.820160690788712,0.07801124233915692,-0.8313364979011005,-0.8675543396333973
right,20.07,1787652130691508096,1787652130686914441,16053,4.593655,19.716432999076385,14.439288934127584,-1.0821642793475577,0.07431066301333974,-0.8757226044253965,-0.8605917754290301
right,20.08,1787652130701508096,1787652130696806188,16060,4.701908,19.117040880660543,14.821864598471434,-1.3105855790321561,0.0707056524565845,-0.9109559261465896,-0.8722073824435617
right,20.09,1787652130711508096,1787652130706855986,16069,4.65211,19.146218183127132,15.26229893860283,-1.459029834332914,0.07123471915771491,-0.9185382148956416,-0.8801573199710127
right,20.1,1787652130721508096,1787652130716888279,16077,4.619817,19.222546605649374,15.442922136039883,-1.4905266865315934,0.07184559854565381,-0.9296762354996093,-0.8817065712844383
right,20.11,1787652130731508096,1787652130727154227,16084,4.353869,19.510145936447515,15.506934725104449,-1.471264824128657,0.07154782209919716,-0.9239235186279366,-0.8832132722028865
right,20.12,1787652130741508096,1787652130736807851,16092,4.700245,19.790141787162007,15.554123221306925,-1.315273488859681,0.07447199729865817,-0.9187284466525065,-0.8818794064565978
right,20.13,1787652130751508096,1787652130746833077,16101,4.675019,20.35819097350206,15.898438070173038,-1.3616015598911044,0.07510636257683852,-0.9006680581303733,-0.8828252736820377
right,20.14,1787652130761508096,1787652130756890827,16109,4.617269,20.766044032193026,15.84603429307423,-1.2275680488995242,0.07685424386711497,-0.8729195893314968,-0.8837060437155237
right,20.15,1787652130771508096,1787652130767055890,16117,4.452206,21.054124756008605,15.508305747422062,-1.0370755852257973,0.07795995546900625,-0.844760686983254,-0.8793762379529518
right,20.16,1787652130781508096,1787652130777053439,16125,4.454657,20.812087050386996,15.421666961441803,-0.9270400186686185,0.07790978551293265,-0.8509741019247339,-0.8718138648066005
right,20.17,1787652130791508096,1787652130786857687,16132,4.650409,21.36239558014486,15.45658320856162,-0.7519300718484527,0.08220546332660914,-0.814632516472213,-0.8712883921697798
right,20.18,1787652130801508096,1787652130796993734,16140,4.514362,20.912283939074996,15.736418921311534,-0.4280819410851273,0.08140891719282463,-0.8276016867856856,-0.8774807686343125
right,20.19,1787652130811508096,1787652130806862929,16149,4.645167,20.85260100113944,15.965663413562353,-0.6996979149395885,0.08186710781104602,-0.8279614623125643,-0.8845941923070235
right,20.2,1787652130821508096,1787652130817105804,16157,4.402292,20.461258057607566,16.27335548209366,-0.5031437874359126,0.08262877523766975,-0.8344845552193283,-0.8951184901972407
right,20.21,1787652130831508096,1787652130826926778,16165,4.581318,20.393296097869325,16.499663012729435,-0.8000997989706851,0.08344602956627856,-0.8349065655275566,-0.902716791861717
right,20.22,1787652130841508096,1787652130836869292,16172,4.638804,20.349915718050195,16.644989165573847,-0.45474291553168866,0.0856147989958212,-0.8333619495807123,-0.9103239923902681
right,20.23,1787652130851508096,1787652130846857145,16180,4.650951,20.7584379969339,16.72179180985475,-0.428510526650995,0.0870011803415838,-0.8154327169015037,-0.9129766699081618
right,20.24,1787652130861508096,1787652130856880904,16188,4.627192,20.80282634944074,16.634072426761833,-0.4246783533476828,0.09013770223104875,-0.8156235387678882,-0.9109091712764724
right,20.25,1787652130871508096,1787652130866832396,16196,4.6757,21.14454535458693,16.55329190106709,-0.3769194269353129,0.09121862135419588,-0.8005256257120857,-0.9045806140837199
right,20.26,1787652130881508096,1787652130876868049,16206,4.640047,21.51413644989608,16.48805873375037,-0.6163901134342864,0.09519638291159807,-0.7921434665896478,-0.9018727334230332
right,20.27,1787652130891508096,1787652130886860226,16215,4.64787,21.71038361973457,16.428284509014972,-0.5347843451282563,0.09596528643653437,-0.7871358819734378,-0.8951563916376469
right,20.28,1787652130901508096,1787652130896971716,16221,4.53638,21.8337502611331,16.384510946558443,-0.18943310120135992,0.09663919819172666,-0.7750289571320131,-0.8936710840181246
right,20.29,1787652130911508096,1787652130906829278,16230,4.678818,22.21041683770745,16.35669367176312,-0.08346769483772665,0.09865113194728319,-0.7537443825066403,-0.8894032337205815
right,20.3,1787652130921508096,1787652130916814521,16236,4.693575,22.532405794254988,16.27497343479364,-0.3155317532370474,0.10116257181484817,-0.7348351811274856,-0.8844108523158696
right,20.31,1787652130931508096,1787652130926851339,16247,4.656757,22.520992222614787,16.205451366338554,-0.08281881658143098,0.10094006512089417,-0.7267341230020596,-0.8777344674926946
right,20.32,1787652130941508096,1787652130936862802,16254,4.645294,22.423330634995416,16.127837351551705,-0.27761197452651043,0.09814623915160897,-0.7357035496060933,-0.8716212422076597
right,20.33,1787652130951508096,1787652130947116731,16263,4.391365,22.164321097550058,16.033576967588903,-0.504155674234779,0.0979459847460635,-0.7495577221894834,-0.8620081302462824
right,20.34,1787652130961508096,1787652130956932480,16271,4.575616,22.14445598593216,15.983663295732917,-0.547214859728534,0.097020385037515,-0.7327497221902923,-0.8549669105699018
right,20.35,1787652130971508096,1787652130966900547,16279,4.607549,22.047317899258587,15.92142033086288,-0.5504097063704214,0.0987827228590762,-0.7064423585542237,-0.8493280586448586
right,20.36,1787652130981508096,1787652130976846310,16286,4.661786,21.70308324845451,16.14283876278499,-0.6479217560623729,0.10005424177285249,-0.6863544986498417,-0.8508598587090632
right,20.37,1787652130991508096,1787652130986845389,16293,4.662707,21.333662327123104,16.027031996371083,-0.7388004898898024,0.098917604639446,-0.6582072539147863,-0.8457071426973477
right,20.38,1787652131001508096,1787652130996976447,16300,4.531649,20.925003550283964,15.660518260333857,-0.6981968985901621,0.09826711322534523,-0.6348378595110975,-0.8352264463669616
right,20.39,1787652131011508096,1787652131006845623,16309,4.662473,20.538508119000653,15.693332705368931,-0.8693421166521875,0.09757794122448896,-0.6192998635062557,-0.8331996872146306
right,20.4,1787652131021508096,1787652131017145835,16317,4.362261,20.474845410229246,15.727616052451427,-0.6655610851633105,0.09931471239540995,-0.5871762701243418,-0.8328517698363908
right,20.41,1787652131031508096,1787652131026839982,16324,4.668114,20.08410271177356,15.71368117771338,-0.4612999933004285,0.10397298486707014,-0.5826642852700346,-0.8311640697715466
right,20.42,1787652131041508096,1787652131036817099,16333,4.690997,20.242103965472005,15.71958100887415,-0.25858338228999234,0.1052201642873148,-0.5584036259104581,-0.8315881092866907
right,20.43,1787652131051508096,1787652131046866984,16340,4.641112,20.28558313803956,15.735939617667494,0.11341060887138044,0.10770560691536281,-0.5387776579815625,-0.8307316234886168
right,20.44,1787652131061508096,1787652131056880663,16349,4.627433,20.367114036396153,15.747435328988086,0.034692618992315793,0.10944809187203638,-0.5223136840927793,-0.8300207111717928
right,20.45,1787652131071508096,1787652131066922576,16356,4.58552,20.27385182230582,15.766948239307538,-0.046660927656981155,0.11040227089867168,-0.5151260519867262,-0.830604224759875
right,20.46,1787652131081508096,1787652131076955213,16364,4.552883,20.26598403216545,15.847733155813643,-0.14456304277205811,0.10930322271542342,-0.5178425647724353,-0.8348318954721401
right,20.47,1787652131091508096,1787652131086881954,16373,4.626142,20.287123747596617,15.943971628883709,-0.18281032723403134,0.10841798320557429,-0.5178832116609184,-0.842588314052086
right,20.48,1787652131101508096,1787652131097019811,16381,4.488285,20.716178700636032,15.96361382324912,-0.4222524211478498,0.11238137591257395,-0.4953295325333348,-0.8454885340055363
right,20.49,1787652131111508096,1787652131106900817,16388,4.607279,20.64954547410618,15.921346759371799,-0.37433189039028036,0.11305483477768104,-0.5017981312947111,-0.8420966646920259
right,20.5,1787652131121508096,1787652131117103146,16396,4.40495,20.574102532241586,16.210416475312716,-0.3744651576886264,0.11251041749789117,-0.5119790393964754,-0.8460680386260977
right,20.51,1787652131131508096,1787652131126866650,16405,4.641446,20.175648415353145,15.745287278480797,-0.4080775138794306,0.10995748700013433,-0.5365921883744793,-0.8353408682397564
right,20.52,1787652131141508096,1787652131136846931,16415,4.661165,20.407277687834963,15.678443248500203,0.0018888797779621491,0.11333100962977308,-0.520174942871499,-0.8353508630578861
right,20.53,1787652131151508096,1787652131146823218,16422,4.684878,20.745555141649426,15.73184388345589,0.06953373631450388,0.1148813778424547,-0.4976047812471538,-0.8361273569467818
right,20.54,1787652131161508096,1787652131156845748,16429,4.662348,21.1270088989685,15.765305892810602,0.1585802616173595,0.11568747957544256,-0.47235186981353844,-0.838372005807912
right,20.55,1787652131171508096,1787652131167053209,16436,4.454887,21.431796886899654,15.816532419330716,-0.16949094947545706,0.11534449849878123,-0.46508129681746313,-0.8426010053996243
right,20.56,1787652131181508096,1787652131176803862,16445,4.704234,22.032485849638633,15.881202055705911,-0.035354535295829326,0.11167271176080146,-0.43606379388906397,-0.8463459270575653
right,20.57,1787652131191508096,1787652131186878754,16453,4.629342,22.094483974047044,15.888171831561921,0.09534463736634358,0.11044450772226382,-0.435519676460248,-0.8446935460097543
right,20.58,1787652131201508096,1787652131197175405,16460,4.332691,21.960168194096934,16.229453679525953,0.42212163852628715,0.11242168752762835,-0.435320295233845,-0.8503875310761702
right,20.59,1787652131211508096,1787652131207107094,16469,4.401002,21.683094636266894,15.847971690344023,0.3812526050989713,0.11441816245290484,-0.4526146976598666,-0.843152961872087
right,20.6,1787652131221508096,1787652131217093455,16476,4.414641,21.81556946637552,15.711712423270173,0.34316844077959496,0.11494498336143806,-0.4459332615447013,-0.8375721103185467
right,20.61,1787652131231508096,1787652131226945018,16485,4.563078,21.880559665734786,15.717278442399783,-0.03407079645948885,0.1135425074219323,-0.45413567359740475,-0.8371512221711177
right,20.62,1787652131241508096,1787652131237039015,16492,4.469081,21.92324557972988,15.78151732042305,0.28201631773695635,0.11157730272654076,-0.45265990234813114,-0.8397452679028209
right,20.63,1787652131251508096,1787652131246897598,16503,4.610498,22.359547172811336,15.817721675825158,0.03489752924788281,0.11351474112962846,-0.4243885876478861,-0.842075949367432
right,20.64,1787652131261508096,1787652131256824644,16511,4.683452,22.330926435144935,15.81630090441112,0.05963795147437301,0.11364173245175692,-0.43429322948110227,-0.8411846561801248
right,20.65,1787652131271508096,1787652131267126874,16519,4.381222,21.908695567942836,15.836375554817348,0.3507163788721832,0.11030456703865107,-0.4610884753305059,-0.8414842618917338
right,20.66,1787652131281508096,1787652131276833062,16525,4.675034,21.840972337680267,15.842643689330496,0.3465769722796326,0.10774063896567446,-0.46896636498683736,-0.8444541866364406
right,20.67,1787652131291508096,1787652131286864100,16532,4.643996,21.796579047918826,16.144318600783116,0.2677775134632392,0.1053644867721577,-0.4745036399555919,-0.8502728185366866
right,20.68,1787652131301508096,1787652131297271572,16541,4.236524,21.80783507901253,16.10422235482619,0.19881428268950252,0.10418317656311124,-0.4806031702313018,-0.8491000588335167
right,20.69,1787652131311508096,1787652131306923885,16548,4.584211,22.279288290769703,15.629707408151885,-0.013014769499181345,0.10170824079833078,-0.4565106588200106,-0.8364555359884753
right,20.7,1787652131321508096,1787652131317551229,16556,3.956867,21.992416305984204,15.638596587298418,0.06698111117660277,0.09945839188607283,-0.4687018473928343,-0.8354346271277038
right,20.71,1787652131331508096,1787652131326989974,16564,4.518122,22.109595501088027,15.690660353810731,0.15629443654346664,0.09830105099917077,-0.4589914529493016,-0.8366971405812281
right,20.72,1787652131341508096,1787652131337168064,16573,4.340032,22.46099737476796,15.96364435612583,0.27287447387444264,0.09896831284159108,-0.4338876677695201,-0.8415532363164318
right,20.73,1787652131351508096,1787652131347112905,16581,4.395191,22.99515037855671,15.56244529495045,0.5736951478788712,0.10179266938305365,-0.40308379632971114,-0.8370441197787554
right,20.74,1787652131361508096,1787652131356835239,16590,4.672857,22.720912493447482,15.875762519920748,0.45623337790687835,0.09964104828567906,-0.4276910336276407,-0.8453699110704633
right,20.75,1787652131371508096,1787652131367210946,16596,4.29715,22.52167792390747,15.654964407502014,0.36400267577951473,0.09670817339896143,-0.4401720371866803,-0.8428284852614001
right,20.76,1787652131381508096,1787652131376827454,16605,4.680642,22.144992644323406,15.24600930537719,0.2673892703595002,0.09978329074853745,-0.46552060342867974,-0.8372324993608775
right,20.77,1787652131391508096,1787652131387125677,16613,4.382419,22.673232051650395,15.4796732773583,0.10778122462850881,0.10247361253259808,-0.4377379482091784,-0.8434360903376944
right,20.78,1787652131401508096,1787652131397400322,16623,4.107774,22.97460399853763,15.287984895281514,0.3270768940351272,0.10401981119278907,-0.4157861989156507,-0.8453417544438864
right,20.79,1787652131411508096,1787652131406821148,16629,4.686948,23.192477745333974,15.481531018206393,0.476351165434727,0.10620040383866174,-0.39045098905388764,-0.8536169345360676
right,20.8,1787652131421508096,1787652131417238195,16638,4.269901,23.341846126747498,15.670499517340012,0.581753717038296,0.10873079255313436,-0.3725033329084145,-0.8614666545994285
right,20.81,1787652131431508096,1787652131426895333,16644,4.612763,23.341397473186532,15.695890833883364,0.8777381543394918,0.10993298269373408,-0.36710488108642814,-0.8627552268409352
right,20.82,1787652131441508096,1787652131437228460,16652,4.279636,23.358201988888645,15.870873349247258,0.5860485321242528,0.11107947765975505,-0.36299245390558904,-0.8694097358757487
right,20.83,1787652131451508096,1787652131447322750,16660,4.185346,23.410025798148578,15.893584689994945,0.6022377108138033,0.11101037007633982,-0.35616427017591723,-0.8704632523850268
right,20.84,1787652131461508096,1787652131456859254,16669,4.648842,23.369416941868288,15.966149569302779,0.6277855612576733,0.11082954715828794,-0.364437229487307,-0.8741622459155094
right,20.85,1787652131471508096,1787652131467256199,16677,4.251897,23.717800257694474,16.027271559413748,0.9316603476302672,0.10868080517976862,-0.3390824059310267,-0.8784795992963403
right,20.86,1787652131481508096,1787652131476833554,16685,4.674542,23.74000828512963,16.095805516930202,0.6346909409478179,0.11026956389089822,-0.3411509711834476,-0.8796075137473081
right,20.87,1787652131491508096,1787652131486936299,16692,4.571797,23.556230031334085,16.110794937242044,0.6281656876097663,0.10780321199311793,-0.35168205734913693,-0.8767145138080132
right,20.88,1787652131501508096,1787652131497409492,16702,4.098604,23.1841478220789,15.986774009851286,0.6387140856599283,0.10772424848600376,-0.37532518974005674,-0.8718736258285245
right,20.89,1787652131511508096,1787652131506836401,16708,4.671695,23.15019127839926,15.86075227257403,0.8817565226321229,0.10808430246039402,-0.37318222111433624,-0.8687428017772382
right,20.9,1787652131521508096,1787652131516990345,16716,4.517751,23.3035040070384,15.663188228257985,0.8685794027274572,0.10477602514830986,-0.3661843279838841,-0.8573928615481332
right,20.91,1787652131531508096,1787652131526876643,16724,4.631453,23.635290454348485,15.494355609299395,0.8021940735122688,0.10599342257661677,-0.35193398672482823,-0.8493904176444427
right,20.92,1787652131541508096,1787652131537159884,16732,4.348212,23.244559156335505,15.032403675305563,0.46995474624609557,0.106447148764785,-0.37562955311513874,-0.8384607050203524
right,20.93,1787652131551508096,1787652131547333215,16741,4.174881,23.261552620278078,14.607150598804086,0.8262663862786239,0.10540290449773387,-0.3675633601663862,-0.8221686540238078
right,20.94,1787652131561508096,1787652131556853775,16749,4.654321,23.56335765525418,14.353078660908873,0.5341063474425529,0.10429184879269648,-0.34859403483332496,-0.8088736770958267
right,20.95,1787652131571508096,1787652131567145799,16758,4.362297,22.99699930414978,13.773280356946279,0.5295760490481234,0.10377126551462158,-0.37036036155731894,-0.7810842231375238
right,20.96,1787652131581508096,1787652131576887262,16765,4.620834,22.95748613027257,13.215026610915997,0.5085427004777556,0.1020074418229244,-0.371619325806449,-0.756010936102766
right,20.97,1787652131591508096,1787652131586847692,16773,4.660404,22.91819951752755,13.248147840992234,0.48786857297277475,0.0999489441345757,-0.3687532913551319,-0.7492215785820542
right,20.98,1787652131601508096,1787652131597342213,16783,4.165883,23.059223019790643,12.912176262449002,0.4874588540145708,0.10272752707582539,-0.36494364235298166,-0.7367686116834236
right,20.99,1787652131611508096,1787652131606888912,16791,4.619184,23.358647377379697,12.681935134792187,0.8302614897849345,0.10523497598216541,-0.3396885392959302,-0.7311136255837234
right,21.0,1787652131621508096,1787652131616944940,16797,4.563156,23.403009368611745,12.619161667247798,0.5723597065602866,0.10665569863281373,-0.33898896628511366,-0.73069918105087
right,21.01,1787652131631508096,1787652131627032332,16804,4.475764,23.029484945849937,12.539377433910762,0.5286130738315444,0.10705650979590206,-0.36042596194553056,-0.7264251958350181
right,21.02,1787652131641508096,1787652131637136868,16812,4.371228,23.051971532197655,12.495324691771648,0.8891727301564558,0.10591966605409871,-0.3603381764569691,-0.7244150072353968
right,21.03,1787652131651508096,1787652131647389294,16820,4.118802,23.182443211150797,12.466865114803168,0.590276473781516,0.10914031434407326,-0.35695417654845685,-0.7230687749359139
right,21.04,1787652131661508096,1787652131656811254,16829,4.696842,23.181952427568678,12.446717352671882,0.5270098068153621,0.11069541995848364,-0.3543926041411926,-0.7219169475546541
right,21.05,1787652131671508096,1787652131667410135,16837,4.097961,23.07831220453353,12.318913286011208,0.8097193644625005,0.10777201964374558,-0.3582079031582595,-0.7168141491811268
right,21.06,1787652131681508096,1787652131676864847,16844,4.643249,23.010363878924235,12.678504479562251,0.8288155600283966,0.10697135824467408,-0.363049399761275,-0.7240768472483278
right,21.07,1787652131691508096,1787652131686826020,16853,4.682076,23.41184531869617,12.634810379212613,0.8406078838787618,0.10856686178482274,-0.3431341657297044,-0.724554618582878
right,21.08,1787652131701508096,1787652131697405094,16861,4.103002,23.463526279489212,12.14102095165448,0.5843764547626751,0.11046748394091543,-0.33853857762154127,-0.7123016061131401
