arm,time_s,target_timestamp_ns,source_timestamp_ns,source_index,age_ms,fx,fy,fz,tx,ty,tz
arm,0.01,21371854772284,21371853552651,1,1.219633,1.8423772214670555,0.12703307970366254,-1.5793786552697089,0.16652094006820223,1.086684551523434,-0.07335074710584356
arm,0.02,21371864772284,21371860271034,7,4.50125,1.9180470497509696,0.14161855459840555,-1.5702948907418264,0.16349659951488305,1.1125201011154415,-0.07041513898122016
arm,0.03,21371874772284,21371870671280,9,4.101004,1.9208699434343273,0.14554109216571734,-1.5603568446948382,0.15957011757937264,1.1103211940170958,-0.07153973871097458
arm,0.04,21371884772284,21371877209012,10,7.563272,1.9040023522431642,0.1530233023270699,-1.5686091299337224,0.1587274583765575,1.1065013111160988,-0.06827976610671634
arm,0.05,21371894772284,21371890160578,12,4.611706,1.8919673575213871,0.15750050344018646,-1.5412948335314038,0.1617885278019471,1.094514952824971,-0.06509860451923108
arm,0.06,21371904772284,21371890160578,12,14.611706,1.8919673575213871,0.15750050344018646,-1.5412948335314038,0.1617885278019471,1.094514952824971,-0.06509860451923108
arm,0.07,21371914772284,21371911208445,14,3.563839,1.9015711552531822,0.1519526008849981,-1.5607042580643935,0.1658949166681075,1.103847657320827,-0.06552792452745997
arm,0.08,21371924772284,21371919587468,17,5.184816,1.8852858762630906,0.15118300540124843,-1.5469089804909293,0.16376014991094695,1.0948237086076815,-0.06621458942512913
arm,0.09,21371934772284,21371931533698,19,3.238586,1.8697234815128645,0.1464718183593311,-1.554662620734805,0.16165103911295794,1.0919052379610028,-0.07037268689469214
arm,0.1,21371944772284,21371943059126,21,1.713158,1.8493279081540246,0.14401087137730864,-1.5575961200925557,0.16495788252514101,1.0850305043361903,-0.07120528120478488
arm,0.11,21371954772284,21371950346535,22,4.425749,1.842307702354408,0.1408951579061155,-1.5493544517540265,0.16595599917001486,1.079096562736029,-0.07252621887309525
arm,0.12,21371964772284,21371963320121,24,1.452163,1.8342858042789318,0.14087890093107383,-1.5479922029112752,0.16597183575493288,1.0755036084119136,-0.07333977102367692
arm,0.13,21371974772284,21371963320121,24,11.452163,1.8342858042789318,0.14087890093107383,-1.5479922029112752,0.16597183575493288,1.0755036084119136,-0.07333977102367692
arm,0.14,21371984772284,21371984042059,26,0.730225,1.9127936816116526,0.14222579019324147,-1.4684057691212575,0.16603812247194977,1.0815969294019598,-0.07334173443086484
arm,0.15,21371994772284,21371991831314,27,2.94097,1.8887622782147773,0.13627631819569005,-1.4878559335733645,0.1671483240768967,1.0780887713097977,-0.0760967162710053
arm,0.16,21372004772284,21371998332150,30,6.440134,1.8068795243321347,0.1279462293742285,-1.5701090451890045,0.1725348180857812,1.0688899317393457,-0.07297983933080653
arm,0.17,21372014772284,21372010296987,32,4.475297,1.8298921250601725,0.12807885479835837,-1.5949758767886975,0.17600832048647583,1.0831776365159531,-0.07044889547894066
arm,0.18,21372024772284,21372021555067,34,3.217217,1.8444775707083214,0.11872241775476464,-1.5800070609325492,0.17626173557813818,1.0843384709335682,-0.07552978782879066
arm,0.19,21372034772284,21372028114381,35,6.657903,1.8469478526688774,0.13540985845595233,-1.582346951114669,0.16929134794556366,1.0863697539635864,-0.06996295370905507
arm,0.2,21372044772284,21372043703779,37,1.068505,1.8749177416834382,0.12595436669768653,-1.5756086447366628,0.17331609387116978,1.0960810894323998,-0.07445817238861357
arm,0.21,21372054772284,21372046474114,38,8.29817,1.8660859729521035,0.12804536070345515,-1.551861282273144,0.17675129100755205,1.087560794285452,-0.07241850009546281
arm,0.22,21372064772284,21372057901690,39,6.870594,1.8761418897371969,0.12985704258447162,-1.5551868785973395,0.17801138704934205,1.0932508279578488,-0.07151534096237286
arm,0.23,21372074772284,21372069482598,40,5.289686,1.88063168115227,0.14526966768539387,-1.5539551661778135,0.17021229416557263,1.0947511381867356,-0.06922596568535865
arm,0.24,21372084772284,21372078158742,44,6.613542,1.8727839600124951,0.11909830864224956,-1.5425449632029191,0.17372475383987,1.0883433648419276,-0.07613976094761649
arm,0.25,21372094772284,21372091848838,46,2.923446,1.8588607338512129,0.1266431741773553,-1.5682905056281131,0.17142688258331829,1.0919658898889957,-0.07226545260018404
arm,0.26,21372104772284,21372102019988,48,2.752296,1.8577309844245367,0.13170413424798252,-1.5599596511716498,0.16861933315082053,1.085579238771744,-0.0702987454362863
arm,0.27,21372114772284,21372111992122,50,2.780162,1.9090609493226298,0.1414816053699219,-1.5280387538076505,0.16380471681050593,1.0963836595749863,-0.0693966811397168
arm,0.28,21372124772284,21372121273161,51,3.499123,1.8979806194200732,0.1400565876045188,-1.4984567252105676,0.16318987780798477,1.0855418052610823,-0.07085200363549238
arm,0.29,21372134772284,21372128450077,52,6.322207,1.8308108557454816,0.14987941650142905,-1.5252968902674562,0.16010853529671254,1.0700359825073764,-0.06613728213523014
arm,0.3,21372144772284,21372143358240,54,1.414044,1.7392077239652723,0.15335979258525262,-1.5638454167302487,0.15727988933184828,1.0466674274922638,-0.06593950647187977
arm,0.31,21372154772284,21372149146787,56,5.625497,1.8679037402904561,0.14482651309487105,-1.6063811765051605,0.16389741743139974,1.1032762696771512,-0.06860662664708474
arm,0.32,21372164772284,21372160271083,57,4.501201,1.9089963394485083,0.15576766351716576,-1.6042822826552736,0.16184111845313714,1.1170412354589483,-0.06593631332256253
arm,0.33,21372174772284,21372174452772,58,0.319512,1.9110857422174106,0.15214442028973876,-1.5827633810221948,0.16552952516155317,1.1118724584025128,-0.06542737178593981
arm,0.34,21372184772284,21372181464611,62,3.307673,1.9567141544717401,0.14060168141739462,-1.6280137947248676,0.16980057560753117,1.1403861800394768,-0.06911542747636107
arm,0.35,21372194772284,21372194460789,64,0.311495,1.94743727425059,0.13955813289272978,-1.6020243583947162,0.171438846474127,1.1320595725064044,-0.07076019437947119
arm,0.36,21372204772284,21372199155771,65,5.616513,1.9399829574428697,0.1386050073083461,-1.5825407076510583,0.17433994478283155,1.1253210588598601,-0.07026692559825334
arm,0.37,21372214772284,21372210651087,67,4.121197,1.9331008002110757,0.14775085493121543,-1.5619662210894842,0.16781712820584874,1.1196940756235758,-0.07232698569985152
arm,0.38,21372224772284,21372218336732,68,6.435552,1.9176651401961529,0.15447207600366777,-1.5470233515871783,0.1676696272175603,1.110707172869269,-0.06993503122901917
arm,0.39,21372234772284,21372225692397,69,9.079887,1.8823595321558266,0.15333176610935936,-1.5948521942923364,0.1706144591783894,1.112051865669169,-0.06941631794501787
arm,0.4,21372244772284,21372241419132,72,3.353152,1.9064381135225381,0.13703060955137877,-1.528103289580709,0.18423497607388745,1.1050641997333108,-0.07239735285753929
arm,0.41,21372254772284,21372245708239,73,9.064045,1.918624821311172,0.13268679316797674,-1.5457532070413387,0.18398639166922437,1.1150425927786272,-0.07523574686105843
arm,0.42,21372264772284,21372261576138,75,3.196146,1.9333358784395858,0.13091818320408155,-1.5386997698759968,0.18415542451788525,1.1183003478441118,-0.07558037663225974
arm,0.43,21372274772284,21372271319534,77,3.45275,1.9166812725155953,0.15401968040664274,-1.5326966609068486,0.17397938210530126,1.111615290781855,-0.07094097196784804
arm,0.44,21372284772284,21372281559511,79,3.212773,1.9131657755086329,0.15023054072908396,-1.5301244957906928,0.1814298065761558,1.113781726247748,-0.06973123932204647
arm,0.45,21372294772284,21372289040908,80,5.731376,1.888611991520416,0.15679527938518645,-1.5188097250220431,0.17866771116708544,1.103243038526154,-0.07103184717341744
arm,0.46,21372304772284,21372301128308,81,3.643976,1.8951000617470477,0.16076772243345805,-1.507590503668685,0.1781924163413602,1.103551129446544,-0.07156401579319531
arm,0.47,21372314772284,21372311127836,84,3.644448,1.885445975862824,0.1732831369444984,-1.506586393541268,0.1704803079557624,1.1045896813478178,-0.07305167843843516
arm,0.48,21372324772284,21372323715993,86,1.056291,1.8791397611528782,0.15576098387264417,-1.487711198315803,0.17997836858926713,1.1026088666422305,-0.0766247858185831
arm,0.49,21372334772284,21372329595196,87,5.177088,1.8769835246517934,0.16213214096054607,-1.4749283233756953,0.17414517346977454,1.1000596201544603,-0.07758132363486742
arm,0.5,21372344772284,21372341999166,89,2.773118,1.8847675594111066,0.1752798935101813,-1.4798856948356807,0.16852662218207032,1.10798329585891,-0.07751933697987749
arm,0.51,21372354772284,21372347219758,90,7.552526,1.8581961426178348,0.17464833885884365,-1.4461610624637775,0.16752114701066279,1.0902995538054698,-0.08024311261496496
arm,0.52,21372364772284,21372361435946,91,3.336338,1.861151108487936,0.17776268030070141,-1.452174063579958,0.1679192809647172,1.0936364279468704,-0.07986845561340422
arm,0.53,21372374772284,21372368570748,92,6.201536,1.874060047815213,0.20413302886869544,-1.4531039903554188,0.16019939413234704,1.0989168264636806,-0.07167216618177369
arm,0.54,21372384772284,21372383208372,96,1.563912,1.8546089517071829,0.22892475400700063,-1.4223177745291082,0.14816681444183402,1.0842725178666162,-0.0680193406570077
arm,0.55,21372394772284,21372390231684,97,4.5406,1.8711950473192542,0.25512983523911026,-1.4565920001931858,0.1366015441099208,1.1004402486772118,-0.06233169880579789
arm,0.56,21372404772284,21372401600429,99,3.171855,1.8714111171086245,0.2562601430601465,-1.4258286707137156,0.13757851162568918,1.0923035897969557,-0.06010197034508325
arm,0.57,21372414772284,21372411660449,101,3.111835,1.8050801300822745,0.2649255759798562,-1.5302846965412404,0.13092458968274232,1.097745806713848,-0.05795584973273198
arm,0.58,21372424772284,21372417572737,102,7.199547,1.8399852824387088,0.26404741104934115,-1.507196584612791,0.13214394205560387,1.1039060606243147,-0.05807653470472625
arm,0.59,21372434772284,21372428829052,104,5.943232,1.8877668070697602,0.27095054138186697,-1.4340759687433002,0.12905680464990402,1.1009229374119025,-0.06064069253899136
arm,0.6,21372444772284,21372440492264,106,4.28002,1.920123228247671,0.28665518179220756,-1.4504876212234,0.11835355382046121,1.1164550844124668,-0.05770418635972555
arm,0.61,21372454772284,21372451669527,108,3.102757,1.9122544275626885,0.31517445157322355,-1.4558522512635534,0.1022368060499351,1.1161832236457137,-0.050469926222365284
arm,0.62,21372464772284,21372463169612,110,1.602672,1.9204322784396863,0.3066181491132246,-1.460654711345389,0.09884193249407329,1.120351488951367,-0.057820310904106824
arm,0.63,21372474772284,21372469236860,111,5.535424,1.9528794679433445,0.324032390331427,-1.558601122768611,0.09252932913135913,1.1601623641354835,-0.051467842459800156
arm,0.64,21372484772284,21372481475603,113,3.296681,1.8123660540051327,0.31128947357673314,-1.4958660966460524,0.09466786944154384,1.0948673690058526,-0.05648547258301195
arm,0.65,21372494772284,21372487357421,114,7.414863,1.7671123576889756,0.32056019530549834,-1.4814753882555596,0.08939553367009141,1.0733693690622135,-0.054458651449597245
arm,0.66,21372504772284,21372500032987,116,4.739297,1.8059881211007685,0.3185430655400778,-1.6328146745601864,0.08662301350951118,1.127421617268618,-0.05681095086295576
arm,0.67,21372514772284,21372511336040,118,3.436244,1.6027286338354558,0.3205570120606939,-1.4826520791538385,0.08552651652660283,1.012474938606248,-0.054377470854151275
arm,0.68,21372524772284,21372523701990,120,1.070294,1.5483676376937037,0.3311912592942277,-1.7380158286404475,0.08004097677767748,1.0517166098361466,-0.052533183914280426
arm,0.69,21372534772284,21372530045996,121,4.726288,1.4465670827367636,0.3225377235736878,-1.8933102944237628,0.08248862398200855,1.0517142341488894,-0.05359452723015839
arm,0.7,21372544772284,21372541304446,123,3.467838,1.3576554633189175,0.33410612623533287,-1.908582541462732,0.07500005428308872,1.0144002467654485,-0.055477338742892734
arm,0.71,21372554772284,21372552485179,125,2.287105,1.4867555159644161,0.33698718125658556,-2.3382324075029106,0.07508447340396479,1.1634645127586776,-0.0562014294654823
arm,0.72,21372564772284,21372552485179,125,12.287105,1.4867555159644161,0.33698718125658556,-2.3382324075029106,0.07508447340396479,1.1634645127586776,-0.0562014294654823
arm,0.73,21372574772284,21372568623402,126,6.148882,1.532817054969427,0.3253497455886246,-2.4343340719331077,0.07780325464898122,1.2018483916477856,-0.061999362155637665
arm,0.74,21372584772284,21372581281213,130,3.491071,0.8772235894856875,0.36481893979191865,-1.9258055795151667,0.06395705541378764,0.8003275313425774,-0.04601217360826105
arm,0.75,21372594772284,21372587652878,131,7.119406,1.0602436927563796,0.34850422038362694,-2.325562814116216,0.06847453288805973,0.9595261943799736,-0.05043608702119107
arm,0.76,21372604772284,21372604659077,134,0.113207,1.5271580406465597,0.27753940829096857,-2.4484290116539524,0.09651816828665241,1.120699718574161,-0.07338615756463579
arm,0.77,21372614772284,21372609203556,135,5.568728,1.4389628396728547,0.30040083912520243,-2.319164076568999,0.08608214313621372,1.043843390209879,-0.06811959571525615
arm,0.78,21372624772284,21372621456111,137,3.316173,1.222850745489811,0.3199168361234989,-2.635275954532994,0.07195381516767493,1.0344835429438335,-0.061791812473240504
arm,0.79,21372634772284,21372632952225,139,1.820059,1.2679684277850976,0.2986535971987049,-2.515301411023699,0.08337841993025392,0.9995630763429417,-0.06877103945278523
arm,0.8,21372644772284,21372638347366,140,6.424918,1.2955967494753193,0.2878443095775736,-2.569113270553775,0.090153260367076,1.0157762093583307,-0.06960480422426615
arm,0.81,21372654772284,21372650173490,142,4.598794,1.5296243743377143,0.32808794015645637,-2.8462298873479073,0.07508850255685086,1.156007129930553,-0.05927715477499132
arm,0.82,21372664772284,21372663720927,144,1.051357,1.571157144127599,0.3138162282459676,-2.9935267327410573,0.08031154903473733,1.1870834268639876,-0.06309746912613727
arm,0.83,21372674772284,21372668214294,145,6.55799,1.8049524496077933,0.3457477116029353,-3.0462953022542107,0.07035746629655086,1.2702567331296193,-0.05674219180447019
arm,0.84,21372684772284,21372679192184,147,5.5801,2.085840991440943,0.37471069043370964,-2.9585108395373667,0.061491978808369034,1.324925285556966,-0.04974446343885615
arm,0.85,21372694772284,21372692108644,149,2.66364,1.8066695309747023,0.3765437706660536,-3.2049005483973336,0.050429019149027324,1.271876689559712,-0.05137647610090213
arm,0.86,21372704772284,21372692108644,149,12.66364,1.8066695309747023,0.3765437706660536,-3.2049005483973336,0.050429019149027324,1.271876689559712,-0.05137647610090213
arm,0.87,21372714772284,21372710305613,152,4.466671,2.4647826616192514,0.35145476306489326,-3.676801845290075,0.06665078187252545,1.6022896491179948,-0.05923734739082534
arm,0.88,21372724772284,21372715457823,153,9.314461,2.267364626190107,0.3616422697376366,-3.5486299618696036,0.0622769974746535,1.4924360107893047,-0.057127167575634304
arm,0.89,21372734772284,21372734464580,156,0.307704,2.2001427957889654,0.3367846623672823,-3.740369238506392,0.0715285105450334,1.512716900036885,-0.06129719319547344
arm,0.9,21372744772284,21372744221029,158,0.551255,1.9675795922499755,0.31284107813799794,-3.172429330059501,0.08199993645622723,1.2626331984009858,-0.06629187090031079
arm,0.91,21372754772284,21372749401499,159,5.370785,1.7027987342326916,0.3029631150892885,-3.1113979411649155,0.08256613653871683,1.1496311797185876,-0.0692212544775141
arm,0.92,21372764772284,21372758089733,160,6.682551,1.7067360430544238,0.32079609401120807,-3.392400738495524,0.0730981850445882,1.2253956544035276,-0.06655706189364723
arm,0.93,21372774772284,21372772273098,161,2.499186,1.8624618422570234,0.3279213644034047,-3.6022135302087253,0.07268609393458289,1.3316553321528828,-0.06347646523594855
arm,0.94,21372784772284,21372784494856,165,0.277428,2.768276185464722,0.3979995556237439,-3.788978129000273,0.045329497892586,1.695973340292275,-0.05293399822666241
arm,0.95,21372794772284,21372793245104,166,1.52718,2.5534237687339605,0.4282799874285501,-3.8342472052462613,0.026517515760170036,1.629199907735063,-0.04622522552863302
arm,0.96,21372804772284,21372800249438,168,4.522846,2.501338574455991,0.36471874302614876,-3.697140667937287,0.05272342564307263,1.5707261745565002,-0.06412116574543562
arm,0.97,21372814772284,21372811635526,170,3.136758,2.9161316158092743,0.3849782430182792,-3.67477120230788,0.046816855223211884,1.705513349082886,-0.06101835178140897
arm,0.98,21372824772284,21372818678335,171,6.093949,2.625112497407539,0.38876360739342497,-3.632638663085647,0.03953590340512187,1.5956170367886184,-0.05926981665668511
arm,0.99,21372834772284,21372833532030,172,1.240254,2.3738018511965215,0.33875552405852943,-3.724875051870193,0.05175278294363635,1.5344376269995472,-0.07023299615239437
arm,1.0,21372844772284,21372841380393,173,3.391891,2.2021442827653948,0.31129625645990505,-3.668503273645461,0.0579000633762567,1.4552140128723954,-0.07541865331249838
arm,1.01,21372854772284,21372848494058,176,6.278226,2.7521537573189985,0.18046971572624101,-3.56142151781934,0.10292445060619064,1.6092051523684034,-0.1151774307746762
arm,1.02,21372864772284,21372857394337,177,7.377947,2.256890154856949,0.08076621178884481,-3.3502734017473403,0.11778929037327464,1.3800367305346162,-0.14279987552502432
arm,1.03,21372874772284,21372874456113,180,0.316171,2.182315657427088,-0.14897346783885979,-3.4340868184614393,0.1583653708770958,1.3799779747792704,-0.2083225211868917
arm,1.04,21372884772284,21372877297463,181,7.474821,2.2693498261318132,-0.08011528517299911,-3.4364468778884647,0.1370100867193463,1.4101022284659779,-0.18571375740901241
arm,1.05,21372894772284,21372893965568,183,0.806716,2.067705697602333,-0.28142606351372484,-3.7687465633216144,0.15307626128521262,1.4247144060567536,-0.24638115622192197
arm,1.06,21372904772284,21372901690601,184,3.081683,2.067482601887852,-0.48924304866397944,-3.7323767982798035,0.18390388389578047,1.4166799797788612,-0.3099161967908249
arm,1.07,21372914772284,21372908430436,186,6.341848,2.003016295637366,-0.6658856809866719,-3.0419860678818273,0.20251756888772807,1.2085284133932357,-0.3657231823440401
arm,1.08,21372924772284,21372919558358,188,5.213926,1.9518077660257989,-0.7602711184673524,-3.3375360225335493,0.201432930387094,1.267403935559946,-0.39026781834577445
arm,1.09,21372934772284,21372932996649,190,1.775635,2.894676371971399,-1.0186249263249472,-3.777181893883748,0.21589048781690998,1.7072098293881741,-0.47598402644937177
arm,1.1,21372944772284,21372944420918,192,0.351366,2.8329719636771746,-1.1925084440330505,-3.9788751198391843,0.19912860403051574,1.739931322501109,-0.5278902169817857
arm,1.11,21372954772284,21372949499792,193,5.272492,2.601029200119114,-1.3208877598942164,-4.063056292932048,0.20645459535760247,1.6824470716852797,-0.5641455063890307
arm,1.12,21372964772284,21372962644947,194,2.127337,2.5516316914964237,-1.4592789485592703,-3.898191394394947,0.2244610646680139,1.6180515296606555,-0.6042557731543114
arm,1.13,21372974772284,21372973292330,195,1.479954,2.5054527969003333,-1.5410845756609695,-3.6723319101647927,0.2337376702000065,1.5375258221948673,-0.6237527881470624
arm,1.14,21372984772284,21372979502759,198,5.269525,2.6886853008777885,-1.6978209234836386,-3.688971211137941,0.2440010911913649,1.6061609598891646,-0.6621128871007171
arm,1.15,21372994772284,21372991419563,200,3.352721,2.265733998025198,-1.8928780820217692,-3.4021265481631504,0.27793884138155867,1.3905347171610714,-0.7156908360423034
arm,1.16,21373004772284,21372999026459,201,5.745825,1.9058580899545525,-2.01149398768372,-3.2281731328649816,0.3052027567981936,1.2209885508870058,-0.7446347578910997
arm,1.17,21373014772284,21373009295733,203,5.476551,2.131269543732703,-2.0648595299552603,-3.3698616994088035,0.3041300794561183,1.3310293946293046,-0.7598677318343674
arm,1.18,21373024772284,21373021685200,205,3.087084,2.043775313937033,-1.943081287100517,-3.4905175979525898,0.25911135149122727,1.3356785003268448,-0.7182315062915157
arm,1.19,21373034772284,21373021685200,205,13.087084,2.043775313937033,-1.943081287100517,-3.4905175979525898,0.25911135149122727,1.3356785003268448,-0.7182315062915157
arm,1.2,21373044772284,21373043295933,208,1.476351,2.8438705373260036,-2.132900652824302,-4.1057189478137275,0.3114122404015654,1.770341404317577,-0.7731489172562973
arm,1.21,21373054772284,21373051522435,210,3.249849,2.620723902293577,-2.031346818348616,-3.9023032567749043,0.26700715248435536,1.638066150248918,-0.7418737594787395
arm,1.22,21373064772284,21373051522435,210,13.249849,2.620723902293577,-2.031346818348616,-3.9023032567749043,0.26700715248435536,1.638066150248918,-0.7418737594787395
arm,1.23,21373074772284,21373071292504,213,3.47978,2.7377991968684037,-2.101671345765806,-4.110693761369216,0.2813641392275816,1.7326394383491817,-0.760787912053395
arm,1.24,21373084772284,21373075553765,214,9.218519,3.0252668407604912,-2.0434118801552312,-4.42703537405034,0.2678808751153319,1.9143016397512371,-0.743375439317663
arm,1.25,21373094772284,21373087188593,216,7.583691,2.5885541903299467,-2.1682407633508913,-4.138347433692826,0.2976339558103453,1.6899543210314851,-0.7740975953287503
arm,1.26,21373104772284,21373101139972,218,3.632312,1.8140962079216587,-2.0542120904210184,-3.3626069704241535,0.2533483452839608,1.2172805352028317,-0.7390567714647908
arm,1.27,21373114772284,21373110401441,220,4.370843,2.612815660031428,-2.1984308580250693,-3.9583482228266624,0.30277038104116255,1.6366767989779296,-0.7841290093934197
arm,1.28,21373124772284,21373121602980,222,3.169304,1.5012298002448998,-2.173416645927722,-2.6826346970730333,0.3070198285917631,0.9265221444446291,-0.7692653082528075
arm,1.29,21373134772284,21373132863061,223,1.909223,0.7851208928539797,-2.1188275416545537,-2.4686285546969553,0.2895559747324799,0.6314253929510893,-0.7474971214995297
arm,1.3,21373144772284,21373144707804,226,0.06448,2.524392146895256,-2.2233009443340235,-3.7710942635282687,0.3156145065249376,1.5578998524859697,-0.792547674960359
arm,1.31,21373154772284,21373149166958,227,5.605326,2.7208509483853813,-2.170597901875646,-3.610001051274219,0.30506952238404683,1.5811333980523008,-0.7788376115816964
arm,1.32,21373164772284,21373156232475,228,8.539809,2.491003379912567,-2.055746049061504,-3.6180452937619774,0.2594337492248336,1.5047388682031992,-0.7460241890328618
arm,1.33,21373174772284,21373169284690,230,5.487594,2.01430095518652,-2.022331824718967,-3.532847531891518,0.23208969596046075,1.3225987401188934,-0.732148925073602
arm,1.34,21373184772284,21373169284690,230,15.487594,2.01430095518652,-2.022331824718967,-3.532847531891518,0.23208969596046075,1.3225987401188934,-0.732148925073602
arm,1.35,21373194772284,21373191984122,233,2.788162,1.8887747269770097,-2.0095259263976804,-3.4415631369279067,0.20780210445014644,1.2509112483366,-0.7285215888436615
arm,1.36,21373204772284,21373204273746,236,0.498538,2.180448537744806,-2.0714193662795553,-3.7898023596851105,0.2100315937077037,1.4428167056125238,-0.7448594744532153
arm,1.37,21373214772284,21373209420265,237,5.352019,2.2667768262523955,-1.985846691556689,-3.747326592129083,0.17813841605226316,1.4585516873503797,-0.7197160864507387
arm,1.38,21373224772284,21373221576619,239,3.195665,1.7186727778552244,-2.0680025362416017,-3.0089982208325208,0.19571040552047766,1.0795450421555046,-0.7361569271017997
arm,1.39,21373234772284,21373234533622,240,0.238662,1.9264651063306892,-2.1476703463515303,-3.2070624976880215,0.2114728815795724,1.2047761863691997,-0.758364044534302
arm,1.4,21373244772284,21373241027482,242,3.744802,2.3693085183495635,-2.144547602683432,-3.6959216647085933,0.19593110396236624,1.485593753530434,-0.7561318289734078
arm,1.41,21373254772284,21373250236884,244,4.5354,2.6934744167641727,-2.2839774953178598,-3.704537751459557,0.2306590517235957,1.5995694503497908,-0.7968246820294296
arm,1.42,21373264772284,21373256421180,245,8.351104,3.008785010231865,-2.2802730971633083,-4.035653145487382,0.22904690926192442,1.7978152379418588,-0.7942550795938754
arm,1.43,21373274772284,21373269439920,247,5.332364,3.2327809699779966,-2.3106915979853015,-4.232506884228552,0.23131740688759933,1.9249399722944864,-0.7997935357369618
arm,1.44,21373284772284,21373278697279,249,6.075005,2.5757861846616668,-2.1767466493219065,-3.5162670913194725,0.1962212358298357,1.5214115995882211,-0.7484226786869532
arm,1.45,21373294772284,21373291571952,251,3.200332,2.5181105423693033,-2.13677953791992,-3.327612945708172,0.19312211211861235,1.4536116474495766,-0.7248038623018187
arm,1.46,21373304772284,21373291571952,251,13.200332,2.5181105423693033,-2.13677953791992,-3.327612945708172,0.19312211211861235,1.4536116474495766,-0.7248038623018187
arm,1.47,21373314772284,21373311925972,254,2.846312,2.6034780186847963,-2.364430955195088,-3.158613581671808,0.24827319806196624,1.4347541388395464,-0.7834890750708859
arm,1.48,21373324772284,21373321526576,256,3.245708,3.0352348300047196,-2.340618246280206,-3.539788918944092,0.25048909796508995,1.6855525906554332,-0.7686603929192485
arm,1.49,21373334772284,21373331414305,257,3.357979,3.1890577361792936,-2.4125207741690895,-3.568735214409571,0.2736340002508476,1.745762149861979,-0.7881548345854764
arm,1.5,21373344772284,21373340644597,259,4.127687,3.15626626718104,-2.606666786020491,-3.2257822967895327,0.3438700020263686,1.6439957505087415,-0.8378457965874898
arm,1.51,21373354772284,21373351137185,261,3.635099,3.485943602285897,-2.4736572439250697,-3.4930944216187183,0.3215227463160825,1.82550137540604,-0.795599678645193
arm,1.52,21373364772284,21373351137185,261,13.635099,3.485943602285897,-2.4736572439250697,-3.4930944216187183,0.3215227463160825,1.82550137540604,-0.795599678645193
arm,1.53,21373374772284,21373371943672,264,2.828612,3.4459132762974574,-2.6141145806761195,-3.3671986248231995,0.3510481297813756,1.7897860891812938,-0.8358557726617931
arm,1.54,21373384772284,21373381329547,266,3.442737,3.05830490147257,-2.5399740142695917,-3.0000830267135368,0.3167899490583194,1.566915995227028,-0.8083895294244204
arm,1.55,21373394772284,21373386958284,267,7.814,2.608302660111518,-2.465835572397382,-2.49242814312739,0.28698632338555624,1.2922302937810286,-0.7821784246199812
arm,1.56,21373404772284,21373403068449,269,1.703835,3.623021592190754,-2.5716464075875467,-3.309979351228677,0.3125565760377582,1.8548527894262172,-0.8105305040294021
arm,1.57,21373414772284,21373411228003,271,3.544281,4.814233335912242,-2.6609851830019657,-4.2763683315028995,0.3425689087356345,2.5103423012238113,-0.8282411531486544
arm,1.58,21373424772284,21373417273156,272,7.499128,4.855937374108607,-2.569588657104726,-4.068713956246799,0.32906756332496356,2.4733276058572304,-0.7974429844993843
arm,1.59,21373434772284,21373431224342,273,3.547942,4.971535465940196,-2.524470943852012,-4.259405021138911,0.3224952961238483,2.5662663860141985,-0.7822011549319933
arm,1.6,21373444772284,21373441899572,274,2.872712,4.951686448657954,-2.7496379592003954,-4.2077739384202495,0.38859602053483355,2.548066032596402,-0.8452666278382356
arm,1.61,21373454772284,21373453291270,278,1.481014,4.743076412651826,-2.5611594505067137,-3.4428171961169522,0.38205993751349826,2.282344586406483,-0.7646267802311488
arm,1.62,21373464772284,21373463458359,279,1.313925,4.288041923677248,-2.7170663124138126,-2.9444939765022746,0.4156437070820652,1.9990826166812878,-0.8075119652118411
arm,1.63,21373474772284,21373463458359,279,11.313925,4.288041923677248,-2.7170663124138126,-2.9444939765022746,0.4156437070820652,1.9990826166812878,-0.8075119652118411
arm,1.64,21373484772284,21373481220415,283,3.551869,4.096262618011203,-2.7449609861310056,-2.6498729757565935,0.4305204021588139,1.8736598339797612,-0.8024060051926993
arm,1.65,21373494772284,21373493076311,285,1.695973,4.557092495931101,-2.947352840650868,-2.905163533080163,0.4968340592371303,2.0916357079649557,-0.860545775233972
arm,1.66,21373504772284,21373504599413,287,0.172871,5.159659131000751,-2.8739916515432316,-3.3052048302074892,0.45360205651594576,2.3921223889796415,-0.8425386404893359
arm,1.67,21373514772284,21373510170179,288,4.602105,5.527741865518875,-2.9493083886637783,-3.707299110730786,0.46038126773932847,2.6182922254830427,-0.8695944344264144
arm,1.68,21373524772284,21373521685506,290,3.086778,5.321671456227693,-2.9221258999218627,-3.6881319065859928,0.4416543921695108,2.5524799136094733,-0.8583065543098858
arm,1.69,21373534772284,21373533655753,291,1.116531,4.6684130907379755,-2.848615557343741,-3.0092626699025167,0.4192710886314653,2.160672173634377,-0.8305539496435219
arm,1.7,21373544772284,21373543305378,293,1.466906,5.122010830678454,-2.867548875394323,-3.316962166175428,0.40610805014857687,2.382422313583406,-0.8406763519034235
arm,1.71,21373554772284,21373550721772,295,4.050512,5.501185174529556,-2.9741724118150223,-3.6196164567998323,0.4058719390751827,2.5858396801116172,-0.8778206573752991
arm,1.72,21373564772284,21373562945769,296,1.826515,5.722931397418042,-2.885880968630273,-4.062497076163504,0.3670264414326328,2.776242309224802,-0.8540399971994281
arm,1.73,21373574772284,21373570725050,298,4.047234,5.357920067575614,-2.8508558176426875,-3.5582925429922487,0.3628766889963327,2.522945484029225,-0.8357236176191659
arm,1.74,21373584772284,21373583309144,300,1.46314,5.373414827222612,-3.0161037266647477,-3.5174824401227722,0.4185457218184729,2.5097258244420297,-0.881741103308963
arm,1.75,21373594772284,21373586882343,301,7.889941,5.2091303942077625,-2.89160618701797,-3.2703814303064234,0.3948205763347077,2.3878486488687596,-0.8380280078634759
arm,1.76,21373604772284,21373603869850,303,0.902434,5.065936373968393,-3.0042623683019083,-2.9345627797351272,0.414053829439815,2.2476362424334417,-0.8729010892463758
arm,1.77,21373614772284,21373611193394,305,3.57889,5.454706202432152,-2.9802796152283624,-3.201334892906272,0.3967201625924915,2.433779992508949,-0.8646976580210137
arm,1.78,21373624772284,21373623097113,307,1.675171,5.455545768714767,-2.7966123764084667,-3.0139750276800283,0.3420226716848131,2.377581243709916,-0.8098328430629533
arm,1.79,21373634772284,21373631327839,308,3.444445,5.4971617592385105,-2.931144349388235,-2.8705982429813237,0.38534181525353844,2.350994117594567,-0.8479797346791991
arm,1.8,21373644772284,21373643020108,310,1.752176,5.6481514053707516,-2.962115931078358,-3.275029102478091,0.3920816649435224,2.5064740264936725,-0.8549223797581461
arm,1.81,21373654772284,21373652511922,312,2.260362,5.776629643897117,-3.0628826100731863,-3.3016976563935425,0.42691285925943157,2.557598659851972,-0.8831383464920002
arm,1.82,21373664772284,21373657393605,313,7.378679,5.481010594925209,-3.1007323596562864,-3.23078222806248,0.4268729220752657,2.4477375701213173,-0.8960171053362925
arm,1.83,21373674772284,21373671230178,315,3.542106,5.282283168877576,-3.0854826487220826,-3.148824858581456,0.4223930110746006,2.3591317042051316,-0.8899103831993082
arm,1.84,21373684772284,21373679644836,317,5.127448,6.248924478174609,-3.2026166673138934,-3.9461013428952207,0.46966861391084064,2.8788348663513297,-0.9275048933780707
arm,1.85,21373694772284,21373685355448,318,9.416836,6.1111141785817376,-3.163100104007518,-3.787629618819839,0.460404634071649,2.7924576408951856,-0.9135658854148653
arm,1.86,21373704772284,21373695524293,319,9.247991,6.012010075205517,-3.0850140779600133,-3.791396127964349,0.4373936713867095,2.765484821899243,-0.887103564626255
arm,1.87,21373714772284,21373712204515,322,2.567769,6.405981460495263,-3.321344609512822,-4.082112538012757,0.47127472293063877,2.9607981741503315,-0.9663200711260591
arm,1.88,21373724772284,21373720250811,324,4.521473,6.376863046936678,-3.152523344539958,-3.705176385828338,0.4189936558023215,2.8427623976591905,-0.9150788799574822
arm,1.89,21373734772284,21373733286603,326,1.485681,5.439527775567977,-2.9980942367514993,-2.680189967534805,0.3387263446618905,2.2677478085943106,-0.8664870428771603
arm,1.9,21373744772284,21373744507920,328,0.264364,5.148339380001888,-3.0695247001880404,-2.33068676758289,0.3276722296782255,2.0892350559484405,-0.8901556485934077
arm,1.91,21373754772284,21373749313465,329,5.458819,5.352239564453682,-3.13429939080767,-2.4450688780423864,0.3433416793662342,2.185091326419583,-0.9078227877281305
arm,1.92,21373764772284,21373749313465,329,15.458819,5.352239564453682,-3.13429939080767,-2.4450688780423864,0.3433416793662342,2.185091326419583,-0.9078227877281305
arm,1.93,21373774772284,21373766187216,330,8.585068,5.686961659713922,-3.143340175665281,-2.9794201970203327,0.3429525421673999,2.432902415412877,-0.910497574921201
arm,1.94,21373784772284,21373780529675,334,4.242609,6.5042005668538785,-3.264482438312981,-3.9484789898366066,0.3658826690249892,2.9382401249369,-0.9463034351267906
arm,1.95,21373794772284,21373791070905,336,3.701379,6.368263488617552,-3.16404993094075,-3.76629350046212,0.3487353247319323,2.8477675490324597,-0.9076406824338065
arm,1.96,21373804772284,21373803544222,337,1.228062,5.796001257700617,-3.183348453581058,-3.14751176198229,0.34539893222782114,2.503218462811299,-0.9120312449446859
arm,1.97,21373814772284,21373814439205,340,0.333079,6.326778446558519,-3.125085811217708,-3.600963836491249,0.33695530769950177,2.7876178588170144,-0.888630271596103
arm,1.98,21373824772284,21373820271114,341,4.50117,6.724343302342956,-3.2680193550547862,-3.7430864993165205,0.38942973451946317,2.9497799886380975,-0.9303147541973876
arm,1.99,21373834772284,21373834394831,342,0.377453,6.705781069537406,-3.3034604387798603,-3.942928337721608,0.40253093330232453,3.0022813763738845,-0.936957463539447
arm,2.0,21373844772284,21373837688280,343,7.084004,6.592161601688824,-3.1558279616941576,-3.8860615385060893,0.3550706758311476,2.952630969507331,-0.8919786228616902
arm,2.01,21373854772284,21373849340569,346,5.431715,6.657838376921462,-3.353271029918786,-3.572451573448324,0.415467029574238,2.8870800682194075,-0.9486312991861336
arm,2.02,21373864772284,21373863067950,348,1.704334,6.406344820838183,-3.289351974004662,-3.2461507944716033,0.40665566000760345,2.718215140816858,-0.9266168247928781
arm,2.03,21373874772284,21373866981983,349,7.790301,6.0185814724883695,-3.227246470404384,-2.7790976377471086,0.39410936851329786,2.4729994520395593,-0.9058977848756676
arm,2.04,21373884772284,21373879140908,351,5.631376,5.907532681838288,-3.24849820618864,-2.9163255037842335,0.39351158111473955,2.480445813063173,-0.9127257111420062
arm,2.05,21373894772284,21373891167064,353,3.60522,6.051418113827373,-3.372178481352737,-2.9620241573199317,0.418597222984998,2.5332640300295552,-0.9498464346263478
arm,2.06,21373904772284,21373891167064,353,13.60522,6.051418113827373,-3.372178481352737,-2.9620241573199317,0.418597222984998,2.5332640300295552,-0.9498464346263478
arm,2.07,21373914772284,21373912354261,356,2.418023,6.409330366904343,-3.471617903856804,-3.1695887586009146,0.40660255442419135,2.6843357806571553,-0.9853808807001497
arm,2.08,21373924772284,21373921627056,358,3.145228,6.815509209403437,-3.3649264921143884,-3.8291296111091357,0.35867728749016137,2.9824351193922642,-0.9581740587640163
arm,2.09,21373934772284,21373927144087,359,7.628197,6.591665789311422,-3.380460410300959,-3.8728808812747473,0.3543726501799524,2.9267920322999257,-0.9613605226574461
arm,2.1,21373944772284,21373937379806,361,7.392478,6.665769082452933,-3.3328488046397093,-3.8145716221387667,0.3312653683119055,2.926080358358112,-0.9467352563332603
arm,2.11,21373954772284,21373949611141,363,5.161143,6.969453820729412,-3.25843555642013,-4.332115870296563,0.2987271627638666,3.1562697987972177,-0.9223375809011805
arm,2.12,21373964772284,21373958267950,364,6.504334,7.023826180636427,-3.410735798716017,-4.690815102328814,0.3183180498676357,3.2685544490581013,-0.9730895074559556
arm,2.13,21373974772284,21373971156368,366,3.615916,6.714044850914809,-3.4160409757063865,-3.863479959091777,0.3163426282413005,2.9443113268526493,-0.9713919929048552
arm,2.14,21373984772284,21373979701375,368,5.070909,6.746825003438789,-3.368847547907895,-3.525593216676116,0.3158552233889981,2.8553983169572814,-0.957173092205081
arm,2.15,21373994772284,21373993132681,370,1.639603,6.047953692359493,-3.410911815885883,-2.7241135585345218,0.3381724646051578,2.4219919459917634,-0.9585586743199529
arm,2.16,21374004772284,21374003231721,372,1.540563,5.767267264087451,-3.1839695075590337,-2.646634347486833,0.2825631617888914,2.321748751513348,-0.8841854937047278
arm,2.17,21374014772284,21374010016956,373,4.755328,5.972246656586693,-3.234764092146579,-2.8233320909942545,0.2961665235928964,2.4348591958960246,-0.8977761501994658
arm,2.18,21374024772284,21374021891655,375,2.880629,6.553953938716071,-3.4586111959371206,-3.474252435846422,0.35439615341528086,2.7871308149165896,-0.9716569842976592
arm,2.19,21374034772284,21374021891655,375,12.880629,6.553953938716071,-3.4586111959371206,-3.474252435846422,0.35439615341528086,2.7871308149165896,-0.9716569842976592
arm,2.2,21374044772284,21374039291135,376,5.481149,6.6722568082967655,-3.404359735740598,-3.733861270723036,0.34761422523709723,2.891351548987762,-0.9525290028968663
arm,2.21,21374054772284,21374049366133,380,5.406151,6.4744437802846315,-3.360680516545192,-3.6196109142202935,0.3366537307561045,2.7991958317981127,-0.9396993277419388
arm,2.22,21374064772284,21374056503747,381,8.268537,6.4557772252504,-3.396524719266033,-3.7732115949728198,0.35161715254130466,2.834715696614681,-0.9484314651165332
arm,2.23,21374074772284,21374068091847,383,6.680437,6.432910995222138,-3.360427657507027,-3.915264312443646,0.3429960611632633,2.862760917956537,-0.9365444933608397
arm,2.24,21374084772284,21374079447770,385,5.324514,7.258205284562683,-3.3436060242697416,-4.7054587314631,0.3475564216024082,3.327896627872029,-0.9314966373730741
arm,2.25,21374094772284,21374090693780,387,4.078504,6.9585526995781795,-3.3848756500854043,-4.140525400144656,0.3547383938224769,3.0734667251490118,-0.9522584991738382
arm,2.26,21374104772284,21374104487961,389,0.284323,6.343930754422061,-3.350735875759645,-3.2226941831694584,0.3688709559629958,2.633394751275019,-0.9363340792095926
arm,2.27,21374114772284,21374112349158,390,2.423126,5.926436271660098,-3.3080685976674262,-2.3067291786526347,0.36223999716966376,2.2573956204610437,-0.9233459738157666
arm,2.28,21374124772284,21374121597433,392,3.174851,5.786862992477276,-3.2734833114581843,-2.8420105805456313,0.3448927216219795,2.3649022146507552,-0.9193780275915068
arm,2.29,21374134772284,21374131834166,394,2.938118,6.259613614809795,-3.4067866133094693,-3.6230374401072,0.37838237724657253,2.7144850640991156,-0.9586596187292501
arm,2.3,21374144772284,21374137603268,395,7.169016,6.231584862280176,-3.405534386304149,-3.5482905754505607,0.3808441103109928,2.6835390641730315,-0.9586753299820595
arm,2.31,21374154772284,21374149662576,397,5.109708,6.265380187838992,-3.328984239432913,-3.647321883032634,0.3595539515279551,2.7167348529578472,-0.942514389124791
arm,2.32,21374164772284,21374157680394,398,7.09189,6.4341200614373735,-3.341355692993325,-3.838662444007877,0.3717981857428273,2.813667097291975,-0.9442997917039614
arm,2.33,21374174772284,21374167758639,400,7.013645,5.919774679021638,-3.3681411693485153,-3.199094010500826,0.3743929998862266,2.475593391928418,-0.9567763303797832
arm,2.34,21374184772284,21374179745216,402,5.027068,6.438831211448308,-3.22990710419442,-4.081159162712019,0.3402704365712552,2.8742881080938907,-0.9156024696538911
arm,2.35,21374194772284,21374190851495,404,3.920789,7.152892076979163,-3.3233533979956698,-4.897304223043402,0.35622697169162687,3.3101742238907685,-0.9498393848827033
arm,2.36,21374204772284,21374203971291,406,0.800993,6.666793997030945,-3.2753485396149316,-4.422668557441595,0.32120616397239876,3.02802279048742,-0.9404038135480497
arm,2.37,21374214772284,21374212482952,407,2.289332,6.302465619363356,-3.2711238138555196,-3.674165703017156,0.32412589955317495,2.712161680992739,-0.9356917132508051
arm,2.38,21374224772284,21374220777866,409,3.994418,5.961955643553368,-3.350852291637633,-2.8312929805913596,0.3566465565087989,2.3801773327646405,-0.9578129455082056
arm,2.39,21374234772284,21374232219470,411,2.552814,5.148351864644171,-3.331391957135131,-2.1931741651610666,0.34029507556475075,1.9650847856069864,-0.9543447536150457
arm,2.4,21374244772284,21374237378366,412,7.393918,5.080357227868425,-3.3599775025460947,-2.071393750778603,0.3438052271520452,1.9104673117485194,-0.9628475041641917
arm,2.41,21374254772284,21374249566154,414,5.20613,5.832488412932423,-3.387664906823711,-3.2366537514212275,0.345406883554891,2.452486468071108,-0.9713690861619532
arm,2.42,21374264772284,21374261497482,416,3.274802,5.863274893252222,-3.3574122663580743,-3.6338681502448837,0.3162385972378701,2.56711595827331,-0.9674275711145246
arm,2.43,21374274772284,21374267893534,417,6.87875,6.034337149773692,-3.4030820602947536,-3.796540293864722,0.32123338968559456,2.6603924551155145,-0.98456021656755
arm,2.44,21374284772284,21374279626001,419,5.146283,6.107796619410969,-3.3242120315206507,-3.711045172841653,0.28130651866772666,2.654327730805778,-0.9682980512412331
arm,2.45,21374294772284,21374291300457,421,3.471827,6.240435483145042,-3.308227070053462,-4.28294628277794,0.2838836854121319,2.8517756494723954,-0.9595875396885921
arm,2.46,21374304772284,21374291300457,421,13.471827,6.240435483145042,-3.308227070053462,-4.28294628277794,0.2838836854121319,2.8517756494723954,-0.9595875396885921
arm,2.47,21374314772284,21374314558978,424,0.213306,6.347905587984569,-3.163683870629032,-4.447803309213481,0.23406082748838702,2.9182762984447788,-0.9166948964265916
arm,2.48,21374324772284,21374315710438,425,9.061846,6.441665285460674,-3.1384052077615543,-4.387772381937326,0.23020456884857363,2.92461769620265,-0.9059314524234608
arm,2.49,21374334772284,21374334723328,427,0.048956,6.1764689227955705,-3.160946927972699,-3.843346661452364,0.23169732436118892,2.6956454428694148,-0.9161082761026208
arm,2.5,21374344772284,21374338405711,429,6.366573,4.790533103537268,-3.228357021302921,-2.391201186100493,0.24458363176022282,1.8874253679337276,-0.9326065340043045
arm,2.51,21374354772284,21374350489687,431,4.282597,5.222492755892942,-3.4307296798583415,-2.5084179749717666,0.32402838940043405,2.045368193924278,-0.9902900975140384
arm,2.52,21374364772284,21374356373184,432,8.3991,5.42621297404892,-3.3894534176518287,-3.051158477996912,0.3110778427383036,2.254722462377291,-0.9801271793404833
arm,2.53,21374374772284,21374367425761,434,7.346523,5.884113442237024,-3.4175947036210435,-4.1121193381617855,0.2815155337635291,2.6753502821792425,-0.9979715729261927
arm,2.54,21374384772284,21374381683988,436,3.088296,5.813942804839204,-3.3585640833326402,-3.6764508235133144,0.2649749138341698,2.532389220650873,-0.9771459917160061
arm,2.55,21374394772284,21374391661131,438,3.111153,5.985949134968303,-3.3255481641550317,-4.04048409412547,0.2501241659190287,2.676477106355726,-0.9719674400840256
arm,2.56,21374404772284,21374403427031,440,1.345253,5.763844133779841,-3.3322609433780315,-4.144974880898132,0.25879822279076287,2.6439898398828836,-0.9691966917583592
arm,2.57,21374414772284,21374409425306,441,5.346978,5.850034971705435,-3.318854432509475,-4.1302971941025834,0.2589109452494177,2.661846689734027,-0.9627065797965288
arm,2.58,21374424772284,21374422338777,443,2.433507,6.217771333208898,-3.257476359845833,-4.574163943800991,0.22548103775966297,2.890189991839264,-0.9510731224866592
arm,2.59,21374434772284,21374422338777,443,12.433507,6.217771333208898,-3.257476359845833,-4.574163943800991,0.22548103775966297,2.890189991839264,-0.9510731224866592
arm,2.6,21374444772284,21374441314923,446,3.457361,5.779609730641087,-3.335742879760889,-3.4463006186353486,0.24959582158889732,2.437008989010599,-0.9720083680835617
arm,2.61,21374454772284,21374450419869,448,4.352415,6.250110741989029,-3.2974778237720104,-3.5222201486964018,0.26279575660888066,2.5905443336041003,-0.9581729976039789
arm,2.62,21374464772284,21374460059719,449,4.712565,6.066774210086767,-3.3914297941330105,-3.5960527107185736,0.28685876803612254,2.5624935337500623,-0.98806344404647
arm,2.63,21374474772284,21374468568363,451,6.203921,5.241134554502056,-3.444790389675614,-3.2635975519989047,0.2882038961605575,2.2275235404366414,-1.0083607805919
arm,2.64,21374484772284,21374481936650,453,2.835634,5.262846428311844,-3.497102578028718,-3.1897464389967713,0.30811083419273777,2.205569468668311,-1.027096941004866
arm,2.65,21374494772284,21374485369791,454,9.402493,5.611780786646394,-3.4381204737936355,-3.2816807621451325,0.2887304627736257,2.324124332302133,-1.0121985372028193
arm,2.66,21374504772284,21374502760550,457,2.011734,5.623470994208257,-3.365889138663157,-3.7404623775449637,0.24720926106809762,2.4575592446191052,-0.9977112366409882
arm,2.67,21374514772284,21374507772597,458,6.999687,5.672402912838494,-3.425319828483676,-3.366392109763649,0.2687277311374156,2.3627212906607884,-1.0144904724956734
arm,2.68,21374524772284,21374520627132,460,4.145152,5.645879591899387,-3.3120970101817555,-3.2037308298714895,0.23494746916396939,2.309261085986566,-0.9843478340852186
arm,2.69,21374534772284,21374531812247,462,2.960037,5.377740813107341,-3.3668595724378596,-3.6716970842310417,0.24360266977221443,2.3698755641393134,-1.0013129267896008
arm,2.7,21374544772284,21374542904427,464,1.867857,5.7893216518817265,-3.345545045311024,-4.166947116614275,0.2382008195436962,2.6336068737639335,-0.9946738290546763
arm,2.71,21374554772284,21374549373091,465,5.399193,5.673895033651531,-3.2385091781236612,-4.115750470499012,0.20500057803642313,2.5963672149040375,-0.9649616760379609
arm,2.72,21374564772284,21374556323235,466,8.449049,5.426983890334253,-3.2727108853765348,-3.7795704624912316,0.2118424195357176,2.444341996203952,-0.9790040354961782
arm,2.73,21374574772284,21374568252885,468,6.519399,5.151320269029602,-3.394589390154847,-3.3161668478693844,0.26126183408569015,2.2670218216225417,-1.012143615932719
arm,2.74,21374584772284,21374582373766,470,2.398518,5.408916754174215,-3.4365654634222476,-3.426122249386441,0.283177565782224,2.3982577806712775,-1.0267789534586935
arm,2.75,21374594772284,21374590783840,472,3.988444,5.645257234765274,-3.484031346498938,-4.077626837279614,0.2884915613785836,2.662688713633574,-1.0427231947321538
arm,2.76,21374604772284,21374604020483,474,0.751801,5.680082709279227,-3.4103696107819577,-3.9696121030453786,0.24893628831838438,2.6586120849497923,-1.028227597019602
arm,2.77,21374614772284,21374609457721,475,5.314563,5.7060238134211225,-3.387531570915346,-3.7918152389936766,0.23352077653232808,2.6234905753763424,-1.0243035571431724
arm,2.78,21374624772284,21374621663062,477,3.109222,5.74037805303093,-3.362474530538441,-3.424763620062154,0.24379210266863985,2.5332685907451817,-1.0112393994587978
arm,2.79,21374634772284,21374628381420,478,6.390864,5.38288803168458,-3.294334385357434,-3.1954498955731854,0.23021881480407314,2.3643322219075036,-0.9882107754582002
arm,2.8,21374644772284,21374642960200,481,1.812084,5.232019902019073,-3.345432879420713,-2.9517198047554376,0.24087124994218712,2.2405380195025524,-1.0041545389557887
arm,2.81,21374654772284,21374649497056,482,5.275228,5.423204995676137,-3.3807666189001147,-2.9552887267993038,0.24883866352776515,2.292982573900835,-1.0179234380055493
arm,2.82,21374664772284,21374656127225,483,8.645059,5.402092605187765,-3.4186912950887387,-3.0961443697273143,0.251948289359494,2.324547288910555,-1.0339431596592237
arm,2.83,21374674772284,21374667875714,485,6.89657,5.545668715194547,-3.3979715125476115,-3.5272537052271296,0.24263449975913542,2.4919780318297153,-1.0278547312226254
arm,2.84,21374684772284,21374684673021,488,0.099263,5.999312148252615,-3.3559897371288647,-3.664910557071918,0.229698714072564,2.652164045115993,-1.01673872857865
arm,2.85,21374694772284,21374684673021,488,10.099263,5.999312148252615,-3.3559897371288647,-3.664910557071918,0.229698714072564,2.652164045115993,-1.01673872857865
arm,2.86,21374704772284,21374703877610,491,0.894674,5.5783446759192135,-3.3600139792942194,-3.532563985413077,0.24181942251382438,2.4809589009213053,-1.0109366031645113
arm,2.87,21374714772284,21374707818560,492,6.953724,5.5961655033931486,-3.2456129786917263,-3.3984899275414384,0.21020307074904174,2.439481787782047,-0.9750719230216917
arm,2.88,21374724772284,21374720258763,494,4.513521,5.679198082865891,-3.237717671607922,-3.3443455790540195,0.1922698113163101,2.435958500962387,-0.980540885768927
arm,2.89,21374734772284,21374731203218,496,3.569066,5.599556245418347,-3.334412986868679,-3.832840695223021,0.22070494296704482,2.5534449258024936,-1.0084646626359572
arm,2.9,21374744772284,21374744238265,498,0.534019,5.8265638082281335,-3.3227066169990094,-3.548440964452542,0.21610964728943072,2.528628961105382,-1.0078227823232961
arm,2.91,21374754772284,21374750209042,499,4.563242,5.8403224981379465,-3.34000532154499,-3.540718219428339,0.2228573132974467,2.5307130345971167,-1.014062633032172
arm,2.92,21374764772284,21374758553423,500,6.218861,5.7168146078860715,-3.341166409613099,-3.5469865883566,0.22843171689664302,2.501380526082154,-1.0114969353029555
arm,2.93,21374774772284,21374770809392,502,3.962892,5.448542417060359,-3.3697927330123165,-3.428121961713416,0.23313764855556074,2.4071855702869356,-1.021067830375567
arm,2.94,21374784772284,21374778657891,504,6.114393,5.6182362073964605,-3.3395619427622236,-3.2941963348815513,0.21148793214375822,2.426799208194336,-1.0200358070349305
arm,2.95,21374794772284,21374791530875,506,3.241409,6.2199334816172325,-3.3008337478984506,-3.8365400349003824,0.2008545577879831,2.7604361718843125,-1.0087712767183685
arm,2.96,21374804772284,21374803338570,508,1.433714,5.607084260383482,-3.197153896013161,-3.261983475146143,0.17263944069384204,2.411378077977812,-0.9765286312327194
arm,2.97,21374814772284,21374809679777,509,5.092507,5.2253788197469815,-3.2249549730836353,-2.9650188196746057,0.18447152478003057,2.2139871036362524,-0.9825568588951734
arm,2.98,21374824772284,21374822216880,511,2.555404,5.508835646449465,-3.335566676716962,-3.283845493126442,0.22786328986616713,2.3801721197183476,-1.013537347603715
arm,2.99,21374834772284,21374822216880,511,12.555404,5.508835646449465,-3.335566676716962,-3.283845493126442,0.22786328986616713,2.3801721197183476,-1.013537347603715
arm,3.0,21374844772284,21374844144017,515,0.628267,5.840272743151351,-3.267328637127327,-3.597690311809327,0.1689341512827185,2.53402696148975,-1.0080564781533166
arm,3.01,21374854772284,21374849662436,516,5.109848,5.845466650658805,-3.2860809425909965,-3.7106141728499993,0.17319818036808,2.5626869103167405,-1.0122946187301876
arm,3.02,21374864772284,21374857046640,517,7.725644,5.813740594707164,-3.3062021196966804,-3.9238248423968742,0.18236911158021882,2.609642781279544,-1.0143433075360948
arm,3.03,21374874772284,21374867970437,519,6.801847,5.798553016137407,-3.2936927510343446,-3.554345273957425,0.1919162506926074,2.488849006214231,-1.0056245289422965
arm,3.04,21374884772284,21374878837184,521,5.9351,5.205649582156495,-3.279232138069237,-3.208311783999777,0.16843024347315932,2.2137812015784424,-1.0074216566776322
arm,3.05,21374894772284,21374890970818,523,3.801466,5.068240292924217,-3.282329361360352,-2.8089509543347386,0.15936191635744493,2.053775965260085,-1.0099608211443833
arm,3.06,21374904772284,21374902439723,525,2.332561,4.982063396079243,-3.334210561345218,-3.218621081067054,0.16762285240957198,2.145967816092313,-1.0261578046624709
arm,3.07,21374914772284,21374907673910,526,7.098374,5.165918441630255,-3.327416906836616,-3.3446629482055226,0.1557186175572978,2.2360190554087955,-1.0277594634354112
arm,3.08,21374924772284,21374919560986,528,5.211298,5.82808576126057,-3.298428248880755,-3.6841393172951813,0.14114513727316993,2.5276814062472943,-1.0204445530035626
arm,3.09,21374934772284,21374931279557,530,3.492727,5.652741432994803,-3.3740943032849198,-3.6899328788809473,0.14070620106597354,2.4847905118941083,-1.046017876097565
arm,3.1,21374944772284,21374937533230,531,7.239054,5.5347206073142265,-3.367688068010128,-3.6115227121520017,0.12660281249648356,2.4323734999326536,-1.0472807132854203
arm,3.11,21374954772284,21374950863714,533,3.90857,5.768846044321897,-3.2613897114305224,-3.669450249664252,0.08882787623929614,2.5279421420225905,-1.0183421050908095
arm,3.12,21374964772284,21374957391725,534,7.380559,5.902427498307017,-3.1028289566158946,-3.7666990753422525,0.04566614068122947,2.5973640282693347,-0.9645761581055968
arm,3.13,21374974772284,21374968832607,536,5.939677,5.9702332309898765,-3.206268016242547,-4.42824356083728,0.06980662485906504,2.8143965899728793,-0.9919197519578598
arm,3.14,21374984772284,21374978782377,538,5.989907,5.337525574952808,-3.199596150246714,-2.907454307168258,0.04187707641326586,2.1912707800406612,-0.9972335772722026
arm,3.15,21374994772284,21374991511255,540,3.261029,4.818897949473741,-3.3009457188162132,-2.475592565264865,0.050150406639011734,1.9196617742909838,-1.0304669714878987
arm,3.16,21375004772284,21375004128238,542,0.644046,5.47571480979106,-3.424929247858751,-3.238646419526876,0.09203481526090714,2.333086766149438,-1.0653627826089824
arm,3.17,21375014772284,21375009671607,543,5.100677,5.804193744339081,-3.3977757259050256,-3.826770430331157,0.08210110884553229,2.6016134239955973,-1.0597216010940012
arm,3.18,21375024772284,21375021531478,545,3.240806,6.0400598133001715,-3.3677883573920595,-3.910590342216051,0.05311501207312133,2.690980487802293,-1.057542011557503
arm,3.19,21375034772284,21375033027472,547,1.744812,6.176731340858943,-3.3859855126553122,-4.391217494052004,0.0587985139893616,2.8731559191349487,-1.0630351262315267
arm,3.2,21375044772284,21375038469722,548,6.302562,5.55899256434046,-3.2238558082909923,-3.245533293272581,0.005412459590468422,2.361525179143633,-1.0143773454179874
arm,3.21,21375054772284,21375052268775,550,2.503509,4.257685517108276,-3.156691292779496,-1.661118908158996,-0.03460651381005051,1.5283268114245765,-0.9959026568394675
arm,3.22,21375064772284,21375063105871,552,1.666413,4.749144258500835,-3.222028775453285,-2.2858955981433624,-0.017828037856497267,1.8413519151497473,-1.0134759609543116
arm,3.23,21375074772284,21375067365048,553,7.407236,5.4194963902664375,-3.321185594277687,-3.3367649330106732,0.005150657588709125,2.331501556737616,-1.0475340110308977
arm,3.24,21375084772284,21375079324983,555,5.447301,5.504163020266723,-3.085843898617294,-3.6935565033848268,-0.0700152872579831,2.4627579343251984,-0.9747323195444239
arm,3.25,21375094772284,21375090865135,557,3.907149,4.9516842052329775,-3.4065996028023195,-3.297563654879797,-0.024115685245083687,2.1912602696141557,-1.0813643178528634
arm,3.26,21375104772284,21375102661655,559,2.110629,5.159852685227497,-3.4084416491944802,-3.6727834891436633,-0.03319007755120633,2.3537408335668215,-1.0816483759744302
arm,3.27,21375114772284,21375108295747,560,6.476537,5.487790497839021,-3.446485761288089,-3.9507265154894595,-0.04038228732613125,2.5255402010598353,-1.1012260508175191
arm,3.28,21375124772284,21375119756945,562,5.015339,5.534095380122815,-3.3205191974148502,-4.255712562995923,-0.08166386196162927,2.6252160121493113,-1.0609191777183744
arm,3.29,21375134772284,21375119756945,562,15.015339,5.534095380122815,-3.3205191974148502,-4.255712562995923,-0.08166386196162927,2.6252160121493113,-1.0609191777183744
arm,3.3,21375144772284,21375143380051,566,1.392233,3.79498930108099,-3.315336125469443,-1.8315933375911067,-0.10630765075242873,1.4235261344435977,-1.0610494284584364
arm,3.31,21375154772284,21375151494066,567,3.278218,3.8064465008282964,-3.237283529076325,-1.747506513080498,-0.11152359400799453,1.3988485856749429,-1.0316679868337086
arm,3.32,21375164772284,21375162530429,568,2.241855,4.287950246829466,-3.1297258057136403,-1.8943741266727467,-0.11113110565362466,1.5721759100152517,-0.9896696698946702
arm,3.33,21375174772284,21375171176188,571,3.596096,5.222828446005516,-3.5797713242182825,-3.575922939113266,-0.03328027268066232,2.319759763037877,-1.1494617470284536
arm,3.34,21375184772284,21375177597603,572,7.174681,5.230991079562962,-3.462663291758438,-3.6652166155163446,-0.06680474132654977,2.3456208415525452,-1.1134864562107711
arm,3.35,21375194772284,21375185795670,573,8.976614,5.064754986579442,-3.4513077977933726,-3.5775628529946943,-0.06672014865894194,2.273562321503464,-1.1085463590740083
arm,3.36,21375204772284,21375185795670,573,18.976614,5.064754986579442,-3.4513077977933726,-3.5775628529946943,-0.06672014865894194,2.273562321503464,-1.1085463590740083
arm,3.37,21375214772284,21375211357035,578,3.415249,5.298309997055369,-3.194301085693023,-3.582007621920867,-0.11228322621152546,2.3230227752804193,-1.017712345581238
arm,3.38,21375224772284,21375220377070,579,4.395214,4.722853411811885,-3.1282314659125667,-2.6961904649894652,-0.1314275952151388,1.9020187853385255,-0.9931549867094397
arm,3.39,21375234772284,21375232882507,581,1.889777,4.183204480511669,-3.2412039931549046,-1.7944919231533734,-0.13352828969466415,1.4806054961550013,-1.0351008857173296
arm,3.4,21375244772284,21375241860888,583,2.911396,4.0531556071294,-2.984787530590779,-2.301249942616173,-0.1849564894844963,1.593226792025043,-0.9384926292944337
arm,3.41,21375254772284,21375246348968,584,8.423316,4.136141766404583,-3.309744310638918,-2.6847088999529642,-0.13081096475136578,1.7289043400732658,-1.0477604790360382
arm,3.42,21375264772284,21375258571548,586,6.200736,4.4436753293586415,-3.779433265478955,-3.0766570175496084,-0.03784989927848674,1.9332898879919795,-1.2135568666256265
arm,3.43,21375274772284,21375269663693,588,5.108591,4.701843770999096,-3.5652950564309323,-3.917346844242391,-0.051287423150034823,2.2522530022979033,-1.1380097772959126
arm,3.44,21375284772284,21375281765447,590,3.006837,4.886799349907745,-3.6427602951507154,-4.082355048840407,-0.01982628418301971,2.343079046253521,-1.1613605464709889
arm,3.45,21375294772284,21375287181275,591,7.591009,4.923437326956135,-3.4131730108787686,-4.3063876325306145,-0.06934238674873286,2.422499834758783,-1.084765472223907
arm,3.46,21375304772284,21375299751118,593,5.021166,4.733991156845413,-3.5636912275679595,-4.055370290781015,-0.04384079461068667,2.301085874568584,-1.137659438061611
arm,3.47,21375314772284,21375309695170,595,5.077114,4.104517837221736,-3.391198203971144,-2.1282563898863054,-0.08805964262782878,1.5427272046129115,-1.0834737908268588
arm,3.48,21375324772284,21375321422424,597,3.34986,3.7700958846845376,-3.277496470525911,-2.2734147397637097,-0.10606067166902311,1.4938552515215344,-1.0409708134934426
arm,3.49,21375334772284,21375333351295,599,1.420989,4.661621978759007,-3.4883582895636263,-2.98548927885136,-0.04493436940698031,1.9509714053064828,-1.110815489593423
arm,3.5,21375344772284,21375341548467,600,3.223817,4.765230540877359,-3.3753344857240406,-3.350794143658279,-0.06719386263513254,2.0915647882322435,-1.075147852139386
arm,3.51,21375354772284,21375351612692,602,3.159592,4.415364888949735,-3.4969426310549805,-3.017347520765032,-0.03373932810040127,1.8934828857074897,-1.1143331389436317
arm,3.52,21375364772284,21375351612692,602,13.159592,4.415364888949735,-3.4969426310549805,-3.017347520765032,-0.03373932810040127,1.8934828857074897,-1.1143331389436317
arm,3.53,21375374772284,21375370238500,605,4.533784,4.881045472451428,-3.5055005002887416,-3.687773231621601,-0.014179828051034835,2.2185793255786397,-1.113486426883452
arm,3.54,21375384772284,21375378630711,607,6.141573,4.521651060180647,-3.493164230870347,-3.0068950763530955,-0.0020807687080985843,1.9126696018716278,-1.104504434843692
arm,3.55,21375394772284,21375391428817,609,3.343467,4.670618084527416,-3.4721713683473574,-3.711943607695831,-0.0021487707136917758,2.1678693068414914,-1.0990502641892874
arm,3.56,21375404772284,21375404307300,611,0.464984,4.8871304062295,-3.4625514249464797,-3.666114318168254,0.013248742355605555,2.20506047971478,-1.0923932230254774
arm,3.57,21375414772284,21375414395315,613,0.376969,4.783998679376498,-3.307893436229398,-3.7033433840921455,-0.02227064904416246,2.1883354015624232,-1.0393125794214495
arm,3.58,21375424772284,21375421054531,614,3.717753,5.071106544133519,-3.312597106554261,-3.5633144402337744,-0.013902372814789819,2.2186779581746023,-1.0383170549791945
arm,3.59,21375434772284,21375429383619,615,5.388665,5.177266229073755,-3.3795716681684196,-3.5904905409372203,0.008465846875582187,2.255755273397414,-1.057661868378712
arm,3.6,21375444772284,21375443119082,618,1.653202,4.753438841081939,-3.4011059276259457,-3.3150355479308558,0.024437839020552667,2.062118877043345,-1.0587656644110808
arm,3.61,21375454772284,21375449961554,619,4.81073,4.566962812990731,-3.401824185167697,-2.990238020569101,0.039843468577605685,1.9148694422879,-1.0539384477473202
arm,3.62,21375464772284,21375463057343,621,1.714941,4.146336950047148,-3.619499488393241,-2.538246751290305,0.08028797234922198,1.6626985930836606,-1.129697968548033
arm,3.63,21375474772284,21375474715333,623,0.056951,4.101809984815627,-3.5422031766855726,-2.217699709849284,0.0869994306258896,1.5562414470549484,-1.0970358922093817
arm,3.64,21375484772284,21375478692798,624,6.079486,4.293923346311704,-3.4773746311102873,-2.626613099759101,0.07145362156484973,1.7343192117398045,-1.0752030515404225
arm,3.65,21375494772284,21375492963332,625,1.808952,4.593718712851111,-3.40278284779395,-3.0175248453927157,0.05906284561115452,1.9331852646548298,-1.0480805577127454
arm,3.66,21375504772284,21375503253390,628,1.518894,4.639341483524902,-3.6839413356757635,-3.6990931673785985,0.07857361108527715,2.1555443698641907,-1.1467560611074277
arm,3.67,21375514772284,21375509484945,629,5.287339,4.880231869641427,-3.6264102313185833,-3.585446692910551,0.05380347163290189,2.181003343352976,-1.1319052318693008
arm,3.68,21375524772284,21375522803788,631,1.968496,4.993648796680459,-3.4319879342519894,-3.5130280008289683,0.039189879996168006,2.188392971571014,-1.0613840557877776
arm,3.69,21375534772284,21375534647460,633,0.124824,4.948608983136972,-3.5096542266823367,-3.819187779104669,0.04191840557141084,2.273528387054223,-1.0906582834125136
arm,3.7,21375544772284,21375540308257,634,4.464027,4.967611870380678,-3.3131914948715018,-3.8370801752140924,0.006360693550117924,2.283540823673792,-1.0203584749059313
arm,3.71,21375554772284,21375545206049,635,9.566235,4.730421793821595,-3.2277946608838484,-3.4694576637613204,4.581529548124619e-06,2.111888814726103,-0.9864749671060173
arm,3.72,21375564772284,21375559187159,636,5.585125,4.391474442732345,-3.393522155572907,-3.3642749024292025,0.029850349784411395,1.9965249395231404,-1.0420738281318085
arm,3.73,21375574772284,21375570876066,639,3.896218,4.366979190195097,-3.4679878715100005,-3.0625399691211252,0.05036238378953766,1.8937398972020645,-1.0702203663290886
arm,3.74,21375584772284,21375578703807,641,6.068477,5.000229681906054,-3.6519701950637824,-3.8482673164133208,0.11583026943452221,2.2944436353702873,-1.1253699204040735
arm,3.75,21375594772284,21375591716199,643,3.056085,5.339166972332137,-3.637490806417661,-3.421902525998888,0.12115251821162097,2.2596535743800263,-1.123392026427195
arm,3.76,21375604772284,21375598107070,644,6.665214,4.881455374455686,-3.50010369200178,-3.2068858097286888,0.09071322629248216,2.0799504226774093,-1.0787589669519961
arm,3.77,21375614772284,21375609418046,646,5.354238,4.54745750536256,-3.5055530867830473,-3.251873325570236,0.0898658943534219,2.0051853688000225,-1.0764271322562415
arm,3.78,21375624772284,21375622548329,648,2.223955,4.951207246657132,-3.510065814851041,-3.0267842940953655,0.08249821803350588,2.0464036945720814,-1.0828810144012777
arm,3.79,21375634772284,21375622548329,648,12.223955,4.951207246657132,-3.510065814851041,-3.0267842940953655,0.08249821803350588,2.0464036945720814,-1.0828810144012777
arm,3.8,21375644772284,21375635296390,649,9.475894,4.60421945792685,-3.533630702728863,-3.3165929370046228,0.0834200909817729,2.049779129563699,-1.0920526844643224
arm,3.81,21375654772284,21375647515363,652,7.256921,4.814099879919239,-3.4391604786595096,-3.512731167845536,0.07148219624085632,2.1641343698368276,-1.0575523232266626
arm,3.82,21375664772284,21375664707876,655,0.064408,4.703666516149629,-3.615204317755298,-2.7757565466792764,0.10845297223263305,1.9013769959427094,-1.115702320601231
arm,3.83,21375674772284,21375668110157,656,6.662127,4.164427208386253,-3.4499962248412004,-2.12469440148332,0.07693120159173676,1.5587482035802362,-1.0563276565469428
arm,3.84,21375684772284,21375678663825,658,6.108459,4.111427810365361,-3.702454343050614,-2.4541074577451947,0.12157994955869411,1.644989573982264,-1.1420216595699395
arm,3.85,21375694772284,21375691058964,660,3.71332,5.073199481621904,-3.6439261461698482,-2.7872838521077514,0.1210147751073994,1.9970985385736248,-1.125073728130443
arm,3.86,21375704772284,21375702657540,662,2.114744,4.3900826455668405,-3.5544220382885148,-3.059931754572154,0.11809259523145602,1.907443374205825,-1.0935696158489157
arm,3.87,21375714772284,21375708066664,663,6.70562,4.4180720293637075,-3.5597861310956573,-3.044161854814439,0.11406751369166383,1.9065522625760682,-1.099597168814602
arm,3.88,21375724772284,21375723057109,665,1.715175,5.109384725087156,-3.4171304755389915,-3.559543928512679,0.10596398185914269,2.246811889889658,-1.0481495659445499
arm,3.89,21375734772284,21375732103657,667,2.668627,5.174515328068779,-3.426551519807055,-3.830624158605178,0.11243179929808127,2.351406095751058,-1.0488541577760084
arm,3.9,21375744772284,21375743260675,669,1.511609,4.403374852368297,-3.332487488500505,-3.056721523314104,0.08343373385149548,1.9086129982525646,-1.0203816469544043
arm,3.91,21375754772284,21375749703082,670,5.069202,4.372307645753054,-3.372301080349209,-2.855276875563876,0.09760511025872519,1.837458467976694,-1.0308697002987446
arm,3.92,21375764772284,21375749703082,670,15.069202,4.372307645753054,-3.372301080349209,-2.855276875563876,0.09760511025872519,1.837458467976694,-1.0308697002987446
arm,3.93,21375774772284,21375770565353,673,4.206931,4.635887704791089,-3.6939699546166374,-2.9483757274613387,0.1591790218975258,1.9339771043849638,-1.1463256903135888
arm,3.94,21375784772284,21375779126535,675,5.645749,4.514862196606865,-3.5262812612572074,-3.027388231939387,0.14542940966207646,1.9316709671197947,-1.082818108277028
arm,3.95,21375794772284,21375787124922,676,7.647362,4.842919031999053,-3.5403106986748356,-2.966938394106701,0.1380720936167827,1.999647736504724,-1.0918305161041573
arm,3.96,21375804772284,21375803146403,679,1.625881,4.629327679198346,-3.659424110106352,-2.9882216404085185,0.16178845341228276,1.9705478380535095,-1.1314819573039325
arm,3.97,21375814772284,21375809567241,680,5.205043,4.4876018037543695,-3.5515884291436213,-2.875377602056214,0.14435941858395876,1.908505806816608,-1.0950117393953585
arm,3.98,21375824772284,21375824450921,682,0.321363,4.845767853658906,-3.4743595975447494,-2.900605386754685,0.16320449490118472,2.0198091398106577,-1.0600053088690362
arm,3.99,21375834772284,21375834670685,684,0.101599,4.953639584657758,-3.4738178764920176,-3.4743008021325754,0.14775341574118186,2.2333854802217354,-1.0640944298027353
arm,4.0,21375844772284,21375838685532,685,6.086752,4.797618563653178,-3.592968475891122,-3.321144880566403,0.1628276349559882,2.152496354296081,-1.1088913153997537
arm,4.01,21375854772284,21375850794948,687,3.977336,4.508453944619527,-3.4429247798308875,-2.618691196678912,0.1375307236036739,1.8659606039201546,-1.053699796706522
arm,4.02,21375864772284,21375862237415,688,2.534869,4.591775609783852,-3.560750424166313,-2.648562751221426,0.1516935169902399,1.900219468225027,-1.0977549716483583
arm,4.03,21375874772284,21375869323998,690,5.448286,4.715743421112308,-3.575317899134126,-3.0091943680638664,0.14560961588165577,2.0407291935641725,-1.1043695590514777
arm,4.04,21375884772284,21375881361086,692,3.411198,5.07231610529496,-3.6056926881690265,-3.364646658560407,0.1422071826895051,2.24576720410607,-1.1173356239170236
arm,4.05,21375894772284,21375892451907,693,2.320377,5.1842042691017465,-3.6880581564626675,-3.358949758675943,0.16030090205942507,2.2723657844740504,-1.145969345637624
arm,4.06,21375904772284,21375904554128,696,0.218156,4.826606517556236,-3.465553197818287,-3.3218660513962046,0.11340411859373292,2.1772734613398734,-1.069514486590201
arm,4.07,21375914772284,21375909741838,697,5.030446,4.734946528368883,-3.5585947182308706,-3.24945497179302,0.12237017461849693,2.1348588831651067,-1.1062387646614038
arm,4.08,21375924772284,21375923768352,699,1.003932,4.903761093565936,-3.6911233918945343,-3.31768736723258,0.1384175501693855,2.20398861166102,-1.1606848882379213
arm,4.09,21375934772284,21375933411431,701,1.360853,4.971798795401611,-3.402006409154808,-3.523830701708957,0.10691758374595713,2.2817976353450704,-1.0520500699076871
arm,4.1,21375944772284,21375941175462,702,3.596822,4.936172666837363,-3.45606757851333,-3.7956765410709288,0.09801531771089315,2.357657241231364,-1.0777926172842451
arm,4.11,21375954772284,21375950705195,704,4.067089,4.778661181118057,-3.5248631256122573,-3.1898069351966347,0.10857659461294285,2.111504621711101,-1.1017508873010293
arm,4.12,21375964772284,21375961235908,705,3.536376,4.603577951819297,-3.557875133654932,-2.768806978230711,0.11015413250513385,1.9252842724209842,-1.1140417622908239
arm,4.13,21375974772284,21375969375467,707,5.396817,4.523125674407835,-3.4699229390895754,-2.7793734711635603,0.10637306920816542,1.9000490899590157,-1.0799546017951291
arm,4.14,21375984772284,21375981462173,709,3.310111,4.472172891966116,-3.4627912716058464,-2.7265842745851376,0.09516021777094044,1.8569935586065316,-1.077119458484279
arm,4.15,21375994772284,21375989702161,710,5.070123,4.638199992851037,-3.493949715554939,-2.6057001931340715,0.10020937707487629,1.8557343907602224,-1.0879660948098369
arm,4.16,21376004772284,21376004524237,713,0.248047,4.442072878294435,-3.658936107820186,-2.7955526757043514,0.12563766506210475,1.8536938230344935,-1.1476089893727202
arm,4.17,21376014772284,21376009415493,714,5.356791,4.664041714483565,-3.578182446580804,-3.0825012326508494,0.12178223606906942,2.002502105636605,-1.1143843236461666
arm,4.18,21376024772284,21376014903976,715,9.868308,4.936774354223177,-3.5139106730476297,-3.5249059353832357,0.11189464054149807,2.2132518835798907,-1.0905473047533285
arm,4.19,21376034772284,21376032362275,716,2.410009,5.008356765348901,-3.5280200141847655,-3.661767418119109,0.10057081105250619,2.2719683266271997,-1.0988602390346487
arm,4.2,21376044772284,21376043353368,719,1.418916,4.579291986469712,-3.528193463972123,-3.270794160185317,0.0862333891550276,2.035010052895312,-1.1035824647305443
arm,4.21,21376054772284,21376050682206,721,4.090078,4.3721415408555995,-3.52213233941517,-3.1233715439270022,0.10324939738950728,1.9372157085884696,-1.0986637709169942
arm,4.22,21376064772284,21376063974362,722,0.797922,4.541691629166267,-3.4416777932922082,-3.0259383703020752,0.08680421488958366,1.9487530397272583,-1.0702535580977879
arm,4.23,21376074772284,21376069290874,724,5.48141,4.755348150557188,-3.5122051237827407,-3.1564765565958988,0.09615444707535148,2.0487387845239056,-1.0952478706280315
arm,4.24,21376084772284,21376082666827,726,2.105457,4.500904769813971,-3.5659345354301375,-3.0142272877142897,0.07907428797763201,1.9325776241595674,-1.117917129559433
arm,4.25,21376094772284,21376090915948,727,3.856336,4.752502065405868,-3.679043785921844,-2.9255486609900165,0.10328129853193103,1.9679775961735462,-1.1575471719755501
arm,4.26,21376104772284,21376098634917,729,6.137367,4.999496366622819,-3.6676757758317273,-2.9388349747372366,0.10519107475659595,2.039814739342265,-1.1559107345567148
arm,4.27,21376114772284,21376111805164,731,2.96712,4.832302922803659,-3.67482477094824,-3.0573086832769674,0.12760296148524736,2.0402413758620073,-1.1566255323965753
arm,4.28,21376124772284,21376117932359,732,6.839925,4.977600378503442,-3.630085522688766,-2.8387758192762362,0.13080234226768445,2.007546442426098,-1.1405152394523417
arm,4.29,21376134772284,21376129783244,734,4.98904,4.811483035819912,-3.522846825849594,-2.696081052525136,0.13773698732351736,1.9183986941787068,-1.0937080424363657
arm,4.3,21376144772284,21376141012540,736,3.759744,4.288709245760683,-3.551592685436188,-2.5392736468013313,0.12228980243820556,1.7302955333964798,-1.109390632167202
arm,4.31,21376154772284,21376151823820,738,2.948464,4.770418510625012,-3.4688296653630593,-2.735793915924493,0.12868494345794332,1.911095930656702,-1.0664202731321626
arm,4.32,21376164772284,21376151823820,738,12.948464,4.770418510625012,-3.4688296653630593,-2.735793915924493,0.12868494345794332,1.911095930656702,-1.0664202731321626
arm,4.33,21376174772284,21376170108142,741,4.664142,4.798719334349308,-3.7044198400722874,-3.1027057803129914,0.15792503680773332,2.040547621146864,-1.1584979397287192
arm,4.34,21376184772284,21376181773091,743,2.999193,4.692726338396525,-3.7548651819210934,-2.6292873123053093,0.16457364840447272,1.8562073935774999,-1.1786032555004524
arm,4.35,21376194772284,21376193500398,744,1.271886,4.621007198164211,-3.720635117815082,-2.4645351352527216,0.16163854461815952,1.7838879033738941,-1.165787988205352
arm,4.36,21376204772284,21376204200627,747,0.571657,4.831309815067209,-3.4665487263655828,-3.265726412760442,0.15485734019663902,2.099659947467923,-1.0662253217959885
arm,4.37,21376214772284,21376209748012,748,5.024272,4.8380676746379025,-3.6210911813350037,-3.227077425333484,0.18923550919382223,2.095128645093271,-1.1257101770899312
arm,4.38,21376224772284,21376215468044,749,9.30424,4.757837533710389,-3.7254080913161025,-3.316246575796757,0.21028455750775968,2.104693938639136,-1.163708016153721
arm,4.39,21376234772284,21376233271646,752,1.500638,4.171898998962313,-3.6018933140579157,-2.1912737141542618,0.17865835741478714,1.587869872672328,-1.1216808761576869
arm,4.4,21376244772284,21376240856383,753,3.915901,4.099101323613154,-3.7347542561204747,-2.2665347168605097,0.1814940288297136,1.596338195271568,-1.176721759013354
arm,4.41,21376254772284,21376251285089,755,3.487195,4.660838666076051,-3.8093081019750192,-3.45097017905148,0.20120699241727763,2.1242177079601916,-1.1988801638651831
arm,4.42,21376264772284,21376262104789,756,2.667495,5.056647694522052,-3.8047599702838184,-3.8907361796872157,0.19992333380309402,2.3732078318368575,-1.1995009622248125
arm,4.43,21376274772284,21376269303690,758,5.468594,4.7651189109519265,-3.9068319479597906,-3.5617358871141716,0.22129033585817942,2.2025588052711904,-1.2406481286372215
arm,4.44,21376284772284,21376281427417,760,3.344867,4.334247090493465,-3.6578987686147175,-2.843532623775982,0.17896356314877174,1.8766283424610197,-1.1522153084378346
arm,4.45,21376294772284,21376290440780,761,4.331504,4.175686275133675,-3.455169704164261,-2.399463943247939,0.1667073900547327,1.6938597483886977,-1.070961215471723
arm,4.46,21376304772284,21376302344471,763,2.427813,4.255122238129518,-3.4559382809776475,-2.4056473358882897,0.15785962045337035,1.705615995146398,-1.074585639693041
arm,4.47,21376314772284,21376310628874,765,4.14341,4.190970104671397,-3.5595204763883648,-2.562797234476194,0.1715786037399901,1.736262311922688,-1.1154234371125091
arm,4.48,21376324772284,21376318163329,766,6.608955,4.36687768530437,-3.616197371446727,-2.7916146506984525,0.1852987815915276,1.8556245922640533,-1.134961149095776
arm,4.49,21376334772284,21376334606763,768,0.165521,5.071636081057997,-3.5871080898281136,-2.9296359501175795,0.16276197932169703,2.0782327308169624,-1.132598691159118
arm,4.5,21376344772284,21376342408337,770,2.363947,4.343799282710419,-3.576342450819827,-3.2589039989139716,0.15537957269840189,1.9977560293121837,-1.130192253631675
arm,4.51,21376354772284,21376347122569,771,7.649715,4.407341139819947,-3.5888301694905116,-3.0987692412065204,0.16394028499636168,1.9596208791009835,-1.1328310715648569
arm,4.52,21376364772284,21376362713658,772,2.058626,4.707974262786514,-3.4899214946257002,-3.0753831093411956,0.14268358367729167,2.03096279463577,-1.096640079390741
arm,4.53,21376374772284,21376369867751,775,4.904533,4.816846373644194,-3.707948255212637,-3.4719181383179625,0.1794124361113251,2.1922410973032314,-1.1853794949238348
arm,4.54,21376384772284,21376383240579,777,1.531705,4.725249596583399,-3.514667193847037,-2.9557841635086426,0.16291862258888123,2.000703974038598,-1.1111525299561884
arm,4.55,21376394772284,21376387902127,778,6.870157,4.684326544468899,-3.4531238737016077,-2.5159010442466294,0.1545197085019859,1.8474689056748141,-1.0896898860848288
arm,4.56,21376404772284,21376403980245,780,0.792039,4.501471022002101,-3.5415569911642226,-2.363086420266434,0.14877337131136004,1.7459124779882345,-1.1292643838072176
arm,4.57,21376414772284,21376411691652,782,3.080632,4.3666130218879,-3.499990099550585,-2.0464943604605605,0.16863781457981766,1.6079654972536612,-1.1083553054502995
arm,4.58,21376424772284,21376417571501,783,7.200783,4.446225208095294,-3.4002671634372397,-2.206556378488309,0.15827998940337598,1.6797712647279759,-1.0697835701029295
arm,4.59,21376434772284,21376434481199,785,0.291085,4.6405484241992845,-3.586319800122048,-3.1854170241927204,0.15559188316968584,2.056546876523264,-1.1480361436740145
arm,4.6,21376444772284,21376443106481,787,1.665803,4.914303807479119,-3.707141894442942,-2.7849952608144095,0.19506643501815044,1.9973412539766613,-1.1897710379775883
arm,4.61,21376454772284,21376450653750,789,4.118534,4.251054614312079,-3.684923382605718,-2.5509434648659157,0.16664875122979397,1.7435317283407388,-1.1895244302528407
arm,4.62,21376464772284,21376463518818,790,1.253466,4.025204711741761,-3.571740911788866,-1.7949617858798184,0.1389906268393738,1.4303432766563615,-1.1473853229475386
arm,4.63,21376474772284,21376469652472,792,5.119812,4.169071912884512,-3.6573748331102873,-1.972648545761513,0.16457156337223966,1.5327740081599097,-1.1705334492472792
arm,4.64,21376484772284,21376483199313,794,1.572971,4.882732829304699,-3.566650962887474,-3.099822172492342,0.16089789306466395,2.087433009843501,-1.1344181702582825
arm,4.65,21376494772284,21376486700038,795,8.072246,4.738131857269879,-3.42908602471412,-2.655641593597579,0.1392257142573774,1.9041174404260064,-1.0831562496668492
arm,4.66,21376504772284,21376500791258,797,3.981026,4.728627685556938,-3.7849150861404977,-2.6160245541164246,0.19495508550296115,1.896214753743095,-1.216718477955546
arm,4.67,21376514772284,21376511015639,799,3.756645,4.87316555838796,-3.7045803785318383,-2.721534509339575,0.15224548823901407,1.9712410994135645,-1.1947273181040017
arm,4.68,21376524772284,21376524479795,801,0.292489,4.660140341470929,-3.6491162564607706,-2.5744608722633924,0.15398825623775433,1.8733542850326657,-1.1708649882246882
arm,4.69,21376534772284,21376534654135,803,0.118149,4.761918162478409,-3.7519499121429694,-2.8471323392048347,0.185988828525567,1.9949539027759358,-1.2028225134474855
arm,4.7,21376544772284,21376541411379,804,3.360905,4.713318638829349,-3.661112003755614,-2.795544076525643,0.16010023746942334,1.9712344059422058,-1.171822310039248
arm,4.71,21376554772284,21376550797572,806,3.974712,4.500009840952772,-3.620596653299993,-2.9502423602314525,0.1475314813033212,1.9704512133736676,-1.1597577759903512
arm,4.72,21376564772284,21376564727617,808,0.044667,4.404951286307935,-3.523732342500046,-2.7490602832721938,0.14766609433409547,1.8726665039812147,-1.1160735949766318
arm,4.73,21376574772284,21376567015145,809,7.757139,4.270089814145985,-3.5815040722514837,-2.5632752702117236,0.1380018876029432,1.7791819575141468,-1.1413641807043053
arm,4.74,21376584772284,21376578657249,811,6.115035,4.613502720148641,-3.6736118796347816,-2.8694779619449586,0.14936840484000283,1.9725629050449505,-1.175053860727444
arm,4.75,21376594772284,21376585415004,812,9.35728,4.760148081671072,-3.6457043947402337,-3.0793906434535834,0.1553572755265272,2.0804120064544662,-1.1592117277214156
arm,4.76,21376604772284,21376603551546,815,1.220738,5.044208695243483,-3.7186130102756842,-3.7014024471554046,0.13105211068557926,2.357123079625011,-1.198911269381103
arm,4.77,21376614772284,21376609151518,816,5.620766,5.312304880271938,-3.6434733075842196,-4.026759751677272,0.1438019211191858,2.529640316499602,-1.1658702063261757
arm,4.78,21376624772284,21376623491778,818,1.280506,4.870958121985685,-3.3800422141973034,-3.2568206126061887,0.1660206554932196,2.1579159857394354,-1.051212293343767
arm,4.79,21376634772284,21376634234778,820,0.537506,4.6958282296815606,-3.513712159821499,-2.563434495459473,0.1694356884486214,1.8806587900322254,-1.108643055982208
arm,4.8,21376644772284,21376642830229,821,1.942055,4.449963589649107,-3.5819382706951375,-1.8492040650181991,0.1756330130849914,1.5804031930411602,-1.1356933550330195
arm,4.81,21376654772284,21376651260894,823,3.51139,3.7524452259861802,-3.5089357736572153,-1.4503862295337777,0.17808689717825155,1.267303652448043,-1.1008219471772098
arm,4.82,21376664772284,21376657430604,824,7.34168,3.6102767826298217,-3.5069665998910913,-1.2788929514265892,0.16220339801912118,1.1712325725120298,-1.1031475916857973
arm,4.83,21376674772284,21376669434888,826,5.337396,4.079258764202296,-3.7254763072747736,-1.7730113141529142,0.18085438176718763,1.4555938777590824,-1.1935576940243557
arm,4.84,21376684772284,21376683677609,828,1.094675,4.423804371621248,-3.7470663735333707,-2.7982581798009285,0.22581524819652748,1.8817428114924348,-1.189596078525121
arm,4.85,21376694772284,21376689433723,829,5.338561,4.5127561506403735,-3.598684910693532,-2.8836832086361044,0.20771857547009484,1.9294218724853287,-1.1308998595170943
arm,4.86,21376704772284,21376689433723,829,15.338561,4.5127561506403735,-3.598684910693532,-2.8836832086361044,0.20771857547009484,1.9294218724853287,-1.1308998595170943
arm,4.87,21376714772284,21376709868060,833,4.904224,4.685960539496489,-3.665819719781651,-3.507838226074823,0.23049721623081493,2.172786689092786,-1.1594265185137655
arm,4.88,21376724772284,21376722365763,835,2.406521,4.698450495674708,-3.432127116323191,-3.1335021429057672,0.2542697568017708,2.0503208224758307,-1.0604782647116686
arm,4.89,21376734772284,21376732540575,837,2.231709,4.722165121563472,-3.4335895986876075,-3.3549727169275743,0.2684514444991152,2.1261491117004345,-1.0563401806632375
arm,4.9,21376744772284,21376737975429,838,6.796855,4.8812125680250675,-3.634348015745646,-3.040633808183132,0.2857712985315074,2.058679513263405,-1.1361068700970682
arm,4.91,21376754772284,21376749662224,840,5.11006,4.761853734322253,-3.6635387870286884,-2.38264224915293,0.31200747274368174,1.8049635254176006,-1.144764509048216
arm,4.92,21376764772284,21376759472959,841,5.299325,4.590713737650363,-3.4307188275010367,-2.083726859613571,0.2990047381765152,1.6578327461581688,-1.048210413385569
arm,4.93,21376774772284,21376767933016,843,6.839268,4.33538379561369,-3.496954824017551,-1.4922918224292403,0.25135907335326085,1.3997293200657486,-1.087253192318837
arm,4.94,21376784772284,21376779697821,845,5.074463,4.036531271823284,-3.832824861839255,-1.6913842636851282,0.26849552521291103,1.3918512114264245,-1.2235137100208926
arm,4.95,21376794772284,21376785711573,846,9.060711,4.128805534106815,-3.774152788933614,-2.3896041709521927,0.28357708521083635,1.644719405272944,-1.1932519117961444
arm,4.96,21376804772284,21376804627514,848,0.14477,4.5578970753293175,-3.5889109833470862,-2.217199426081572,0.2655768138854073,1.6961934234305995,-1.1218085236844983
arm,4.97,21376814772284,21376809693416,850,5.078868,4.218726108605948,-3.633177826450548,-2.9748323869420545,0.26797762604415165,1.871613234244173,-1.1426423683670377
arm,4.98,21376824772284,21376815671031,851,9.101253,4.001768470306572,-3.517277785868444,-2.625253464547698,0.2669591912633014,1.6932387511823854,-1.0915883837359455
arm,4.99,21376834772284,21376815671031,851,19.101253,4.001768470306572,-3.517277785868444,-2.625253464547698,0.2669591912633014,1.6932387511823854,-1.0915883837359455
arm,5.0,21376844772284,21376843185728,854,1.586556,4.189422794027018,-3.5770854864726784,-2.4862253275524133,0.2792334491778684,1.6845315837496886,-1.1241830741529004
arm,5.01,21376854772284,21376850701111,857,4.071173,4.997925720167423,-3.3788857679253077,-3.970798474916151,0.3378136886699945,2.3802834717382275,-1.0286547757651503
arm,5.02,21376864772284,21376860586141,858,4.186143,4.978247307215237,-3.3324232999016346,-4.423170617126095,0.33477170742862306,2.5277994956636083,-1.0115833898253244
arm,5.03,21376874772284,21376869736803,860,5.035481,4.8739245391376995,-3.6623714938368876,-3.517900011848136,0.35611322413473906,2.1907791072098535,-1.149354602197009
arm,5.04,21376884772284,21376883442546,862,1.329738,3.7168199809891878,-3.4812658100794485,-2.11328288589727,0.3650098050921097,1.4293560758329482,-1.0788709218252797
arm,5.05,21376894772284,21376889873727,863,4.898557,3.431436654839386,-3.3902226890608103,-1.9892224537941974,0.34490853995954857,1.3166175067094894,-1.0480300357518877
arm,5.06,21376904772284,21376901441286,865,3.330998,4.153461242949172,-3.5617974618363055,-2.2005703089157915,0.3650252392182083,1.565373567764294,-1.116819360253441
arm,5.07,21376914772284,21376910666660,867,4.105624,3.9750570169232997,-3.5690814379008695,-2.5260039671535828,0.4085629072019343,1.6593942416055025,-1.1139764206578269
arm,5.08,21376924772284,21376917961976,868,6.810308,4.032421721653185,-3.5953729821139953,-2.4381502714135093,0.4339210590785631,1.6618331959413337,-1.120358826138105
arm,5.09,21376934772284,21376928229492,870,6.542792,3.957506120386292,-3.7221819120400816,-1.5960840848623394,0.4535147669450618,1.3859495353519886,-1.1753761928914608
arm,5.1,21376944772284,21376943484266,872,1.288018,4.176157316655617,-3.6016114581637617,-1.8227495607772342,0.4238210932253258,1.5461138384301176,-1.1392110330858327
arm,5.11,21376954772284,21376945715977,873,9.056307,4.336388522423823,-3.6108978258317452,-2.255213565820876,0.4265268917960615,1.7535846956859542,-1.1457039691712614
arm,5.12,21376964772284,21376961296637,874,3.475647,4.517072407351868,-3.5954944789863497,-2.5346227037315807,0.439173074363637,1.9094151384959814,-1.13724208752691
arm,5.13,21376974772284,21376974037390,875,0.734894,4.69000936947187,-3.4862048026070953,-2.4603900508909784,0.44393557966644603,1.9359407080342645,-1.0879091141183135
arm,5.14,21376984772284,21376981212064,879,3.56022,4.524750998257126,-3.6214274837395464,-1.6384358782495076,0.46130502119867595,1.668124531713451,-1.1467236655948427
arm,5.15,21376994772284,21376986660236,880,8.112048,4.393731788806121,-3.4949834945430025,-1.4677429669722395,0.45267625922473287,1.588964042627922,-1.0950604367213619
arm,5.16,21377004772284,21377000533654,882,4.23863,4.7124791660756244,-3.519454694019116,-1.6874723059526162,0.5021353127488498,1.7445868987490465,-1.0916071560934097
arm,5.17,21377014772284,21377011251185,884,3.521099,4.983846195100759,-3.6838422642987525,-2.2690012612745347,0.5419667008188537,2.008257750699253,-1.1520380014348977
arm,5.18,21377024772284,21377017375464,885,7.39682,4.752733107355821,-3.628673720563782,-2.299785016848765,0.5155225114207097,1.9590445855473226,-1.1384794487897398
arm,5.19,21377034772284,21377030618386,887,4.153898,4.6126077573797755,-3.5733634992378267,-1.7646094850071516,0.4679745180660274,1.7366266923589273,-1.126628413201505
arm,5.2,21377044772284,21377044153258,889,0.619026,4.948758354223813,-3.634581712561666,-2.1681959576919834,0.48609632610490267,1.949599030390959,-1.1440072447319525
arm,5.21,21377054772284,21377046628008,890,8.144276,4.664558090736405,-3.670015822982562,-2.1529570023248414,0.493752766098578,1.8680908370918246,-1.1548843447975567
arm,5.22,21377064772284,21377060628316,892,4.143968,4.488092351815536,-3.645714667013554,-1.8178743194845426,0.48460283523749187,1.689418655620247,-1.1464364430925447
arm,5.23,21377074772284,21377071229214,894,3.54307,4.779646055122446,-3.5263092647945826,-2.314702514116518,0.45296596669366307,1.917778968524577,-1.1049056485132682
arm,5.24,21377084772284,21377084331283,896,0.441001,4.432072165230245,-3.5117718052463665,-1.829442587640177,0.45826070260329327,1.6433592018113128,-1.101985802375968
arm,5.25,21377094772284,21377089535860,897,5.236424,4.2438597734603585,-3.480222556073205,-1.4416184721881706,0.45162216958545076,1.4550850949109428,-1.0878747444647903
arm,5.26,21377104772284,21377101269737,899,3.502547,4.624596441335315,-3.525655756566258,-1.9626409849955648,0.4825886167020306,1.712394267798756,-1.0920316343397638
arm,5.27,21377114772284,21377111721586,901,3.050698,4.574398917134354,-3.6064762587973793,-2.1527573641402107,0.4954638220461887,1.7558977594111336,-1.1261402394507656
arm,5.28,21377124772284,21377124246680,903,0.525604,4.307775871919845,-3.577119680245542,-1.7397347982732276,0.45474003106774125,1.5486072378534768,-1.1301618184796363
arm,5.29,21377134772284,21377129739726,904,5.032558,4.4013259548928865,-3.6395320507302023,-1.7240888798514067,0.448931090173639,1.5610383526875935,-1.1562447553934583
arm,5.3,21377144772284,21377144442399,906,0.329885,4.893481878652729,-3.6851539998536325,-2.1133385244871365,0.4639319036769977,1.8066512939896533,-1.1659413388278799
arm,5.31,21377154772284,21377153266576,908,1.505708,4.658383615168942,-3.5277179569259878,-2.189521915092007,0.43080699801493194,1.7677732816559255,-1.110279437489777
arm,5.32,21377164772284,21377162343089,909,2.429195,4.702120361631221,-3.3781590000383646,-2.1865648664790074,0.4070074310256295,1.7707783115954658,-1.0495060429665029
arm,5.33,21377174772284,21377171017488,911,3.754796,5.019121009444536,-3.6003902439133535,-2.3285771400441955,0.4105158094617662,1.8951062989790943,-1.1425258375038727
arm,5.34,21377184772284,21377183928122,913,0.844162,4.961146860919145,-3.577944526289515,-2.5800313409794766,0.40036419126227124,1.9759847622215998,-1.1354805661047513
arm,5.35,21377194772284,21377189769394,914,5.00289,4.922237703714919,-3.511051665365468,-2.3849813764224352,0.4088376531150553,1.9039048233901923,-1.1051359833044305
arm,5.36,21377204772284,21377201560271,916,3.212013,4.927463313161417,-3.4391979734997937,-2.2845050859007867,0.38201683826826777,1.8656371080688576,-1.0803672927059957
arm,5.37,21377214772284,21377201560271,916,13.212013,4.927463313161417,-3.4391979734997937,-2.2845050859007867,0.38201683826826777,1.8656371080688576,-1.0803672927059957
arm,5.38,21377224772284,21377221657334,918,3.11495,5.033110041993586,-3.487567490220647,-2.469694770013215,0.394888539207119,1.9494712282484732,-1.0936208361680573
arm,5.39,21377234772284,21377231362986,920,3.409298,4.811570141203326,-3.497819641681282,-2.223060391550407,0.4038143745725414,1.8068173926138398,-1.0961099322116172
arm,5.4,21377244772284,21377241517523,923,3.254761,4.964156090569934,-3.530893628570904,-2.3659990233044166,0.4208200221909521,1.8862364096598203,-1.1048125183673936
arm,5.41,21377254772284,21377246993313,924,7.778971,4.899990646678255,-3.6329863947432015,-2.5175775028733187,0.44340204184374493,1.9238163131368042,-1.1432296144708605
arm,5.42,21377264772284,21377260999008,926,3.773276,5.023726860331106,-3.524923629101497,-2.835154438366309,0.4048599218736966,2.0620185514040354,-1.1072887652915189
arm,5.43,21377274772284,21377271869053,927,2.903231,5.240406739027834,-3.478921598853612,-2.683138172748973,0.38652747128156717,2.059325532379303,-1.0918104233461328
arm,5.44,21377284772284,21377283809240,930,0.963044,5.096788830313461,-3.526003792316679,-2.956414423040501,0.3977394084340299,2.1213298440838617,-1.1079684322411236
arm,5.45,21377294772284,21377288779835,931,5.992449,4.975940483871367,-3.5427443405308487,-2.7210329394423356,0.3903154592159327,2.0195441401710563,-1.1199508040120822
arm,5.46,21377304772284,21377303557501,933,1.214783,4.795693916345765,-3.546695681711742,-2.7167163728373316,0.39931569170977055,1.9741583382249566,-1.118112346249979
arm,5.47,21377314772284,21377310651631,935,4.120653,4.742241960819371,-3.602193373321958,-2.5249771807290227,0.417303386518832,1.8924425874504562,-1.1380637039498247
arm,5.48,21377324772284,21377317279039,936,7.493245,4.765194443790145,-3.5918446497965086,-2.7897806117832706,0.42027311391701566,1.9909993231383052,-1.1349505578149444
arm,5.49,21377334772284,21377330104667,938,4.667617,4.889659351964759,-3.5541023352469376,-2.802602196406731,0.40778249550895584,2.0182700639747226,-1.1194830739638792
arm,5.5,21377344772284,21377341626960,940,3.145324,4.785710941246633,-3.566709868788529,-2.520550606153026,0.39549994841203656,1.8914276681418494,-1.1313376215006925
arm,5.51,21377354772284,21377346952041,941,7.820243,4.740213642319316,-3.5017942937465247,-2.815435842574836,0.4084856731634852,1.9798342749679154,-1.1009476621500487
arm,5.52,21377364772284,21377356190883,942,8.581401,4.751307052877539,-3.45244144426872,-2.9274108426638468,0.4227968904889359,2.015625977062932,-1.075331451689374
arm,5.53,21377374772284,21377371969304,945,2.80298,4.606614247463525,-3.4295491826732865,-2.2661315704414977,0.39290198742659355,1.7429191512534126,-1.078065650786221
arm,5.54,21377384772284,21377383479707,947,1.292577,4.271371557983867,-3.502520331687402,-2.523866035533073,0.4283628937698914,1.7531029254079908,-1.1020641129561024
arm,5.55,21377394772284,21377388140067,948,6.632217,4.335922601743968,-3.4884827371102656,-2.6409669061033942,0.4389688680603545,1.8152550054272538,-1.0918146102095998
arm,5.56,21377404772284,21377402625159,949,2.147125,4.404837600030638,-3.555571294663738,-2.654392247423954,0.4446674781427106,1.8419105015530786,-1.1230906728556236
arm,5.57,21377414772284,21377410677401,952,4.094883,4.92764795791554,-3.596532312914682,-3.1558410980001304,0.439063220090059,2.1467493888579603,-1.1430609590945524
arm,5.58,21377424772284,21377418371015,953,6.401269,4.818304404523403,-3.6504484226977723,-3.125547980332033,0.44839476250035376,2.1107143509373096,-1.164624917348946
arm,5.59,21377434772284,21377429122237,955,5.650047,4.699613468392051,-3.6177989038743092,-2.427306928336775,0.4385045672652691,1.8304849964414434,-1.1560279890050826
arm,5.6,21377444772284,21377443302349,957,1.469935,4.5036005430984325,-3.481153571620879,-2.2520182525602435,0.44179423168736714,1.7158706781681614,-1.0953725956222593
arm,5.61,21377454772284,21377453490659,959,1.281625,4.633906551006987,-3.67818134105578,-2.922959293444652,0.459669250204925,1.984441037637792,-1.1777559731443341
arm,5.62,21377464772284,21377464690472,961,0.081812,4.977596466921838,-3.450033870776879,-3.003504175751884,0.4298145951448756,2.088749436494568,-1.082754207059316
arm,5.63,21377474772284,21377470631939,962,4.140345,4.905190287632083,-3.322547548567513,-2.9031436029251374,0.43392012401884883,2.0337919668085824,-1.025278639245318
arm,5.64,21377484772284,21377481177860,964,3.594424,4.481498119433112,-3.4702778301836794,-2.652161438397409,0.4646812081383005,1.841679960948945,-1.0881288218599796
arm,5.65,21377494772284,21377487935997,965,6.836287,4.599825114863956,-3.506554549903125,-2.6032437942929185,0.47862090660412243,1.854234693836447,-1.1033709093610007
arm,5.66,21377504772284,21377500553600,967,4.218684,4.6692492168748325,-3.6077676066922533,-2.6688487384931774,0.5379741961353732,1.8938831199938644,-1.1361464778300308
arm,5.67,21377514772284,21377510392364,969,4.37992,4.729420488012392,-3.5987691756224294,-2.633530908705677,0.5256821620097342,1.8847015151072115,-1.137486235126455
arm,5.68,21377524772284,21377516458992,970,8.313292,4.461462873223605,-3.470092870554518,-2.3118090922041463,0.4846837890447426,1.7035351059851787,-1.0938915647058585
arm,5.69,21377534772284,21377529774344,972,4.99794,4.045177007175064,-3.630469507779372,-1.8891755974483746,0.491106692189251,1.4468490823167381,-1.1638712963387656
arm,5.7,21377544772284,21377541647481,974,3.124803,4.484387970312963,-3.636472463320652,-1.7655105269543652,0.5191522841242786,1.5058949771476595,-1.1599358015536736
arm,5.71,21377554772284,21377550645965,976,4.126319,4.433385560587655,-3.4821281704347316,-2.5403279457862196,0.5253381869840835,1.7713534814774556,-1.0934629491967776
arm,5.72,21377564772284,21377563997896,978,0.774388,4.277112509237942,-3.4594822534324146,-2.0751486518826496,0.501969494721548,1.5715712212628261,-1.0867690001481456
arm,5.73,21377574772284,21377570400498,979,4.371786,4.179630818926451,-3.5663163019503097,-2.0150767220514822,0.4927492448924091,1.5324421824630206,-1.1410160841973145
arm,5.74,21377584772284,21377579195709,981,5.576575,4.003684527515958,-3.7567767065178974,-2.318877437765381,0.5491916798174746,1.6138865278578545,-1.2171586782372155
arm,5.75,21377594772284,21377591596541,983,3.175743,4.486494893391604,-3.449301131590133,-2.7954718770309586,0.5631906957465286,1.9289934806445848,-1.0782959674519235
arm,5.76,21377604772284,21377596998207,984,7.774077,4.71037736479023,-3.5009722850451275,-2.8239787428955534,0.5541295339698111,2.001664192016027,-1.1051679243233166
arm,5.77,21377614772284,21377608625431,986,6.146853,4.744113721297167,-3.5230167492569695,-2.7913816530649336,0.5097410699880173,2.0116585880010325,-1.1187292957056945
arm,5.78,21377624772284,21377615240186,987,9.532098,4.597372974351361,-3.4742242458248556,-2.5999236273009156,0.49724515390521873,1.9106370535984958,-1.096206956746344
arm,5.79,21377634772284,21377631088315,990,3.683969,4.1039990124725385,-3.5511619020878054,-1.8729546909590318,0.4513797426758022,1.5356641395851776,-1.1444294017718022
arm,5.8,21377644772284,21377643566522,992,1.205762,4.273005262679634,-3.5070825534913785,-1.9313419825505127,0.4479251925403757,1.5965240688084084,-1.1187290678677084
arm,5.81,21377654772284,21377649293684,993,5.4786,4.3226049351868845,-3.455550936292227,-2.450340382101892,0.43491708478552527,1.7928299340879894,-1.1002303658193835
arm,5.82,21377664772284,21377661523593,995,3.248691,4.618666611269984,-3.472460754537941,-2.7275027215651915,0.42129569635719777,1.9679887994265792,-1.1078084324410238
arm,5.83,21377674772284,21377673790871,997,0.981413,4.640589372463392,-3.5627922620585797,-1.9624228232894356,0.4314842678849332,1.7001108343016378,-1.143392372782015
arm,5.84,21377684772284,21377684531412,999,0.240872,4.600395540590811,-3.647912865927307,-2.264733676434995,0.44089358237881693,1.8097401324581621,-1.182648082756692
arm,5.85,21377694772284,21377691054828,1000,3.717456,4.7043260109307,-3.6004298359653886,-2.3114597867442734,0.44280295052850843,1.8577613940037738,-1.159559697698284
arm,5.86,21377704772284,21377695701026,1001,9.071258,4.82026693433085,-3.597386290116469,-2.3623131282145184,0.464563786240026,1.909701048509476,-1.1528268558820465
arm,5.87,21377714772284,21377714165734,1004,0.60655,5.016886563920174,-3.4433555463946717,-2.7138050972139918,0.44255969485625263,2.0933592214077743,-1.091211392318688
arm,5.88,21377724772284,21377718829369,1005,5.942915,4.8974345149685306,-3.4216738440094465,-2.639609383013994,0.44044734569679833,2.040383460572263,-1.0822146332140796
arm,5.89,21377734772284,21377729370094,1007,5.40219,4.687273343432049,-3.470062883709496,-2.411841226806865,0.4064464231580997,1.9110446288932648,-1.1127986011593964
arm,5.9,21377744772284,21377742580469,1009,2.191815,4.944461771555498,-3.4466770654891823,-2.213647372317721,0.4098101953957083,1.9014419888957974,-1.094627064664178
arm,5.91,21377754772284,21377751160392,1011,3.611892,4.901597958180914,-3.4594390115335316,-2.3236280636515456,0.4474655166463507,1.9252167390947763,-1.094160728505327
arm,5.92,21377764772284,21377764112715,1013,0.659569,4.920251701090064,-3.6304627047697497,-2.9395126118172703,0.45546564582914906,2.1482172580088434,-1.1729835220870561
arm,5.93,21377774772284,21377770588197,1014,4.184087,4.8738683533891685,-3.721140745730123,-2.6061240231318425,0.4665102223661906,2.0078081821176643,-1.2091180141075135
arm,5.94,21377784772284,21377782068476,1016,2.703808,4.496520495732055,-3.4654657474737447,-2.0348429081490065,0.4162929069369966,1.6995340707273627,-1.1079319926299551
arm,5.95,21377794772284,21377794664205,1018,0.108079,4.4088521760360475,-3.5499535120208585,-1.9043294116871623,0.439002080514485,1.6286822372735983,-1.1428653303508276
arm,5.96,21377804772284,21377799329602,1019,5.442682,4.507167009706429,-3.5575461951336202,-1.7573555587468401,0.46228982171695376,1.5904993819669548,-1.137527543096487
arm,5.97,21377814772284,21377810996137,1021,3.776147,4.701222581765983,-3.4019953857577807,-2.4247709156089625,0.41851368407194006,1.8641356867109986,-1.0785167118433405
arm,5.98,21377824772284,21377817126865,1022,7.645419,4.730348037287221,-3.4532069310123386,-2.6998541475927196,0.41459349795045575,1.9687776110643849,-1.1048001464470356
arm,5.99,21377834772284,21377830091844,1024,4.68044,4.707621089715926,-3.3850014648260554,-2.5001286836196743,0.42391648062668513,1.8838038442531115,-1.0671097085952792
arm,6.0,21377844772284,21377843422707,1026,1.349577,5.001883598264898,-3.5151935751486523,-2.4126041873057846,0.44897934964871505,1.9163326260806024,-1.1156864737453394
arm,6.01,21377854772284,21377851660578,1028,3.111706,4.841101232807157,-3.3390860950040375,-2.758887936277006,0.4101063085235299,1.9943377945118554,-1.0485966613434987
arm,6.02,21377864772284,21377864372251,1030,0.400033,4.748078550221575,-3.468544414965695,-2.45400745864994,0.43493212820625643,1.8575649603185644,-1.0978869904856134
arm,6.03,21377874772284,21377872093294,1031,2.67899,5.000640434324391,-3.631556931618227,-2.5273016818368665,0.4694275377048743,1.945327068830545,-1.1635211996282273
arm,6.04,21377884772284,21377883919074,1033,0.85321,4.855198248938981,-3.4569381152399976,-2.6008556562730543,0.4451407041934019,1.9405722010801119,-1.0974842507356044
arm,6.05,21377894772284,21377894584679,1035,0.187605,4.906970489915379,-3.472625692088373,-2.662299168338959,0.43079123291890514,1.9794885984020185,-1.1061614563082203
arm,6.06,21377904772284,21377899293786,1036,5.478498,4.999136059458549,-3.6181218106928004,-2.9970755859813423,0.43509246441443816,2.1241802627867843,-1.170912461284704
arm,6.07,21377914772284,21377911475278,1038,3.297006,5.0406025239027406,-3.4975193175939534,-3.018226850277572,0.4340793474921667,2.1388846243471358,-1.1152106281715997
arm,6.08,21377924772284,21377921330436,1040,3.441848,4.61389853471364,-3.4255670680205736,-2.722559760922876,0.4339057031035478,1.9315362493232293,-1.087098969031021
arm,6.09,21377934772284,21377930179069,1041,4.593215,4.678915717368704,-3.34890426792319,-2.500866467988237,0.41179262281154383,1.8643474740792247,-1.057226162875992
arm,6.1,21377944772284,21377941180377,1043,3.591907,4.964802743278679,-3.5563417532712673,-2.6934443637699026,0.46507266357020527,2.0048685724419104,-1.134190237658742
arm,6.11,21377954772284,21377950632460,1045,4.139824,4.736561966513803,-3.471576996186851,-2.8237749948887876,0.46720868026398427,2.0027850958588402,-1.10213122576982
arm,6.12,21377964772284,21377950632460,1045,14.139824,4.736561966513803,-3.471576996186851,-2.8237749948887876,0.46720868026398427,2.0027850958588402,-1.10213122576982
arm,6.13,21377974772284,21377969302889,1047,5.469395,4.690115603676049,-3.333160783405064,-3.1371695974112814,0.43218497577622295,2.111998896877451,-1.0516687775457416
arm,6.14,21377984772284,21377978997579,1050,5.774705,4.72543443187065,-3.5085611697934618,-2.8810347548751025,0.4519545616839272,2.0214103442294435,-1.1245152934139924
arm,6.15,21377994772284,21377990452016,1052,4.320268,4.521911535904197,-3.383338040793061,-2.6780006001194976,0.4503117510771188,1.8961330166234645,-1.0711059457094279
arm,6.16,21378004772284,21378001315309,1054,3.456975,4.612718141698588,-3.6106313225098883,-2.620520731127957,0.48556565046586464,1.891477565156957,-1.163256442934256
arm,6.17,21378014772284,21378014199668,1056,0.572616,4.166129467543333,-3.4863097025907677,-1.9007329576712317,0.4401995751516682,1.5122785635855518,-1.1246517373679494
arm,6.18,21378024772284,21378022304245,1057,2.468039,4.006892936267849,-3.3805161498068546,-1.965664889793859,0.4245401441144978,1.496611647672722,-1.0811567743319732
arm,6.19,21378034772284,21378029984011,1059,4.788273,4.487800538256944,-3.614657908902428,-2.3088488260279907,0.47070233381991156,1.736768720914083,-1.1735474974122937
arm,6.2,21378044772284,21378041852619,1060,2.919665,4.895772132016068,-3.537780161121986,-2.5180089348738988,0.4705328840722001,1.914717946814222,-1.1383158035723515
arm,6.21,21378054772284,21378048315478,1062,6.456806,4.6428966755708485,-3.423315915336827,-2.8716673947414906,0.4758837148737559,1.9854302917522144,-1.094367580513407
arm,6.22,21378064772284,21378061358832,1064,3.413452,4.112632176287722,-3.367541581638661,-1.47350550116994,0.45182748522956545,1.360576108446194,-1.076816519486004
arm,6.23,21378074772284,21378066401914,1065,8.37037,3.8694798162169226,-3.3635058100618394,-1.1255434405008655,0.42550092301838777,1.174028452094364,-1.0841559105125371
arm,6.24,21378084772284,21378078627792,1067,6.144492,4.446837877737583,-3.5218713506506942,-1.8609323465691407,0.4652653389798645,1.5789061761382992,-1.1432651367670839
arm,6.25,21378094772284,21378090383407,1069,4.388877,4.779994702141828,-3.421096690364214,-2.7856798631688298,0.4733756538154358,2.002399381742432,-1.0976640566020068
arm,6.26,21378104772284,21378101226453,1071,3.545831,5.013457044878577,-3.206489894414738,-2.8447679019219874,0.4335645583981991,2.0733247543063253,-1.0064735280114327
arm,6.27,21378114772284,21378113337448,1073,1.434836,4.483258571458515,-3.4805409740718782,-1.8806025559251625,0.4505197292321922,1.5830125816245826,-1.1276167923837161
arm,6.28,21378124772284,21378119174976,1074,5.597308,4.249955513055297,-3.549415953779385,-1.9356603487280468,0.45517399454424784,1.5443810172450552,-1.1598775375997832
arm,6.29,21378134772284,21378129742341,1076,5.029943,4.615132456077838,-3.3858767922130895,-2.309944580918996,0.4579798217260365,1.7659328440490927,-1.0768879654398698
arm,6.3,21378144772284,21378135819826,1077,8.952458,4.693704868056511,-3.3263372182128794,-2.1908674440933265,0.45898326394253064,1.7401000353829532,-1.0470565229390494
arm,6.31,21378154772284,21378148101271,1079,6.671013,4.439494714700646,-3.3405621216415624,-2.2911171987968757,0.43236438399215765,1.72083628185785,-1.0658088722343673
arm,6.32,21378164772284,21378148101271,1079,16.671013,4.439494714700646,-3.3405621216415624,-2.2911171987968757,0.43236438399215765,1.72083628185785,-1.0658088722343673
arm,6.33,21378174772284,21378168693584,1082,6.0787,3.943231533915225,-3.5896575160684843,-1.5097939952244919,0.5132812561081405,1.3133944595475677,-1.1634399732490504
arm,6.34,21378184772284,21378183529154,1085,1.24313,4.594105536544708,-3.477773559079804,-2.1759103678415332,0.46935419038693615,1.7169444111223593,-1.1237173528121553
arm,6.35,21378194772284,21378187705837,1086,7.066447,4.542601036057838,-3.3964476430663284,-2.316978022667653,0.4323076988409362,1.7616979261947192,-1.0975889425805518
arm,6.36,21378204772284,21378199217022,1088,5.555262,4.70325173821723,-3.6512576968173267,-2.878380206768761,0.4926701192171374,2.01538957912108,-1.1984714205146554
arm,6.37,21378214772284,21378211216344,1090,3.55594,4.71355374609666,-3.4638159672223936,-2.4470376038934596,0.48262718661096804,1.8595414727223034,-1.1162237177230452
arm,6.38,21378224772284,21378219880215,1091,4.892069,4.401550195243858,-3.3983005101043386,-2.234084875799267,0.4713233535064217,1.7109404986827788,-1.0925595881814467
arm,6.39,21378234772284,21378234726572,1094,0.045712,4.25218717239113,-3.309093037305307,-2.278388660200641,0.41604717143977754,1.7139926164110222,-1.0649839444076288
arm,6.4,21378244772284,21378234726572,1094,10.045712,4.25218717239113,-3.309093037305307,-2.278388660200641,0.41604717143977754,1.7139926164110222,-1.0649839444076288
arm,6.41,21378254772284,21378251047710,1097,3.724574,4.562382453182035,-3.4491983852461434,-2.7944367316530765,0.4452178331840618,1.9849564614014263,-1.1211551296927194
arm,6.42,21378264772284,21378262493239,1099,2.279045,4.57936733128982,-3.251926367088314,-2.637662915095976,0.4257752480691014,1.9328053220476764,-1.0315115033424773
arm,6.43,21378274772284,21378266782467,1100,7.989817,4.609293321130715,-3.3070483729110967,-2.3897973451830055,0.44429456003335754,1.8422124450100592,-1.0501938151966865
arm,6.44,21378284772284,21378280300521,1102,4.471763,4.633744215647234,-3.473163437809973,-2.4426033277816335,0.4568902092618556,1.8608998883412493,-1.124523114588512
arm,6.45,21378294772284,21378287043589,1103,7.728695,4.555675640204311,-3.4504760915078463,-2.3574578077589265,0.43203682615510547,1.8093011022255368,-1.1249148826476119
arm,6.46,21378304772284,21378300795442,1105,3.976842,4.586412024687023,-3.388948768071299,-2.417774173545305,0.42920524393239134,1.8349165493802924,-1.0992157104068396
arm,6.47,21378314772284,21378310423143,1107,4.349141,4.889077128010107,-3.400728444850709,-2.3088159391331335,0.4500640144529381,1.85981157059126,-1.102147885178302
arm,6.48,21378324772284,21378320962026,1109,3.810258,4.31031262091293,-3.338698917883454,-2.1260909297497763,0.43640391384232535,1.64846839915144,-1.0838164180429057
arm,6.49,21378334772284,21378333035981,1111,1.736303,4.552448587754116,-3.3951615992314172,-2.1771746151114146,0.4561587509391861,1.730086316949553,-1.1038309190783846
arm,6.5,21378344772284,21378337366971,1112,7.405313,4.7115790664456245,-3.3428704163387426,-2.083786615750821,0.4361728685241062,1.7329519597457552,-1.0845645549498506
arm,6.51,21378354772284,21378349471788,1114,5.300496,5.035160788711664,-3.334721078840749,-2.617479058553082,0.442247923657089,2.012561119370365,-1.0778516985836597
arm,6.52,21378364772284,21378361347478,1116,3.424806,4.74430784086739,-3.3275080275124385,-2.6384116221548743,0.42868507332690353,1.952804471630545,-1.0843970562068062
arm,6.53,21378374772284,21378367072387,1117,7.699897,4.506672057613477,-3.3326770207061647,-2.157830209230866,0.4343482329353343,1.7146406640072605,-1.086442280942548
arm,6.54,21378384772284,21378379838631,1119,4.933653,4.704942811100653,-3.3019290938247843,-1.885114691412676,0.44264377982761927,1.6516828684576463,-1.0720156020193963
arm,6.55,21378394772284,21378385195502,1120,9.576782,4.782114505498212,-3.330890528452371,-1.8884872898240557,0.4640071739921044,1.6599311128710916,-1.0825538636017769
arm,6.56,21378404772284,21378403376937,1123,1.395347,5.43026037364625,-3.3159819633734777,-2.749837484340997,0.4885404299411863,2.0950707595480944,-1.0670884094936337
arm,6.57,21378414772284,21378410721855,1124,4.050429,5.61036165511386,-3.3093404750097095,-2.821236726077621,0.5074657633311702,2.1446657055848846,-1.0576070407099096
arm,6.58,21378424772284,21378421971277,1126,2.801007,5.770813978261768,-3.3251731476521535,-2.6018637596244987,0.5283035625955745,2.0610108810640164,-1.06045281127324
arm,6.59,21378434772284,21378432129987,1128,2.642297,6.013470806530272,-3.3306852996358,-2.6577898692447413,0.5545800588868639,2.0977429030952117,-1.0544457937263676
arm,6.6,21378444772284,21378437498342,1129,7.273942,6.109646087245417,-3.3140781002789503,-2.6025036482992316,0.5562065840626835,2.072069221456351,-1.0453957719775466
arm,6.61,21378454772284,21378450171584,1131,4.6007,6.385476898831614,-3.2940092776233034,-2.734512177314197,0.5584274855561149,2.118639095400044,-1.0364103851843147
arm,6.62,21378464772284,21378464738479,1133,0.033805,6.259960392462835,-3.1318176490246654,-2.6397919994731542,0.5130805287164644,1.9908122198673257,-0.9708600129300338
arm,6.63,21378474772284,21378467440748,1134,7.331536,6.370025867442091,-3.1457724456194414,-2.6316631654113394,0.49473810575185606,1.984673612877854,-0.9804372322229186
arm,6.64,21378484772284,21378480889292,1136,3.882992,7.002169269469207,-3.2514387755021272,-2.7609199523502763,0.503342397471928,2.1301139912462874,-1.0203571247069974
arm,6.65,21378494772284,21378490276625,1138,4.495659,7.228689419982551,-3.280522904532473,-2.5898593117408573,0.49507565047212154,2.052622756598759,-1.0334210640185713
arm,6.66,21378504772284,21378503364845,1140,1.407439,7.445941585522436,-3.2871070376214666,-2.820694985292393,0.49294770449092673,2.132285454978738,-1.0327902146070347
arm,6.67,21378514772284,21378513349569,1141,1.422715,7.78303301388378,-3.252540343648837,-2.874154607275338,0.4954478309631557,2.1968740950941035,-1.01427277665999
arm,6.68,21378524772284,21378521158165,1143,3.614119,7.957333434770352,-3.2758644021625116,-2.6466917065298183,0.5153733569538527,2.0981946462760828,-1.0177873789167122
arm,6.69,21378534772284,21378531673368,1145,3.098916,7.846311503804015,-3.2563027748374562,-2.2546137941384297,0.49710480032122495,1.8799772760991658,-1.012330483607081
arm,6.7,21378544772284,21378538024872,1146,6.747412,8.047418706694819,-3.246489394781995,-2.2310762873108456,0.49545882389460133,1.9000750433146372,-1.0071436326375947
arm,6.71,21378554772284,21378547632917,1147,7.139367,8.379341956712599,-3.2797309959906418,-2.400575111934163,0.5049736702994698,2.021763141878103,-1.0189637152377207
arm,6.72,21378564772284,21378564602424,1150,0.16986,8.283824827392518,-3.186932320197765,-2.2426392889733884,0.48855633748853206,1.8710818220840393,-0.9786748273427625
arm,6.73,21378574772284,21378566680805,1151,8.091479,8.15824842523109,-3.1979093818835564,-1.909835099026256,0.4772501693812038,1.6977683883453407,-0.98791482444191
arm,6.74,21378584772284,21378581576993,1153,3.195291,8.33124798433212,-3.2616411326637595,-1.876242871923184,0.48499202446911666,1.7019760247760358,-1.0136363659359904
arm,6.75,21378594772284,21378585442592,1154,9.329692,8.385594260853559,-3.2825769496132384,-1.8482597898750477,0.49419335653291524,1.693146857682488,-1.0199000723220675
arm,6.76,21378604772284,21378603884942,1157,0.887342,8.354819328276403,-3.226901519401382,-1.658155064683727,0.4575442053404793,1.570935714735971,-1.002928924191621
arm,6.77,21378614772284,21378611217476,1158,3.554808,8.416851743852328,-3.2050940611494605,-1.764864510961983,0.45275134705852077,1.6137612897705307,-0.993974113748248
arm,6.78,21378624772284,21378615333067,1159,9.439217,8.37971113165959,-3.316797093638445,-1.6860329293101526,0.47322895861386444,1.564240365741637,-1.0444066922980937
arm,6.79,21378634772284,21378632038649,1162,2.733635,8.532880642846338,-3.202743865326787,-1.6377809700057506,0.45202669672463913,1.561106280473588,-0.9961383587113294
arm,6.8,21378644772284,21378637451705,1163,7.320579,8.539087002887523,-3.1899521863133087,-1.6525502006552557,0.44460928868631094,1.562164401555403,-0.9916165626682701
arm,6.81,21378654772284,21378649898524,1165,4.87376,8.65811189619884,-3.2104952771298607,-1.8152040184863185,0.4484951781148411,1.641247652830817,-0.9988144276101614
arm,6.82,21378664772284,21378663038046,1167,1.734238,8.599767291035262,-3.208493993577714,-1.8406827895161353,0.4388210117481019,1.6247942681848804,-0.9987382738017524
arm,6.83,21378674772284,21378667226400,1168,7.545884,8.58256580324343,-3.2009842021341455,-1.8142060187790787,0.436387727901445,1.6069671703506945,-0.9950699840659527
arm,6.84,21378684772284,21378676768324,1169,8.00396,8.57630968235049,-3.2102194665149035,-1.7739966973038355,0.44681158808779214,1.586074845973452,-0.9960305570860167
arm,6.85,21378694772284,21378693569832,1171,1.202452,8.477356237646996,-3.228524990154747,-1.8236835472102553,0.46334553994322375,1.5695961052044043,-1.0001111956043218
arm,6.86,21378704772284,21378703874845,1174,0.897439,8.49800003164147,-3.2648652927113577,-1.8203545695418386,0.48869075843988347,1.5609749951062053,-1.0100660969042208
arm,6.87,21378714772284,21378710588519,1175,4.183765,8.500817805426397,-3.270091872372297,-1.7670535825763594,0.4928921915002034,1.5406826726860046,-1.011656045543993
arm,6.88,21378724772284,21378720273689,1177,4.498595,8.462042727942682,-3.265958667354072,-1.7654221676067232,0.49036596303811963,1.5287735563211695,-1.0108272064431054
arm,6.89,21378734772284,21378731752932,1179,3.019352,8.366104358421007,-3.242042444928845,-1.831954769574582,0.47693474135887326,1.5249401757064522,-1.0036514540827213
arm,6.9,21378744772284,21378737611007,1180,7.161277,8.403061870177314,-3.2379775049967567,-1.7962285627751204,0.47469995258744274,1.5192942975008095,-1.0022500863540653
arm,6.91,21378754772284,21378752386742,1181,2.385542,8.443058947322193,-3.24769817519867,-1.772094120140102,0.4803902554194648,1.5192525565042723,-1.0053175093071585
arm,6.92,21378764772284,21378763733700,1183,1.038584,8.418764300898143,-3.2379749497036956,-1.8061493199947651,0.48620980679739495,1.52353570420824,-0.9988536869521448
arm,6.93,21378774772284,21378767676968,1185,7.095316,8.426156423418432,-3.2291741502281757,-1.6596941462113577,0.47680034879427186,1.4680329535214844,-1.0001237278810142
arm,6.94,21378784772284,21378780214743,1187,4.557541,8.444474394133602,-3.2381079478088695,-1.7278461680895876,0.4755133663548276,1.4918238190988504,-1.0050397851107005
arm,6.95,21378794772284,21378790607254,1189,4.16503,8.475293275856863,-3.2378367778989,-1.853765048763668,0.4745696654771645,1.5375202242586503,-1.0039452868578562
arm,6.96,21378804772284,21378803395411,1191,1.376873,8.47432063033353,-3.2201778542275314,-1.8524391367577326,0.45794346389724444,1.5329375101163578,-0.9997740116963619
arm,6.97,21378814772284,21378811559096,1192,3.213188,8.473322802576483,-3.2520946507501094,-1.7942751073378538,0.467546256050988,1.5054083519876502,-1.0123163642636195
arm,6.98,21378824772284,21378818774260,1194,5.998024,8.4696239197888,-3.1737822986564335,-1.8170526487721033,0.43183650629489745,1.5048585236034544,-0.9846957546590218
arm,6.99,21378834772284,21378834097430,1196,0.674854,8.475811183411112,-3.3010921280172627,-1.978489959609139,0.451296283671105,1.5585946354112226,-1.039016418221246
arm,7.0,21378844772284,21378837828456,1197,6.943828,8.475645391655659,-3.256195879141724,-1.9235573770562118,0.44771039043301153,1.5340236894048334,-1.0172560276946898
arm,7.01,21378854772284,21378849292619,1199,5.479665,8.697082409801009,-3.2260972301435396,-1.7885265462202866,0.45555822201232893,1.5283207467369473,-0.9982493443194719
arm,7.02,21378864772284,21378863690490,1201,1.081794,8.805390643152103,-3.2195636192657706,-1.5502909240652452,0.4416852302874807,1.4482728927082738,-0.9997736421984876
arm,7.03,21378874772284,21378871606435,1203,3.165849,8.889318081805207,-3.215568069307458,-1.6998761368198998,0.45335193763130854,1.5099087208028699,-0.9914394149104409
arm,7.04,21378884772284,21378880978785,1204,3.793499,8.944260478372765,-3.3102302461270314,-1.519179184170052,0.4676140935850701,1.444802154449574,-1.0333428730776721
arm,7.05,21378894772284,21378893404853,1206,1.367431,8.988504613859378,-3.12443695485616,-1.183193256494158,0.4094261045389674,1.3017690889205595,-0.9586222326007732
arm,7.06,21378904772284,21378901477634,1208,3.29465,9.132118403443403,-3.244263168216475,-1.0071775217360885,0.41958045894847373,1.243549409782164,-1.0135547624311163
arm,7.07,21378914772284,21378907481317,1209,7.290967,9.345335941461725,-3.3045178985072603,-1.204679389383853,0.4419550150539581,1.3575504298378254,-1.0328568326829126
arm,7.08,21378924772284,21378918688154,1211,6.08413,9.615956607433434,-3.2316238908401616,-1.4235340248275767,0.4301103772832111,1.4800535703916167,-0.9971857425439242
arm,7.09,21378934772284,21378931095333,1213,3.676951,9.369450322258022,-3.3102568162240225,-0.8518017838721015,0.42490690068343573,1.1680155114684625,-1.0363693800247475
arm,7.1,21378944772284,21378937365153,1214,7.407131,9.510998004690256,-3.3727157262501013,-0.9542083689571768,0.44161138340430106,1.2239401817168198,-1.0604965514796214
arm,7.11,21378954772284,21378950241625,1216,4.530659,9.786345399200847,-3.3996490751044752,-0.7372369120838443,0.4656725128133625,1.1777905924970242,-1.0630658805857303
arm,7.12,21378964772284,21378960531947,1217,4.240337,9.788670542509145,-3.36066709122472,-0.5537183123708086,0.4537808493786261,1.0974563174291145,-1.048770332224389
arm,7.13,21378974772284,21378971421729,1220,3.350555,10.117870657157734,-3.396143110066224,-0.6386665405928122,0.4576756060186884,1.1650256364323859,-1.0630320886424982
arm,7.14,21378984772284,21378978651163,1221,6.121121,10.12113794922115,-3.419201916862019,-0.4960021552791669,0.45166107027636637,1.0981745437404462,-1.0761389776220467
arm,7.15,21378994772284,21378985412179,1222,9.360105,9.885413669339624,-3.426545847938584,0.0699348414005739,0.45217929403217105,0.8083548773966484,-1.0790327993867086
arm,7.16,21379004772284,21379002068930,1225,2.703354,9.792682791830195,-3.3930246887421327,0.8211022984540833,0.4324589436582465,0.45722360144090574,-1.06821378564429
arm,7.17,21379014772284,21379006878810,1226,7.893474,10.181406170153256,-3.447351115641639,0.3970093160237711,0.45814487936362486,0.699158387743237,-1.0848220219154554
arm,7.18,21379024772284,21379017639717,1227,7.132567,10.51554282650521,-3.438631458962106,0.01229809077110602,0.45763222604048925,0.9063983009062694,-1.0797162019336008
arm,7.19,21379034772284,21379030776866,1230,3.995418,10.280689533255938,-3.4088614749254478,0.48296716838776976,0.4216035608223165,0.6083148443953957,-1.0731204102705056
arm,7.2,21379044772284,21379044766266,1232,0.006018,10.555850605573008,-3.4271139862257276,0.30791820277985693,0.4137626957901491,0.7008369739320293,-1.0816778844417314
arm,7.21,21379054772284,21379050926200,1233,3.846084,10.475145058469648,-3.4484585812480026,0.7675959580360239,0.4211508537887894,0.48202437206286014,-1.0888722328290252
arm,7.22,21379064772284,21379062475980,1235,2.296304,10.2448363927108,-3.4154605562234006,0.9244693642155241,0.3786540265388675,0.3145760868993567,-1.0886108995360178
arm,7.23,21379074772284,21379067194418,1236,7.577866,10.282482702295,-3.42112849800941,0.8292950430533951,0.38170741714783013,0.3374436306584457,-1.0892200794460192
arm,7.24,21379084772284,21379081259141,1238,3.513143,10.586071647815844,-3.4245319837374795,0.7402771111387554,0.3854749322568979,0.4051511990969821,-1.0878097204309345
arm,7.25,21379094772284,21379094611888,1240,0.160396,10.226694682412514,-3.388301316292366,1.5659276516781673,0.36162904478086794,-0.03712023549601987,-1.078837148267115
arm,7.26,21379104772284,21379103321116,1242,1.451168,9.887586175809057,-3.400443115090607,1.8869474101545107,0.32593958600806466,-0.2835353987091845,-1.0966192259548266
arm,7.27,21379114772284,21379107193164,1243,7.57912,10.353929209101452,-3.5003037761596016,1.4352265974085123,0.3546867880044739,-0.014598831419982288,-1.1320875601056586
arm,7.28,21379124772284,21379119531020,1245,5.241264,10.594262888365414,-3.47732030236032,1.5286725881335863,0.34568303902503533,-0.01753310986712191,-1.121206047382141
arm,7.29,21379134772284,21379130654522,1247,4.117762,10.608868763819762,-3.4479789202109545,1.5251285035061695,0.3291760281432397,-0.042971750982161584,-1.110685233986477
arm,7.3,21379144772284,21379144434228,1249,0.338056,11.14906889499765,-3.4528977415093514,1.2702893387859049,0.3231540899072109,0.1635698414688172,-1.1109850683885287
arm,7.31,21379154772284,21379152866986,1250,1.905298,11.194069874751422,-3.4455696485337994,1.6502487134308994,0.32780408303237485,0.01776767250719735,-1.1046645522240093
arm,7.32,21379164772284,21379161740345,1252,3.031939,10.747352089779957,-3.429131830900912,2.164880082213186,0.30396839346024196,-0.3086220561056278,-1.1062127168081373
arm,7.33,21379174772284,21379171700718,1254,3.071566,10.5332023811093,-3.4272113607219503,2.4658740991580776,0.30001973101725776,-0.49395898559922596,-1.1051252875862267
arm,7.34,21379184772284,21379177765969,1255,7.006315,10.932260341767071,-3.4734154683438145,2.009925704369255,0.3219860348700438,-0.2267822024675248,-1.119477153117146
arm,7.35,21379194772284,21379189422951,1257,5.349333,11.404178501027232,-3.463130120332987,1.1824764714981173,0.32721934229005895,0.19523273047325548,-1.1110521835533322
arm,7.36,21379204772284,21379201505861,1259,3.266423,11.098112205302277,-3.4470308613768075,1.5293642279030384,0.31374385655686915,-0.03714141611625576,-1.1088133560362206
arm,7.37,21379214772284,21379207327011,1260,7.445273,10.927389122321337,-3.4557407521861525,1.98378048797296,0.3059137213899405,-0.26222261861499535,-1.116056586721393
arm,7.38,21379224772284,21379218905717,1262,5.866567,10.707817721799769,-3.491479621566246,2.8981777769058406,0.3256218903233354,-0.676462001402994,-1.1241343651082432
arm,7.39,21379234772284,21379227244045,1263,7.528239,10.569930106336153,-3.477251180585991,2.8702582702903805,0.31352377843062057,-0.7005607082460851,-1.1224463936121722
arm,7.4,21379244772284,21379243152966,1266,1.619318,11.271628365456062,-3.506957240169857,1.3118537096695615,0.33150982551088026,0.05383747603271431,-1.1296263714557717
arm,7.41,21379254772284,21379249889342,1267,4.882942,11.331775067602765,-3.4779034474756676,1.460813328378735,0.31344588688301944,0.0036497113209671295,-1.1224421703564154
arm,7.42,21379264772284,21379263913708,1269,0.858576,10.717218620493608,-3.443926842237133,2.179055199731098,0.27872676222168863,-0.4383598112749579,-1.1185684405495016
arm,7.43,21379274772284,21379270670520,1271,4.101764,10.705864741675454,-3.429909692497719,2.4207579478416066,0.26719780553290734,-0.5196231288949058,-1.1165152865161452
arm,7.44,21379284772284,21379277534971,1272,7.237313,11.062509774591962,-3.4511171733906787,1.8860500545417906,0.28502188362200725,-0.21594532429488525,-1.118636183704943
arm,7.45,21379294772284,21379294649414,1275,0.12287,11.09131050456995,-3.3885564220244913,1.6873214154908096,0.2681738446514812,-0.11912841890516822,-1.0951261675583506
arm,7.46,21379304772284,21379299701781,1276,5.070503,10.809590750770866,-3.389985237293672,1.3944509785807329,0.2689440844685759,-0.07476384046463412,-1.0965225328165877
arm,7.47,21379314772284,21379310649691,1278,4.122593,11.42411431675263,-3.397955308666506,1.074683162172217,0.28627490549197904,0.2143702447356465,-1.0941326365780386
arm,7.48,21379324772284,21379321093657,1279,3.678627,11.05892788700735,-3.3435024999148166,1.767616126860471,0.27752201400946214,-0.13247471876859088,-1.0727709346362269
arm,7.49,21379334772284,21379330643463,1281,4.128821,9.780447655840167,-3.1282723798191636,3.3880669637711263,0.2119377059490698,-1.0609977336133987,-0.9955615536133638
arm,7.5,21379344772284,21379341567676,1283,3.204608,9.660110160532435,-3.275194365582476,3.1464994013377567,0.2388401756355481,-0.9872115593213582,-1.0601267074113523
arm,7.51,21379354772284,21379353660500,1285,1.111784,10.45799880817659,-3.3755104406000505,2.0202110333664214,0.26993406837108785,-0.34466997394723825,-1.0969517381708178
arm,7.52,21379364772284,21379353660500,1285,11.111784,10.45799880817659,-3.3755104406000505,2.0202110333664214,0.26993406837108785,-0.34466997394723825,-1.0969517381708178
arm,7.53,21379374772284,21379371717716,1288,3.054568,10.457586303342621,-3.1958081813374943,1.7679554900784658,0.23705159072730775,-0.24626159414957363,-1.0234731508932358
arm,7.54,21379384772284,21379384707056,1290,0.065228,10.851350015456724,-3.4295687085739712,1.3412689684405896,0.2759326823241633,0.026798305177253463,-1.1260583969242286
arm,7.55,21379394772284,21379392899193,1292,1.873091,10.515742710585888,-3.2254084836538293,1.5055398231455694,0.23492452783144108,-0.11284717094530007,-1.0384559976293082
arm,7.56,21379404772284,21379404305799,1294,0.466485,10.040868418940292,-3.165865966023163,1.733084395397693,0.21156896729175192,-0.32922372986440984,-1.022507297610298
arm,7.57,21379414772284,21379409430492,1295,5.341792,10.663606529721234,-3.2036259068305224,1.2275686851661551,0.24618859686732847,0.019788093014032254,-1.0272371867627934
arm,7.58,21379424772284,21379421249644,1296,3.52264,10.995648019536922,-3.228085347081438,0.9923720196665313,0.25699414833413337,0.19682251710644585,-1.034799934161575
arm,7.59,21379434772284,21379433270761,1299,1.501523,10.287645844236248,-3.0947806119831167,1.7394799520341604,0.1973260053697441,-0.26917936784503554,-0.9891346043480537
arm,7.6,21379444772284,21379440418250,1300,4.354034,9.590555916291132,-3.031820454385428,2.638874500122224,0.15711967900481083,-0.7936754367791835,-0.9737428279291706
arm,7.61,21379454772284,21379451624767,1302,3.147517,9.90067582267989,-3.1809710218222693,2.1922000664615013,0.18942770563086211,-0.5417462699462002,-1.0341329303346887
arm,7.62,21379464772284,21379463187151,1304,1.585133,10.298838346311822,-3.232008057721459,1.3203618374573571,0.1933988631254921,-0.0919872036974291,-1.0551656613494804
arm,7.63,21379474772284,21379467729815,1305,7.042469,10.478639433269146,-3.207452231129012,1.1144242315427992,0.18932291229032855,0.034340823097527326,-1.0445201059403375
arm,7.64,21379484772284,21379478883685,1307,5.888599,10.592282017017695,-3.0647970591389293,0.8939527751831089,0.15632913685449415,0.14924469627764989,-0.9861716850836205
arm,7.65,21379494772284,21379494127758,1309,0.644526,10.304844288224364,-3.2139853669620386,1.4067306382702276,0.16101645286312102,-0.11716936680251677,-1.0563588714606713
arm,7.66,21379504772284,21379503276711,1311,1.495573,10.303595752102522,-3.018253114701922,1.5256883264569951,0.12248720894154161,-0.1544460528604082,-0.9688411881578658
arm,7.67,21379514772284,21379509531230,1312,5.241054,10.57853987346316,-3.014916951471928,1.1239964048910276,0.11657151521020548,0.07599866544235075,-0.96825285715585
arm,7.68,21379524772284,21379520599936,1314,4.172348,10.262948975689307,-3.0410182128352434,1.5941853358856748,0.10390123770238312,-0.17857086527371413,-0.9844243214369688
arm,7.69,21379534772284,21379532306599,1316,2.465685,9.908882083714895,-3.0003818334198025,1.6960424505784595,0.06867899141516821,-0.31490987434041834,-0.9770929407980516
arm,7.7,21379544772284,21379538511369,1317,6.260915,10.051007950917603,-3.032834414963556,1.6075152709616722,0.08711877383429702,-0.24533538140203084,-0.9864380781963219
arm,7.71,21379554772284,21379549276480,1319,5.495804,10.909100965192494,-2.971679358557897,0.7128414568508501,0.10000557134607084,0.33110829705093414,-0.9507285227534416
arm,7.72,21379564772284,21379564651455,1321,0.120829,10.404933318883444,-2.901623405204222,1.7907612365001442,0.08085076424872238,-0.20858476268644846,-0.922054336809132
arm,7.73,21379574772284,21379571095355,1323,3.676929,9.379698049829148,-2.9013397473645135,2.62958132432974,0.03538028164158757,-0.7906993173294079,-0.942594154958641
arm,7.74,21379584772284,21379577318052,1324,7.454232,9.487036264009756,-3.1122632342613263,2.1949853524231684,0.07989589391561645,-0.5924343521964929,-1.0324349783166407
arm,7.75,21379594772284,21379591491408,1326,3.280876,10.091419135664825,-3.0618346178983167,1.9315438017832733,0.09751748150411794,-0.32846333003795725,-0.9993592901032992
arm,7.76,21379604772284,21379601979603,1328,2.792681,10.508811989253626,-2.907550256966267,1.0697994315863826,0.09036437647658208,0.10694212658704658,-0.9247193033311318
arm,7.77,21379614772284,21379613152438,1330,1.619846,10.670897333269988,-2.9540338897398195,1.0277944850748344,0.09141356987771179,0.1635966369138317,-0.945770081886498
arm,7.78,21379624772284,21379613152438,1330,11.619846,10.670897333269988,-2.9540338897398195,1.0277944850748344,0.09141356987771179,0.1635966369138317,-0.945770081886498
arm,7.79,21379634772284,21379631848006,1333,2.924278,10.074516724018551,-2.96096024217431,1.787793329501776,0.0751886628466112,-0.2891814474844764,-0.9537675285791481
arm,7.8,21379644772284,21379642489662,1335,2.282622,10.172912693197926,-2.936226427398601,1.7632180377136324,0.06341423955890808,-0.24338950975211127,-0.9489085031574355
arm,7.81,21379654772284,21379653112523,1337,1.659761,11.278011453825203,-2.9786422025270327,0.5153402054649148,0.10280501898660506,0.5316467219767487,-0.9531579611896239
arm,7.82,21379664772284,21379653112523,1337,11.659761,11.278011453825203,-2.9786422025270327,0.5153402054649148,0.10280501898660506,0.5316467219767487,-0.9531579611896239
arm,7.83,21379674772284,21379670787560,1338,3.984724,11.21602206143591,-2.8861836555541576,0.7732995185038781,0.08314329147130319,0.42074989516507394,-0.9147005913913937
arm,7.84,21379684772284,21379681172125,1342,3.600159,10.548966305720725,-2.9145811044319836,1.1811714388658203,0.06823114599706018,0.07603888652515219,-0.9356206334698298
arm,7.85,21379694772284,21379694523722,1343,0.248562,10.433731149488441,-2.94599172978091,1.6077200983660203,0.06876441045816283,-0.11609465786775197,-0.9533845957817105
arm,7.86,21379704772284,21379699527994,1345,5.24429,10.394232191705546,-2.9883414449553287,1.5397981157122402,0.0856357337978922,-0.09550485132017537,-0.9695646372939082
arm,7.87,21379714772284,21379711467550,1347,3.304734,11.034238130434497,-2.948814908216688,0.5031708526311591,0.08257082900623933,0.4741624449029353,-0.9502211247913323
arm,7.88,21379724772284,21379722848109,1348,1.924175,10.75967208679368,-2.9402203719640414,1.1159099454421557,0.07802406158898707,0.1623312006743742,-0.9479562027958996
arm,7.89,21379734772284,21379734180058,1351,0.592226,10.050481055379366,-2.8667807138545895,2.2592202811771784,0.034996864446502275,-0.4776782089636463,-0.9296428605764658
arm,7.9,21379744772284,21379740907692,1352,3.864592,9.90670819149113,-2.902520775739811,2.29709403494365,0.042815457120515654,-0.5270769110365853,-0.9451065492148637
arm,7.91,21379754772284,21379745479340,1353,9.292944,10.406101765814148,-2.938706763628957,1.8525360482634874,0.0602521900030357,-0.21484497939601702,-0.9561564227168239
arm,7.92,21379764772284,21379762934045,1354,1.838239,11.064039486122498,-2.9426215119284,0.9392747600648703,0.07484028176547797,0.31788602687923995,-0.9512075241836456
arm,7.93,21379774772284,21379769378616,1357,5.393668,10.717362609695556,-2.873333578492077,1.1607023969172674,0.05329723655904084,0.13713861095562918,-0.9252384076135747
arm,7.94,21379784772284,21379778692546,1359,6.079738,10.9265825235715,-2.9197323376953253,0.7471880766028013,0.048081398824283625,0.3482970842879475,-0.9505649930334079
arm,7.95,21379794772284,21379785407256,1360,9.365028,11.072181388106923,-2.931215842851367,0.5208249549724105,0.06379664095801912,0.47794395740497025,-0.9488217929082828
arm,7.96,21379804772284,21379804369241,1363,0.403043,10.881109473301835,-2.8013616366367406,1.2768876496525037,0.03281134603993294,0.13504119207700876,-0.8959795988823795
arm,7.97,21379814772284,21379809361825,1364,5.410459,11.131624726307,-2.851734627958539,0.9257936384752241,0.05187341193523124,0.3345099496833745,-0.913703911400872
arm,7.98,21379824772284,21379809361825,1364,15.410459,11.131624726307,-2.851734627958539,0.9257936384752241,0.05187341193523124,0.3345099496833745,-0.913703911400872
arm,7.99,21379834772284,21379833012660,1368,1.759624,10.808010422918281,-2.8656114633025593,1.3345406287142763,0.04915672012236512,0.07326449416640957,-0.9251396214389866
arm,8.0,21379844772284,21379844397814,1370,0.37447,11.095470314200908,-2.8687225242653964,0.8791788650278906,0.0652395355677077,0.3236114087616523,-0.9216069877835468
arm,8.01,21379854772284,21379851572059,1371,3.200225,11.360801675146723,-2.8594661339564693,0.7766182388098786,0.07758548940063682,0.43267790298319486,-0.9117819764336053
arm,8.02,21379864772284,21379864495402,1373,0.276882,10.840988911622201,-2.842610271857708,1.7119319483039706,0.04908314066616927,-0.07353761779486895,-0.9188713750186279
arm,8.03,21379874772284,21379867649305,1374,7.122979,10.403501604785486,-2.8424824944589915,2.287232261393087,0.04464204615585741,-0.41580102275908,-0.9226122443890589
arm,8.04,21379884772284,21379878512999,1376,6.259285,10.711565685400739,-2.8371834394012994,1.4400054264406712,0.047075155820523934,-0.0022085786353493813,-0.9188587592772134
arm,8.05,21379894772284,21379878512999,1376,16.259285,10.711565685400739,-2.8371834394012994,1.4400054264406712,0.047075155820523934,-0.0022085786353493813,-0.9188587592772134
arm,8.06,21379904772284,21379903337641,1379,1.434643,11.389235232153517,-2.8288920916287497,1.0215874358308636,0.07180272347592533,0.33754379876789287,-0.90284168972299
arm,8.07,21379914772284,21379913142500,1382,1.629784,11.18261234981488,-2.8092123762621846,1.0695291648842027,0.07021148829434135,0.2549951847599684,-0.8941169200946903
arm,8.08,21379924772284,21379913142500,1382,11.629784,11.18261234981488,-2.8092123762621846,1.0695291648842027,0.07021148829434135,0.2549951847599684,-0.8941169200946903
arm,8.09,21379934772284,21379932980844,1385,1.79144,11.617050877477903,-2.8168028074555505,0.9482368918230654,0.06486872900197604,0.42584689447912716,-0.8985627006066254
arm,8.1,21379944772284,21379943527950,1387,1.244334,11.318297065201653,-2.815432795793601,1.122099506831006,0.06816872929520379,0.2663727996160937,-0.8993098360951353
arm,8.11,21379954772284,21379946997563,1388,7.774721,11.597966329934017,-2.824308471603705,0.8517137896316875,0.06883605743136759,0.44134515583741546,-0.9037843005614232
arm,8.12,21379964772284,21379964370168,1391,0.402116,11.750919155266606,-2.790743277771284,1.2888731791655357,0.06779070656249805,0.3035596342306801,-0.884470315584839
arm,8.13,21379974772284,21379969269691,1392,5.502593,11.810580347778734,-2.8102577859596956,0.8617828724983395,0.06538312889297503,0.48208547379940386,-0.895482313054148
arm,8.14,21379984772284,21379981233979,1394,3.538305,12.704895106019544,-2.8858172908454063,0.15347065745152333,0.1148086744691857,0.989681958588024,-0.9113000136230688
arm,8.15,21379994772284,21379981233979,1394,13.538305,12.704895106019544,-2.8858172908454063,0.15347065745152333,0.1148086744691857,0.989681958588024,-0.9113000136230688
arm,8.16,21380004772284,21379999962668,1397,4.809616,12.136264632460898,-2.7917291835966167,1.5502193004329565,0.07072687111175308,0.2733532426499163,-0.8813318366065799
arm,8.17,21380014772284,21380010707107,1399,4.065177,11.890690139419442,-2.762017291909473,1.429772540293737,0.05481335393605886,0.2512284174248754,-0.8714208332118186
arm,8.18,21380024772284,21380010707107,1399,14.065177,11.890690139419442,-2.762017291909473,1.429772540293737,0.05481335393605886,0.2512284174248754,-0.8714208332118186
arm,8.19,21380034772284,21380029710230,1402,5.062054,12.900593186321363,-2.7861072845278416,0.9212138137688826,0.08811966816010836,0.7218296425841071,-0.8655366704097219
arm,8.2,21380044772284,21380041580393,1404,3.191891,12.920888178771662,-2.787395302665907,0.46390144182435894,0.07702435263242104,0.8916185404472349,-0.8708543548031838
arm,8.21,21380054772284,21380053275125,1406,1.497159,13.530898053926169,-2.8118889643926073,0.3021753105524847,0.08275093848553686,1.110836995130297,-0.8776321839528013
arm,8.22,21380064772284,21380053275125,1406,11.497159,13.530898053926169,-2.8118889643926073,0.3021753105524847,0.08275093848553686,1.110836995130297,-0.8776321839528013
arm,8.23,21380074772284,21380072166814,1409,2.60547,13.217249577310582,-2.767031442667704,0.6359197127484034,0.03337188433864095,0.8777172795141852,-0.8668446700183008
arm,8.24,21380084772284,21380079266426,1411,5.505858,13.458305827990515,-2.7361452239239474,0.3426277650280169,-0.0012936004764548684,1.0523903430894208,-0.8598203054198627
arm,8.25,21380094772284,21380091175669,1412,3.596615,13.825270753253323,-2.7666447354496198,0.03142628792156079,0.013494468232775475,1.2719863394240092,-0.8672118494409765
arm,8.26,21380104772284,21380103211212,1414,1.561072,13.816481865944638,-2.7179364150622662,0.5884604510371279,-0.00586656032107727,1.0468320646352054,-0.8503925952711944
arm,8.27,21380114772284,21380109426013,1416,5.346271,13.213895757576015,-2.6866309503535204,1.0838758901217485,-0.024858039713192337,0.67736463132969,-0.8461101438796831
arm,8.28,21380124772284,21380115146746,1417,9.625538,13.440486114639638,-2.714987093898178,0.7478861745984066,-0.0174500947183284,0.8679426978448067,-0.8585590496142523
arm,8.29,21380134772284,21380130226723,1418,4.545561,13.961534337865794,-2.7722329819566824,0.18899446833240624,0.016380904516624134,1.2278814638374707,-0.8732794416612798
arm,8.3,21380144772284,21380144103005,1422,0.669279,13.7417110385526,-2.71551987092572,0.4793113624309068,0.00963404932293128,1.0398398439233667,-0.8493341825407078
arm,8.31,21380154772284,21380153175392,1423,1.596892,14.060839807843811,-2.768581326556117,0.42033085973204853,0.03056105429729947,1.1486981298784733,-0.8677877048647259
arm,8.32,21380164772284,21380153175392,1423,11.596892,14.060839807843811,-2.768581326556117,0.42033085973204853,0.03056105429729947,1.1486981298784733,-0.8677877048647259
arm,8.33,21380174772284,21380169792582,1426,4.979702,13.895139200636775,-2.659945487654247,1.1368658122797577,0.001938179432043622,0.8109212793718433,-0.8211168510145829
arm,8.34,21380184772284,21380178654983,1428,6.117301,14.13203296583557,-2.7105096213321924,0.9004590741550623,0.00038982793892491496,0.9617376101152817,-0.8464519009991662
arm,8.35,21380194772284,21380192330229,1430,2.442055,14.935855210057644,-2.7721903754205237,0.11358298279804473,0.025936949972369068,1.4869359072376707,-0.8643613992991612
arm,8.36,21380204772284,21380203803701,1432,0.968583,14.474802048157947,-2.731313557357493,1.0395778758073644,0.005425804121793393,0.9877938483150207,-0.8524218596270392
arm,8.37,21380214772284,21380214033830,1434,0.738454,14.349645000958803,-2.726676129253832,0.7631634972111809,-0.007267863162786351,1.0421245967491979,-0.8584487364641903
arm,8.38,21380224772284,21380219594583,1435,5.177701,14.888742219013809,-2.7627448443484264,0.3311780409523941,0.013209031908004838,1.350869163951471,-0.8667014324399654
arm,8.39,21380234772284,21380232506974,1437,2.26531,15.390228995372148,-2.7369974772881704,0.29896997368454176,0.016733380749057152,1.4945075219438346,-0.8502295153717249
arm,8.4,21380244772284,21380243960304,1439,0.81198,15.893377304866668,-2.755898788158339,-0.365205995756051,0.039577638375990966,1.8698793756971186,-0.8486706476158887
arm,8.41,21380254772284,21380247810748,1440,6.961536,16.125931092103855,-2.770848412007944,-0.4797567354565261,0.04486347551099972,1.971871733808507,-0.8520994258587171
arm,8.42,21380264772284,21380263376243,1442,1.396041,15.770191911673221,-2.7304325578409783,0.4370329037332134,0.02645738608822141,1.5009926176364976,-0.8349732780269445
arm,8.43,21380274772284,21380271153891,1444,3.618393,15.385799731258563,-2.673005342698856,1.0561763166192035,-0.0016369975357246338,1.133352326719703,-0.8162864007259111
arm,8.44,21380284772284,21380278155204,1445,6.61708,15.36829128602297,-2.6893823160847683,1.062560189707225,-0.0028693387989591175,1.1185931710654986,-0.8257973940833063
arm,8.45,21380294772284,21380292864879,1446,1.907405,15.798406839844649,-2.7552865579008667,0.6136354700456638,0.016465956854902836,1.4116791752183862,-0.851227349731035
arm,8.46,21380304772284,21380301499205,1449,3.273079,16.303645865392188,-2.73132285806604,0.017504246595359756,0.02473829907254259,1.7727372115681164,-0.8316978988535718
arm,8.47,21380314772284,21380313920483,1451,0.851801,15.735138927197866,-2.631128847927997,0.7680970022526944,-0.009839396803716914,1.293623508248996,-0.7975632396323329
arm,8.48,21380324772284,21380319249431,1452,5.522853,16.100996768622174,-2.719155318593304,0.5979614923327906,0.008473195286868074,1.4561888901172781,-0.8351522247328389
arm,8.49,21380334772284,21380332790842,1453,1.981442,16.405948119938426,-2.7569703451468897,0.3232106077849002,0.021876753944477176,1.6463271654053686,-0.8455719219283264
arm,8.5,21380344772284,21380343055051,1456,1.717233,16.75584200258711,-2.7300403404510485,-0.1982839093263026,0.009827028068012679,1.9327921714728162,-0.8324133475083519
arm,8.51,21380354772284,21380343055051,1456,11.717233,16.75584200258711,-2.7300403404510485,-0.1982839093263026,0.009827028068012679,1.9327921714728162,-0.8324133475083519
arm,8.52,21380364772284,21380362209183,1458,2.563101,17.16481720538493,-2.752819351227185,-0.8404180779712651,0.026257057736991624,2.287895299275507,-0.8388272978113537
arm,8.53,21380374772284,21380371534761,1461,3.237523,16.765138228605633,-2.7254929638929943,0.38048463349443684,0.0061559674000612515,1.6896288579905867,-0.8300435648596012
arm,8.54,21380384772284,21380384267201,1463,0.505083,16.635503104548242,-2.710164160869047,0.23385399331237605,-0.0014525210630018986,1.7039839801684133,-0.8271555212295353
arm,8.55,21380394772284,21380390372513,1464,4.399771,17.191868845703866,-2.7342891558374736,-0.24787804668322969,0.01362510036529628,2.0527353478720807,-0.8321237409053416
arm,8.56,21380404772284,21380403052039,1466,1.720245,17.44812480170743,-2.763963028099209,-0.37454074809474075,0.02586282367790938,2.1705292832625913,-0.8412916683079491
arm,8.57,21380414772284,21380412051649,1468,2.720635,17.038525526647152,-2.677496694473438,-0.2622174880279017,-0.008028087259662626,1.993874577486212,-0.8133053178063178
arm,8.58,21380424772284,21380421415732,1469,3.356552,17.409409829038363,-2.661609999318387,-0.3390709796625424,0.0005948461322548362,2.125489514950074,-0.7998688276780348
arm,8.59,21380434772284,21380432251507,1471,2.520777,17.755373507473088,-2.8014933593406277,-0.4272935603762101,0.026344843981816825,2.253876928488188,-0.8614291155072573
arm,8.6,21380444772284,21380443306750,1473,1.465534,17.786161038645766,-2.682335871780072,-0.43610409768991093,-0.0022502714068495023,2.2692499663798777,-0.8097384457761855
arm,8.61,21380454772284,21380449194789,1474,5.577495,17.680240950662867,-2.686902277140545,-0.30431754150062823,-0.00795777617330702,2.1892474197242535,-0.8168266516840861
arm,8.62,21380464772284,21380464768774,1476,0.00351,17.772374620931384,-2.7248238927711577,-0.07804698302305416,0.008736071938635324,2.1313288226836833,-0.8290680195155286
arm,8.63,21380474772284,21380471836713,1478,2.935571,17.058503648153675,-2.6805077076379518,0.7557438559418533,-0.019631404995640138,1.6075368849491505,-0.8210065224246481
arm,8.64,21380484772284,21380477448625,1479,7.323659,16.979657596048472,-2.6717857997510976,0.832907637042508,-0.016117446785333393,1.5574203390878165,-0.8163525423729224
arm,8.65,21380494772284,21380492014665,1481,2.757619,17.76712715491627,-2.7319044988783436,-0.04121832061341584,0.014727862435773752,2.137606250574006,-0.8335466914526255
arm,8.66,21380504772284,21380503833673,1483,0.938611,17.906174993061622,-2.696468199155709,-0.30053613823257724,0.010459837864929765,2.2763793895746813,-0.8152205381946223
arm,8.67,21380514772284,21380514172001,1485,0.600283,17.71590749525633,-2.6973020120536066,-0.3940244839169719,0.0060797598180911535,2.2504543634451992,-0.8187063842226056
arm,8.68,21380524772284,21380518906816,1486,5.865468,17.733099029874364,-2.7171588554298385,-0.4274501266214546,0.008344616981322495,2.272372985969432,-0.8298364605207558
arm,8.69,21380534772284,21380534692955,1489,0.079329,18.358023121337812,-2.7053238264181902,-0.6248569590394318,0.03010020589976622,2.5550151847060976,-0.8107662036888562
arm,8.7,21380544772284,21380542943172,1490,1.829112,18.16301728478807,-2.6609323235198725,-0.45857839599645817,0.012536513791601343,2.439331119780738,-0.7958308047697491
arm,8.71,21380554772284,21380547089915,1491,7.682369,17.957791269214923,-2.665472686264903,-0.7494499578112221,0.01435518041589525,2.4966393987232682,-0.7980098009526828
arm,8.72,21380564772284,21380561620322,1493,3.151962,18.082499229427224,-2.66436719289343,-1.0433950583488867,0.0060054226273337065,2.657306516250177,-0.8007588276170448
arm,8.73,21380574772284,21380571736527,1495,3.035757,17.603779017745623,-2.6278656347908775,0.051110970883118494,-0.009498542076049781,2.1074238007077537,-0.7901539912476068
arm,8.74,21380584772284,21380584506226,1497,0.266058,17.865791383572898,-2.643178450833305,-0.6657610789467385,0.0051167167361443975,2.4779909544916037,-0.7928196039128651
arm,8.75,21380594772284,21380591004910,1498,3.767374,18.473699985224883,-2.660326094043124,-1.1566456031171664,0.029120370973761793,2.854265547907399,-0.7898902994498747
arm,8.76,21380604772284,21380601299920,1500,3.472364,18.407534534519364,-2.62564036252679,-0.8143030503884984,0.015124701723047309,2.7154975126877767,-0.7779464024667887
arm,8.77,21380614772284,21380612321261,1502,2.451023,17.63784781951311,-2.5241621344511422,0.0021414846179559914,-0.03979344010145201,2.177743240169089,-0.74942790023404
arm,8.78,21380624772284,21380619686664,1503,5.08562,17.41026478886237,-2.5122049162492694,-0.041927795070520635,-0.05052144769931827,2.1310383896024017,-0.7492279064085349
arm,8.79,21380634772284,21380633695983,1505,1.076301,17.930855761954653,-2.7441306293278136,-0.7109441158046391,0.023263486343191784,2.565281593043094,-0.8402620074831485
arm,8.8,21380644772284,21380644053677,1507,0.718607,17.992368704865633,-2.5917564718301285,-0.6070194076012352,-0.008952283959797342,2.560350537458429,-0.7751419868656291
arm,8.81,21380654772284,21380652472170,1509,2.300114,18.202690092859328,-2.575255836477946,-1.21543904272946,0.006786432363689276,2.859324322939166,-0.7629288251799763
arm,8.82,21380664772284,21380659510858,1510,5.261426,18.633812684607843,-2.606502056714061,-1.693438790837784,0.013039771847087331,3.1752828650978415,-0.7765808442791047
arm,8.83,21380674772284,21380670860335,1512,3.911949,18.441652965496942,-2.588397933224904,-0.6330165887916163,0.0022912218736031702,2.7241471349567714,-0.7702829586684793
arm,8.84,21380684772284,21380676167053,1513,8.605231,18.141095054774144,-2.5614781095492987,-0.10190879943126192,-0.003582456138660939,2.428137395048845,-0.7590250858205384
arm,8.85,21380694772284,21380685620202,1514,9.152082,18.383229879368645,-2.60870707147539,-0.6738464438847872,0.01075735831676174,2.7215873124140537,-0.7797314927759825
arm,8.86,21380704772284,21380698468266,1515,6.304018,18.87121929304637,-2.609531987731055,-1.4152399096353225,0.016234086383472044,3.1592721248988527,-0.7784328430779857
arm,8.87,21380714772284,21380710647577,1519,4.124707,18.0924332750794,-2.5180608445743182,-0.5662519241103837,-0.02186127416850619,2.6027571349040444,-0.7512418020971358
arm,8.88,21380724772284,21380717322246,1520,7.450038,18.029219779817073,-2.5154490500310014,-0.5795954309883304,-0.017136212439761416,2.5930099430054043,-0.747138040976144
arm,8.89,21380734772284,21380730042244,1522,4.73004,18.76802184448335,-2.5848254940186877,-0.802359483994464,0.01586112049774541,2.919992662542346,-0.7668215490821586
arm,8.9,21380744772284,21380744027265,1524,0.745019,18.862660355138857,-2.5789241303319628,-1.158182063525555,0.02028437594708309,3.0983753027141367,-0.7616711254216163
arm,8.91,21380754772284,21380744027265,1524,10.745019,18.862660355138857,-2.5789241303319628,-1.158182063525555,0.02028437594708309,3.0983753027141367,-0.7616711254216163
arm,8.92,21380764772284,21380759974992,1527,4.797292,18.84277954211001,-2.575639273554363,-1.2694348305963492,0.028305044063160763,3.153260071068996,-0.7585316916591893
arm,8.93,21380774772284,21380771501592,1529,3.270692,18.179224696800237,-2.5392608509863863,-0.4293387402961471,-0.00286893746221432,2.646177341734978,-0.7541393590390858
arm,8.94,21380784772284,21380777766643,1530,7.005641,18.010118796840256,-2.558993624853135,-0.16455894270323873,-0.0006215032190875756,2.503900454880292,-0.763710466221826
arm,8.95,21380794772284,21380789659451,1532,5.112833,18.768883808598744,-2.587643657137101,-1.0865076511419565,0.01225380087540233,3.113043937969669,-0.7715588955377483
arm,8.96,21380804772284,21380801144533,1534,3.627751,18.711545049187137,-2.5246979263235714,-0.979416602222005,0.015296232464459146,3.075957123147591,-0.7351600870666203
arm,8.97,21380814772284,21380807552346,1535,7.219938,18.432944174420278,-2.4998548153429483,-0.8833175148398511,-0.001405822391313846,2.9634881035112532,-0.7319765008094913
arm,8.98,21380824772284,21380820972613,1537,3.799671,18.14647879040136,-2.5127441793959098,-0.666489842703652,-0.008113841471548002,2.806477555519644,-0.7444000129719425
arm,8.99,21380834772284,21380829365923,1539,5.406361,18.67149382845081,-2.5446176623122,-1.125810170110458,-0.0004976501300603536,3.162075279295056,-0.7552673095347249
arm,9.0,21380844772284,21380843052770,1541,1.719514,18.893056659471167,-2.5189891307297727,-1.3573338125577366,0.0048913916100285035,3.3387628035786334,-0.7356407379096059
arm,9.01,21380854772284,21380847527582,1542,7.244702,18.717143117061443,-2.4512177453713724,-1.496827975442723,-0.01963301690558325,3.344694664045203,-0.710735406039405
arm,9.02,21380864772284,21380862823225,1544,1.949059,19.0217917019561,-2.6358114804955077,-1.6205118199988773,0.029199651504439605,3.4886923931795537,-0.791645890115306
arm,9.03,21380874772284,21380871264855,1546,3.507429,18.56797937233232,-2.557535327177927,-0.8253178918536153,-0.0032825622839790704,3.0445855223712153,-0.7663080698128344
arm,9.04,21380884772284,21380877261526,1547,7.510758,18.23604071872494,-2.5153855497408504,-0.6288223121813546,-0.01501865445782971,2.8714842675543903,-0.7512978055865445
arm,9.05,21380894772284,21380889802826,1549,4.969458,18.943725734494034,-2.566637628679183,-1.4998359302674313,0.017297825081649534,3.4321114711979748,-0.7632167036707321
arm,9.06,21380904772284,21380902500367,1551,2.271917,19.02574968160987,-2.5556140038356427,-1.422501565252601,0.017132953034541827,3.427539343816088,-0.7556491452648444
arm,9.07,21380914772284,21380913940870,1553,0.831414,18.7065339511458,-2.5261288620856157,-1.1960631160948139,-0.005629909650672659,3.2381750238466958,-0.7542185569180643
arm,9.08,21380924772284,21380919574170,1554,5.198114,18.878759417648133,-2.565686235206648,-1.292730515091708,0.013251745572560671,3.3294519767392323,-0.7671827218932636
arm,9.09,21380934772284,21380931874761,1556,2.897523,19.136899718673003,-2.5518721437618024,-1.221585444273435,0.011537263925255786,3.3824556251460893,-0.7580971942965203
arm,9.1,21380944772284,21380943280472,1558,1.491812,18.631507694840277,-2.497323464854667,-0.8576617855542356,-0.025435409528133848,3.0876347310072862,-0.7439876366266083
arm,9.11,21380954772284,21380950603555,1559,4.168729,18.74770164323392,-2.4961481210102106,-1.0759680648861194,-0.024728826719864826,3.2069853363512326,-0.7419204413303236
arm,9.12,21380964772284,21380961672658,1561,3.099626,19.44056927713138,-2.5872300628467753,-1.9450366443986968,0.006041680113819534,3.759779622715365,-0.7760819673921413
arm,9.13,21380974772284,21380971574264,1562,3.19802,19.653468251373056,-2.5955421767520748,-1.9265357553273945,0.02333270755047574,3.8183993877758704,-0.7726923993624295
arm,9.14,21380984772284,21380979544349,1564,5.227935,19.275548292167464,-2.4790270434989004,-1.6272892577401232,-0.011416121830547677,3.594413466685305,-0.7288763139723838
arm,9.15,21380994772284,21380991587363,1566,3.184921,19.42989347505479,-2.501699505574437,-1.810817758062864,0.013688693537032103,3.7207239121883138,-0.7300139109530053
arm,9.16,21381004772284,21380995732594,1567,9.03969,19.638627834649895,-2.5526928524825294,-2.0086968110325634,0.023759009520028462,3.8700439493531977,-0.7529433096877867
arm,9.17,21381014772284,21381014098674,1570,0.67361,18.86645232033913,-2.47609647973776,-1.1656404873901782,-0.012075739885319504,3.331368501382901,-0.7272589710666991
arm,9.18,21381024772284,21381021692064,1571,3.08022,18.909349516447982,-2.4680364284290333,-1.508013497021542,-0.014280477328929994,3.4874713054255726,-0.7267645027562009
arm,9.19,21381034772284,21381031324304,1573,3.44798,19.327440028812447,-2.4953164557369143,-1.8487190214912748,0.005108146730556406,3.7697021446206658,-0.7329189995563363
arm,9.2,21381044772284,21381041062991,1574,3.709293,19.262548485852,-2.4616744756012245,-1.5582288519616,-0.004643835758506025,3.6441003072706817,-0.7199699154682648
arm,9.21,21381054772284,21381049768881,1576,5.003403,18.967302031564156,-2.42152593089186,-1.4423122833145239,-0.01685991617002455,3.5229435737685124,-0.7065615818583734
arm,9.22,21381064772284,21381061938591,1578,2.833693,19.64042309737344,-2.4634323224508776,-1.9078187341211181,-0.0007125210931491411,3.9325075927650337,-0.7203293499209799
arm,9.23,21381074772284,21381067207059,1579,7.565225,19.83253136876918,-2.4761376135136115,-1.7944815689141145,0.00907019140492862,3.9560357485102076,-0.7213714547266146
arm,9.24,21381084772284,21381078679047,1581,6.093237,19.461709169542804,-2.4413166406265008,-1.6122606786272895,-0.01005450168679946,3.777248290673682,-0.7154597061490987
arm,9.25,21381094772284,21381092385117,1583,2.387167,19.141232735371197,-2.3634393521519548,-1.615838589874904,-0.027061905653908508,3.686736889736801,-0.6842088656821369
arm,9.26,21381104772284,21381103989349,1585,0.782935,19.51603725466269,-2.407477882833398,-1.6518389032868928,-0.01321411574669495,3.832077168690883,-0.7004792037918504
arm,9.27,21381114772284,21381111655356,1587,3.116928,18.775805437487843,-2.351506690165474,-1.0257729194838892,-0.041313229751974496,3.374488916548341,-0.6847820792145997
arm,9.28,21381124772284,21381118349797,1588,6.422487,18.62791089697706,-2.3264423349942924,-1.2019757122581112,-0.04614904464303447,3.4024423582178556,-0.6749669393901464
arm,9.29,21381134772284,21381130195636,1590,4.576648,19.53217198659151,-2.341636470938323,-2.00379823291089,-0.020242160393784098,4.0072465143449705,-0.6710672763891791
arm,9.3,21381144772284,21381144741002,1592,0.031282,19.96289017148731,-2.329188730164024,-2.09524178944106,-0.0077634602544326674,4.189605159222396,-0.6591067192284117
arm,9.31,21381154772284,21381148147040,1593,6.625244,19.681144441895423,-2.2836579235280308,-1.8492710677260977,-0.02132102003365155,4.010433649682598,-0.6438007089328408
arm,9.32,21381164772284,21381159503142,1595,5.269142,19.543506009412994,-2.210285235564343,-1.7129039064083338,-0.042632955663762045,3.918969798245925,-0.6160745589784682
arm,9.33,21381174772284,21381167929196,1596,6.843088,19.78272775189381,-2.166310970773009,-1.8896774955368398,-0.045611661407023815,4.072687911318081,-0.5909147454310502
arm,9.34,21381184772284,21381184494995,1599,0.277289,19.266462004362925,-2.0537347173032434,-1.8322741671480298,-0.08181259881050014,3.9014000622727774,-0.5498861129681525
arm,9.35,21381194772284,21381189534889,1600,5.237395,19.26357441616408,-2.069568098386871,-2.0990965552645773,-0.06930384199752024,4.008030505851897,-0.5546503079408645
arm,9.36,21381204772284,21381195458205,1601,9.314079,19.6606072558006,-2.078644840874488,-2.33608782518328,-0.05624200556362493,4.2375291254126255,-0.5555931799990409
arm,9.37,21381214772284,21381213088988,1604,1.683296,19.76013529636215,-1.8452662888952367,-2.1111571831750315,-0.084726609351957,4.220887318426102,-0.44604300443281286
arm,9.38,21381224772284,21381213088988,1604,11.683296,19.76013529636215,-1.8452662888952367,-2.1111571831750315,-0.084726609351957,4.220887318426102,-0.44604300443281286
arm,9.39,21381234772284,21381227887066,1606,6.885218,19.4400997207893,-1.8199975627215235,-2.081500551298106,-0.1093466366645905,4.144248223932007,-0.44995476190967376
arm,9.4,21381244772284,21381243951523,1607,0.820761,19.87369290100822,-1.8422560529480883,-2.3972568183542475,-0.09721088659506787,4.426941849211186,-0.454479248819794
arm,9.41,21381254772284,21381247703552,1610,7.068732,19.4145721230146,-1.909641460735162,-2.431689511230156,-0.08696161383635369,4.40277665754885,-0.4907206627134581
arm,9.42,21381264772284,21381260033192,1612,4.739092,18.759864073338875,-2.3092693338288197,-2.4623300940971404,-0.030145177242424454,4.302789441422721,-0.6897866879176698
arm,9.43,21381274772284,21381271028773,1614,3.743511,18.789646812516427,-3.00765865407853,-2.4615802789633556,0.14246208658705595,4.409598809246521,-1.0029574691845693
arm,9.44,21381284772284,21381278226984,1615,6.5453,18.49211628327485,-2.813688381356007,-2.607428299592675,0.10471553834274452,4.400963895628177,-0.9293622750326789
arm,9.45,21381294772284,21381291406468,1617,3.365816,17.900474677583414,-2.7064878039107834,-2.6620858423600917,0.0980602135278494,4.249744053199635,-0.9054817515409539
arm,9.46,21381304772284,21381295274761,1618,9.497523,18.211346369211917,-2.7720863222641268,-3.1565015275511206,0.14145830088037364,4.545132456886406,-0.9308456101697381
arm,9.47,21381314772284,21381313254692,1621,1.517592,19.236879422275713,-2.244359269846206,-3.60262218150002,0.06175236744054502,5.029308468416666,-0.6939347508581634
arm,9.48,21381324772284,21381319085431,1622,5.686853,18.714776547247915,-2.092121461644271,-3.364690670451111,0.02889474630024811,4.763736631813905,-0.633267067346802
arm,9.49,21381334772284,21381331075341,1624,3.696943,18.709665844875413,-2.258929536611256,-2.805037097308176,0.06252438547747033,4.527799995285039,-0.7175222415017484
arm,9.5,21381344772284,21381343279150,1626,1.493134,19.077266677365134,-2.292116140125715,-2.9972552111935267,0.08678164402803086,4.710723842806779,-0.7256806605733868
arm,9.51,21381354772284,21381347957070,1627,6.815214,18.770066266856468,-2.024975386095021,-3.098212976467256,0.021765742135563492,4.64593251133378,-0.6092404290351388
arm,9.52,21381364772284,21381364189916,1629,0.582368,18.439298411541305,-1.73710953597433,-3.1988757084956463,-0.06373476885464238,4.5646516525827385,-0.49203869189893373
arm,9.53,21381374772284,21381372776433,1631,1.995851,19.279392898231155,-1.7697370986635341,-3.624830876803316,-0.03101302523840966,4.990455638214757,-0.4862016075868897
arm,9.54,21381384772284,21381383091785,1633,1.680499,19.551796885072342,-1.5796500208636803,-3.9934579451839864,-0.08230618288727624,5.211655710232529,-0.3930470010389877
arm,9.55,21381394772284,21381394342869,1635,0.429415,19.10406017221713,-1.5545328109806604,-3.6294926311576967,-0.11385076042946392,4.92224210841103,-0.38903349608033444
arm,9.56,21381404772284,21381399127318,1636,5.644966,19.542343028826735,-1.6327386617737771,-3.846904947321623,-0.08207805303876227,5.148793033585218,-0.4101260347356537
arm,9.57,21381414772284,21381411098790,1638,3.673494,19.913893133108978,-1.7023799808694227,-3.781223081110569,-0.062286648132936114,5.241837426350876,-0.4335628908559427
arm,9.58,21381424772284,21381418394638,1639,6.377646,19.442390345560046,-1.7300629572788144,-3.843989794317581,-0.05838856604529733,5.114498536445325,-0.45248501565935645
arm,9.59,21381434772284,21381429212822,1641,5.559462,19.479335896314957,-1.8148621309258601,-4.061450427547026,-0.010650020735227932,5.211265862246164,-0.4775667343800661
arm,9.6,21381444772284,21381444134629,1643,0.637655,19.74630404814843,-1.6762787000223256,-4.104811518067801,-0.040777755855245484,5.315349611409104,-0.4160719530805009
arm,9.61,21381454772284,21381452148789,1645,2.623495,19.48712017212086,-1.874233908067045,-4.19949481902283,0.015901639994811496,5.264782618102052,-0.5074874746648025
arm,9.62,21381464772284,21381458519876,1646,6.252408,19.43915358263584,-1.77544679994184,-4.02139365293351,-0.0008455722706018885,5.176557184108271,-0.4597187433450916
arm,9.63,21381474772284,21381472764122,1648,2.008162,19.998651393890132,-1.7387127496690717,-4.372990415116972,-4.489063212759092e-05,5.5017917939170875,-0.44268407165579693
arm,9.64,21381484772284,21381481384847,1650,3.387437,20.161639487370582,-1.6094785778566918,-4.454880551577535,-0.021068080494702206,5.589051595519483,-0.3791902779714405
arm,9.65,21381494772284,21381490664879,1651,4.107405,19.68131903953249,-1.5086908291047154,-4.096614646666416,-0.05052466700903037,5.295317036072163,-0.3392050661863803
arm,9.66,21381504772284,21381498973782,1653,5.798502,19.90469838539579,-1.5394937926554326,-4.364211065543642,-0.04845669958220074,5.476651574459068,-0.3579855802375718
arm,9.67,21381514772284,21381511607400,1655,3.164884,20.222112378019034,-1.4539963659250041,-4.47429827163676,-0.065906032177365,5.635805147458297,-0.3166258845793106
arm,9.68,21381524772284,21381523746130,1657,1.026154,19.66182241877413,-1.3732020121668416,-4.6250951261284285,-0.08721397359745774,5.518518501577732,-0.2886594715165222
arm,9.69,21381534772284,21381533372284,1659,1.4,20.364230995076305,-1.4146076475786995,-4.723764465827083,-0.06289395612611914,5.785501242184157,-0.29606041715876286
arm,9.7,21381544772284,21381541993629,1660,2.778655,20.203621848182557,-1.4291953340029007,-4.421925577724419,-0.06246683363885082,5.622265017386144,-0.308488507738455
arm,9.71,21381554772284,21381550846969,1662,3.925315,19.628197340386535,-1.2908278835064486,-4.494706222496033,-0.09696009882158572,5.476291486257513,-0.25167114046222033
arm,9.72,21381564772284,21381564635390,1664,0.136894,19.90289367240755,-1.2809226200157058,-4.465638318247707,-0.09166895959695417,5.571324222065157,-0.2476212902344312
arm,9.73,21381574772284,21381567669953,1665,7.102331,20.403318854194364,-1.5135534118041745,-5.22102907358014,-0.015284590240855307,6.049048093794241,-0.3457824831778413
arm,9.74,21381584772284,21381581483063,1667,3.289221,20.79756177070124,-1.3324325727616233,-5.477862263969245,-0.04621009309293699,6.297346309730992,-0.2554377275821517
arm,9.75,21381594772284,21381591044820,1669,3.727464,19.409492078498083,-1.2758579932946352,-4.194893682688447,-0.07403970364905998,5.3623086516876395,-0.25498304785869425
arm,9.76,21381604772284,21381597336956,1670,7.435328,19.50935011165814,-1.403178859802902,-4.322059877821945,-0.02891989368627457,5.458529091348031,-0.30758430942596354
arm,9.77,21381614772284,21381610342304,1672,4.42998,19.815761214671337,-1.121774023693332,-4.44742490905444,-0.09770471370553412,5.642888086397575,-0.1796083667343626
arm,9.78,21381624772284,21381616131976,1673,8.640308,19.38613489166794,-1.0164118717057802,-4.312370966680935,-0.12313461743924568,5.469741433055255,-0.13906273496955004
arm,9.79,21381634772284,21381633360985,1676,1.411299,20.081922083345656,-1.1575759204557636,-5.3107668102609615,-0.06208055523130886,6.135054351922265,-0.18937885655599385
arm,9.8,21381644772284,21381641549989,1677,3.222295,20.09302560943674,-1.1816962667754327,-5.303563823238924,-0.05204174824013408,6.159111939827491,-0.20257297137117714
arm,9.81,21381654772284,21381650704841,1679,4.067443,19.64423836417755,-1.190415222934117,-5.356984616509315,-0.03982383495505261,6.056615166567255,-0.21096309983633862
arm,9.82,21381664772284,21381663517719,1681,1.254565,19.697149656686967,-0.8932814583639613,-5.003873352350769,-0.1190804441114681,5.97743413421831,-0.08207717309329503
arm,9.83,21381674772284,21381671155530,1682,3.616754,20.030154106116044,-0.8493562118605381,-5.339572730387656,-0.11993137284682308,6.2430742057799335,-0.054952197997809475
arm,9.84,21381684772284,21381678915052,1683,5.857232,20.12337912152212,-0.9178151569870501,-5.733738383049172,-0.10284788840323987,6.447929866571229,-0.08404369826687547
arm,9.85,21381694772284,21381693516416,1686,1.255868,18.314947762342367,-0.9662494915801587,-4.497730671960413,-0.12224048807126045,5.409321730549436,-0.13377819772754213
arm,9.86,21381704772284,21381698660530,1687,6.111754,18.67897540666342,-1.1299657597925357,-4.998251323678995,-0.0595395775636864,5.740063156874729,-0.19673241250443704
arm,9.87,21381714772284,21381710999847,1689,3.772437,19.917784331270763,-1.081308135949371,-5.37619627789348,-0.04464727238886678,6.330613828567604,-0.16211097417375914
arm,9.88,21381724772284,21381724046999,1691,0.725285,19.328946355724295,-0.9305644291094562,-6.106175405846223,-0.06680372995361228,6.452632457295551,-0.1026052342257761
arm,9.89,21381734772284,21381730370184,1692,4.4021,19.645448246919308,-0.8190725987406966,-6.19882355502173,-0.09566223000907555,6.596045087075369,-0.04928344486435782
arm,9.9,21381744772284,21381742986637,1694,1.785647,19.461994570754023,-0.8919720556858878,-5.2440076671423235,-0.08449101597716345,6.178421386441314,-0.09489997256849649
arm,9.91,21381754772284,21381753581420,1696,1.190864,18.85332111647909,-0.9041657931043441,-5.97227641063806,-0.08141805711833534,6.271808404600244,-0.10319857107902451
arm,9.92,21381764772284,21381759573772,1697,5.198512,18.93003195688679,-0.6277712717046318,-5.710101716118024,-0.15428377707720806,6.197319110726358,0.02395248805314038
arm,9.93,21381774772284,21381771469511,1699,3.302773,19.151549700757506,-0.905279114764229,-5.861424908304783,-0.05713237528622978,6.35674426506695,-0.09683672232816039
arm,9.94,21381784772284,21381781509417,1701,3.262867,19.45573592425092,-0.9329228909930063,-6.348636336451114,-0.059474564581785024,6.654866155813838,-0.1125441334108709
arm,9.95,21381794772284,21381794766771,1703,0.005513,18.392210100258435,-0.7370978282498364,-5.409240582005185,-0.11919731199834044,5.944700636164286,-0.03872815771846374
arm,9.96,21381804772284,21381799651193,1704,5.121091,18.654571996033056,-0.8454633760424274,-6.0380886842992165,-0.07875642187343039,6.287860302121707,-0.0815473160506791
arm,9.97,21381814772284,21381810927299,1706,3.844985,19.502398873314636,-0.6762794130119711,-6.062209564291695,-0.11805713233059091,6.597173274314323,0.00026648138514603177
arm,9.98,21381824772284,21381817943195,1707,6.829089,19.17686579787009,-0.6120248436888917,-6.125364701491295,-0.1242780159618022,6.5306643751658715,0.026548094111320204
arm,9.99,21381834772284,21381830048167,1709,4.724117,19.059937365295927,-0.7652279586684136,-7.016671295243487,-0.06837493796566817,6.848148154368927,-0.03672811202260217
arm,10.0,21381844772284,21381834937311,1710,9.834973,19.48966815013654,-0.783241171844015,-6.479437799706545,-0.0633401576001326,6.782176327513365,-0.04296841697702763
arm,10.01,21381854772284,21381848319478,1712,6.452806,19.057913959098062,-0.5959691438949978,-6.358296172843218,-0.10562812399167128,6.6141525072511556,0.034831180351803145
arm,10.02,21381864772284,21381860218930,1714,4.553354,18.800378469803825,-0.5155933952304238,-6.3739039438853915,-0.13569597959819035,6.533635540601228,0.06850232919323203
arm,10.03,21381874772284,21381871358458,1716,3.413826,19.27519791132784,-0.6395362514411882,-6.582034903742939,-0.08915365099193452,6.81017089731236,0.01804152783407666
arm,10.04,21381884772284,21381878486026,1717,6.286258,19.676871779991316,-0.8643679042430429,-7.294098696944077,-0.023139242988537635,7.234358075047787,-0.07906265899640837
arm,10.05,21381894772284,21381890261494,1719,4.51079,18.835418164766995,-0.5498122032587204,-5.978670206725442,-0.13939149437644754,6.437002937402915,0.04229737749147386
arm,10.06,21381904772284,21381895179487,1720,9.592797,18.547279238529576,-0.575869104205111,-6.059102452824367,-0.12320122448790972,6.386305489675251,0.028519055302175494
arm,10.07,21381914772284,21381910179229,1722,4.593055,19.818943783217758,-0.6098012277793085,-7.247283746909587,-0.08924787647932057,7.2990290256341375,0.030086590801356315
arm,10.08,21381924772284,21381919572127,1724,5.200157,18.88388426753359,-0.35715386371115776,-6.432465541843206,-0.14734972524786144,6.693887429839188,0.13157210519920085
arm,10.09,21381934772284,21381931069049,1726,3.703235,18.533652475141565,-0.4800470234904401,-7.038519351304027,-0.11219543479247737,6.82443360915787,0.07101816857841772
arm,10.1,21381944772284,21381935756627,1727,9.015657,19.19868610128607,-0.5027918698441746,-7.2723260200239475,-0.10126350489606635,7.157137617793507,0.06500614664039354
arm,10.11,21381954772284,21381953507093,1729,1.265191,19.294994188640214,-0.45259353267601166,-6.910051393587236,-0.09029543816079029,7.087664125039141,0.0945631159149464
arm,10.12,21381964772284,21381964256854,1732,0.51543,18.58357299118329,-0.1998182122264342,-6.662750410631928,-0.16488968767092418,6.784167585770103,0.20128726302766325
arm,10.13,21381974772284,21381969160797,1733,5.611487,18.570846489205376,-0.3077097945195776,-6.2960732192161135,-0.1273252602991868,6.656376721910823,0.15490865569250414
arm,10.14,21381984772284,21381981550947,1735,3.221337,18.944058622150653,-0.5357397373849822,-7.102911628456745,-0.061058803107027396,7.145060191555906,0.051392771821595094
arm,10.15,21381994772284,21381994434411,1737,0.337873,18.066838484482115,-0.28616646735149015,-6.472832917301664,-0.14003631953967785,6.640367394061196,0.1520620465147709
arm,10.16,21382004772284,21381998687127,1738,6.085157,17.903291759381325,-0.22287674141227132,-6.5855858560508125,-0.16060410025698527,6.656158512398278,0.17453794148073606
arm,10.17,21382014772284,21382010841446,1740,3.930838,18.948115152038483,-0.3352041157450952,-7.648980389535296,-0.11507357326383168,7.479427213580259,0.1328111860603395
arm,10.18,21382024772284,21382018415289,1741,6.356995,18.742812749481686,-0.3581047425442242,-7.39057088120756,-0.10797918450192816,7.337201448161232,0.11781098224366687
arm,10.19,21382034772284,21382034686934,1744,0.08535,18.345842869271497,-0.30196278597392784,-7.547296277366681,-0.12936916524473444,7.322127454518152,0.13027738005204123
arm,10.2,21382044772284,21382034686934,1744,10.08535,18.345842869271497,-0.30196278597392784,-7.547296277366681,-0.12936916524473444,7.322127454518152,0.13027738005204123
arm,10.21,21382054772284,21382048773401,1746,5.998883,18.293648803783164,-0.18572900604043033,-7.22907666748606,-0.1451730791863675,7.2269478655073796,0.1873239112061031
arm,10.22,21382064772284,21382059934550,1748,4.837734,18.109061090705765,-0.22254128765165318,-7.812106508244207,-0.1315275631351014,7.425538650181859,0.16586006224534958
arm,10.23,21382074772284,21382071311960,1750,3.460324,17.903721544232422,-0.06513913361227491,-7.177266549021049,-0.170465329471784,7.134396708710542,0.23812195349859513
arm,10.24,21382084772284,21382078381552,1751,6.390732,17.944663295169196,-0.07977682939895393,-7.3180047796418926,-0.1613407437456029,7.213686161403563,0.2335732488468664
arm,10.25,21382094772284,21382094160539,1753,0.611745,17.91025784815295,-0.051233138055524825,-7.457994954941678,-0.18144782091559003,7.262588076827081,0.23820074895902874
arm,10.26,21382104772284,21382101443426,1755,3.328858,18.155202620860674,-0.18529259082377897,-7.412574501447362,-0.12663379847359704,7.345013221603492,0.1823782969138326
arm,10.27,21382114772284,21382112187255,1757,2.585029,18.03387336193101,-0.08557081064482479,-7.816119875008782,-0.1727880691524516,7.455448621197422,0.21813117178053906
arm,10.28,21382124772284,21382112187255,1757,12.585029,18.03387336193101,-0.08557081064482479,-7.816119875008782,-0.1727880691524516,7.455448621197422,0.21813117178053906
arm,10.29,21382134772284,21382132144416,1760,2.627868,18.356694047372002,-0.027056887242342658,-8.052987188650464,-0.169034115605895,7.660866219019704,0.2521603199362136
arm,10.3,21382144772284,21382141567195,1761,3.205089,18.301234026735017,0.03687950648365497,-8.161497174035826,-0.19538030025339434,7.672373844074842,0.2766316836970797
arm,10.31,21382154772284,21382148634483,1762,6.137801,18.328088460084118,0.26742152604487207,-7.976289833207741,-0.2615846704944879,7.594923460666734,0.38412061190204005
arm,10.32,21382164772284,21382164767822,1765,0.004462,18.770277542671092,0.09380566390777094,-8.592236798496183,-0.20246571012314163,7.97077661605304,0.3131058936080561
arm,10.33,21382174772284,21382171280122,1767,3.492162,18.629497838695595,0.11105868154733355,-8.245114042991984,-0.20888768292650844,7.7589016192305715,0.3184244075708395
arm,10.34,21382184772284,21382171280122,1767,13.492162,18.629497838695595,0.11105868154733355,-8.245114042991984,-0.20888768292650844,7.7589016192305715,0.3184244075708395
arm,10.35,21382194772284,21382189758183,1769,5.014101,19.184130316425986,0.22741315319139177,-8.671664125602438,-0.22472362418563427,8.103330604919728,0.37969335060745457
arm,10.36,21382204772284,21382202928745,1771,1.843539,19.36004027086002,0.24009698617694966,-9.049149044878277,-0.22992978015401513,8.297532518282793,0.3813725145487823
arm,10.37,21382214772284,21382213141153,1773,1.631131,19.29257113286437,0.46586026672771996,-9.003482157665227,-0.2894445375828431,8.24006440867865,0.4836947921356896
arm,10.38,21382224772284,21382220199583,1774,4.572701,19.405809407941106,0.49267353927362784,-9.162087317557656,-0.29693294618588584,8.334419758851967,0.4962124552576369
arm,10.39,21382234772284,21382232403255,1777,2.369029,19.22548675436467,0.4939354984957352,-8.931312934637113,-0.2920247133328553,8.1645163876232,0.49575877029376286
arm,10.4,21382244772284,21382237210145,1778,7.562139,19.454037710281398,0.43230693312906704,-9.312026495198243,-0.2705316225674786,8.39111755099448,0.4703200369038529
arm,10.41,21382254772284,21382250770431,1780,4.001853,19.65040777504242,0.5784805103887933,-9.210313322436843,-0.29638214527547674,8.400113729903223,0.5449539914515553
arm,10.42,21382264772284,21382263081766,1782,1.690518,19.83498261380667,0.4887325574841239,-9.495394334062917,-0.26683196935607933,8.562465159246237,0.4995107147351982
arm,10.43,21382274772284,21382267820278,1783,6.952006,19.822741104879015,0.5499605349006913,-9.780288701330837,-0.28482771990570677,8.669107886415736,0.527585934246623
arm,10.44,21382284772284,21382276513513,1784,8.258771,20.05855836422793,0.6647860707100344,-9.83256366613235,-0.3068774753284905,8.767704229381188,0.5864729735139803
arm,10.45,21382294772284,21382291739075,1787,3.033209,20.189952605313483,0.6897103904269155,-10.185028186977812,-0.30485150672564004,8.932509439444749,0.5924835832015233
arm,10.46,21382304772284,21382304594061,1789,0.178223,19.98500329987908,0.7340076077133609,-9.705848879835367,-0.3084264531115292,8.661730797685971,0.6115416263727584
arm,10.47,21382314772284,21382313490135,1790,1.282149,20.142011572639493,0.5752970047568164,-10.056891912645545,-0.2547114296957441,8.854141844408222,0.5425999884411725
arm,10.48,21382324772284,21382319681649,1792,5.090635,20.52599608197211,0.8649951033358648,-10.082433901436586,-0.33570530849524116,8.977463831513827,0.6758555553466149
arm,10.49,21382334772284,21382331025342,1794,3.746942,20.20638243785727,0.8739171791209221,-9.891992505690261,-0.32646223804411295,8.77479616261787,0.6816690295742049
arm,10.5,21382344772284,21382344371974,1796,0.40031,20.56050944823302,0.9419380207282825,-10.31162683460526,-0.35161271157939206,9.046232173279403,0.7095647255618536
arm,10.51,21382354772284,21382349711265,1797,5.061019,20.803590641187796,0.9498951572853586,-10.375817667435792,-0.3456029474598443,9.148759382899932,0.7176099625604633
arm,10.52,21382364772284,21382359413945,1799,5.358339,20.830329174849652,0.8561792486945843,-10.354677142446779,-0.30626436913313826,9.132917236774105,0.6764001036677196
arm,10.53,21382374772284,21382369832761,1801,4.939523,21.16786636784069,1.022023382818624,-10.749619058878062,-0.3542780092238771,9.393757890968,0.7515284552307626
arm,10.54,21382384772284,21382383607529,1803,1.164755,21.262419148576345,1.067971561827039,-10.713096157540622,-0.3556482712630069,9.394791033591142,0.7746208960039022
arm,10.55,21382394772284,21382394305632,1805,0.466652,21.290089588963667,0.9631087095956667,-11.185762672307991,-0.31646949335874536,9.580387538428097,0.7281291177860527
arm,10.56,21382404772284,21382398647113,1806,6.125171,21.14875332366863,1.087069106691495,-11.059495856896524,-0.3505650674159868,9.474314825698286,0.7845345444821973
arm,10.57,21382414772284,21382405299471,1807,9.472813,21.08803815051948,1.1456148989129404,-10.57818106805667,-0.36887878030144383,9.250160888712818,0.806573116739882
arm,10.58,21382424772284,21382423935982,1810,0.836302,21.667440990884664,1.230768254647462,-11.201215645695763,-0.37948903870698464,9.687852625413516,0.8520196057641097
arm,10.59,21382434772284,21382434444525,1812,0.327759,21.87938933742385,1.2119798080700863,-11.240526186612978,-0.3690765462285881,9.771379554360092,0.8367233296264622
arm,10.6,21382444772284,21382441222568,1813,3.549716,22.177325839623222,1.1676979602693456,-11.497082540957994,-0.34974291820181824,9.968924576461342,0.8202403924514046
arm,10.61,21382454772284,21382451220097,1815,3.552187,22.655601937262098,1.378562436860017,-11.623900647355251,-0.3864034020656943,10.162883253766394,0.9311962165228554
arm,10.62,21382464772284,21382457740790,1816,7.031494,22.403522141251724,1.4767271334361158,-11.717648798044882,-0.414742980468292,10.105192408538,0.970012264582007
arm,10.63,21382474772284,21382468961164,1818,5.81112,22.00662650617891,1.2444324681624788,-11.552365990038348,-0.35185826864501746,9.877557861245421,0.8573480467082203
arm,10.64,21382484772284,21382483106686,1820,1.665598,22.420432669161674,1.4405699190907681,-11.474139268849836,-0.38790879715486654,9.991309431996347,0.9606685883501224
arm,10.65,21382494772284,21382494485964,1822,0.28632,22.354371541914073,1.5000781340717249,-11.719742633622714,-0.4132083617826951,10.05898416606701,0.9775071587790162
arm,10.66,21382504772284,21382498239006,1823,6.533278,22.242423812374458,1.4536256286260862,-12.125417799949652,-0.4002190041583162,10.188875273694961,0.9552252490489411
arm,10.67,21382514772284,21382509227531,1825,5.544753,22.562888414291407,1.2999215820683003,-11.971348585853265,-0.3486726503884941,10.24955343795083,0.8886613546253045
arm,10.68,21382524772284,21382523494876,1827,1.277408,22.97148127054658,1.406565408579664,-12.306906555433663,-0.38965597100917637,10.536906319826073,0.9320150994833898
arm,10.69,21382534772284,21382533506715,1829,1.265569,22.39599639541829,1.3267548534069171,-11.852298202106285,-0.3627786873657969,10.171679244842075,0.8928204591464738
arm,10.7,21382544772284,21382540312985,1830,4.459299,22.508401943166383,1.2780556623919161,-11.889627381566454,-0.35235448811299236,10.235290498064462,0.8683489038447313
arm,10.71,21382554772284,21382552657372,1832,2.114912,23.486009310657405,1.2763049986630561,-12.804964999769043,-0.3441819188920532,10.98043229055443,0.871665406710132
arm,10.72,21382564772284,21382563384589,1834,1.387695,22.437993126092543,1.4053167014375816,-12.406616228319463,-0.39199308999419213,10.482009664440053,0.9113978076820513
arm,10.73,21382574772284,21382569493365,1835,5.278919,22.540050642069925,1.4620526712684898,-12.469759475899297,-0.4087751852933303,10.557201672344005,0.9372789690404705
arm,10.74,21382584772284,21382581679497,1837,3.092787,23.340647741906537,1.3416338563845682,-12.842317330952675,-0.3551649133070834,11.033097748656209,0.8916215863096323
arm,10.75,21382594772284,21382591667998,1839,3.104286,22.087046665403086,1.3440230778982103,-12.436862842812467,-0.3751275771466738,10.463131122505587,0.8692248239972917
arm,10.76,21382604772284,21382598361667,1840,6.410617,21.808930771819302,1.3452673835016136,-12.326533771207904,-0.37339768398198014,10.339642319562069,0.8684986710459958
arm,10.77,21382614772284,21382613294698,1842,1.477586,22.54616010758117,1.21869681538856,-12.525544276078634,-0.33064581714844926,10.740057937838953,0.8110165443478413
arm,10.78,21382624772284,21382616834363,1843,7.937921,22.694098810459298,1.179208183552319,-12.871010119316221,-0.32738235311259484,10.954738691895798,0.7859992694836219
arm,10.79,21382634772284,21382632312527,1844,2.459757,22.473316386518547,1.3076870194712862,-13.009623155387194,-0.3704232892563239,10.955050192484805,0.8391031942434278
arm,10.8,21382644772284,21382644332040,1845,0.440244,21.838556031381998,1.4731944599474065,-12.731263459105802,-0.41858824782104975,10.643195806171285,0.91085886934151
arm,10.81,21382654772284,21382644332040,1845,10.440244,21.838556031381998,1.4731944599474065,-12.731263459105802,-0.41858824782104975,10.643195806171285,0.91085886934151
arm,10.82,21382664772284,21382663861546,1846,0.910738,21.55917897218261,1.4024002928937707,-12.631701528411243,-0.3964741617198785,10.52815067560368,0.8744175889697818
arm,10.83,21382674772284,21382670343196,1852,4.429088,20.775999747438142,1.4531930483103888,-13.21323670698123,-0.4325566996859708,10.653659499985872,0.8749840143628042
arm,10.84,21382684772284,21382675493309,1853,9.278975,20.9310433960981,1.3269213443617949,-13.2001100047906,-0.3853766493404465,10.730835498961062,0.822258789302913
arm,10.85,21382694772284,21382690918455,1854,3.853829,21.088540176351678,1.1249791027992657,-13.25341540990438,-0.3191426068905566,10.835325743653929,0.7327011472801463
arm,10.86,21382704772284,21382704475715,1858,0.296569,19.964431265844564,1.2218676962770976,-13.48220985466392,-0.3522753608134091,10.673393474242229,0.7599624849046616
arm,10.87,21382714772284,21382710515221,1859,4.257063,20.040787873598564,1.2692657109630523,-13.137365054053607,-0.3633007343653414,10.589567732413615,0.7844559049411038
arm,10.88,21382724772284,21382722849824,1861,1.92246,20.79972788271327,1.1879128691116958,-13.641348674151992,-0.34073657501215887,11.134366262371367,0.7463881207989687
arm,10.89,21382734772284,21382728221041,1862,6.551243,20.513923322342,1.0702205889711371,-13.731083265341427,-0.30175773411959106,11.106151230209631,0.6920896836395634
arm,10.9,21382744772284,21382742467737,1864,2.304547,19.917473762651777,1.3024849817189197,-13.2279295802477,-0.38688018223219284,10.759273160827506,0.7898547008156103
arm,10.91,21382754772284,21382753619099,1866,1.153185,20.480012684089715,1.2491849121945022,-13.609875999325679,-0.3693819370436558,11.18583687409374,0.7675508762273946
arm,10.92,21382764772284,21382758512671,1867,6.259613,20.08749531586531,1.1508979673060606,-13.47003284189102,-0.34265067333797183,11.02545584144454,0.716230930044636
arm,10.93,21382774772284,21382771581583,1869,3.190701,19.252821864856134,1.350824829542435,-13.290667476833807,-0.4119844487294007,10.719612418882498,0.7989692912537578
arm,10.94,21382784772284,21382776746491,1870,8.025793,19.46579452246982,1.1595448491916995,-13.362071168490159,-0.34028682663506893,10.860195059491792,0.7169902482797694
arm,10.95,21382794772284,21382794371743,1872,0.400541,19.86175033846325,1.0763937644106416,-13.534792064853674,-0.2943436591209151,11.149826697974868,0.68953737008732
arm,10.96,21382804772284,21382799299112,1874,5.473172,18.54265913812049,1.1944745014616054,-12.828220914245556,-0.35028469230797754,10.454249998663038,0.7232310972590629
arm,10.97,21382814772284,21382811125361,1876,3.646923,18.487324796380154,1.0620916890175545,-12.622229870119401,-0.3151934590793304,10.412676859703414,0.6557592035575307
arm,10.98,21382824772284,21382824416410,1878,0.355874,18.8534619939742,1.0536799189521207,-13.247626659222137,-0.30210259170714004,10.875263837707752,0.660479654171889
arm,10.99,21382834772284,21382829368455,1879,5.403829,18.545418785033636,0.9939047361329078,-13.251238426772684,-0.2761358797260456,10.803261007529738,0.6358879528179462
arm,11.0,21382844772284,21382842115584,1881,2.6567,17.74137309161842,0.874615631219124,-12.705746455863942,-0.24301844207842363,10.349028722349962,0.5789266879433829
arm,11.01,21382854772284,21382852989001,1883,1.783283,18.418660217357075,0.9765945037113019,-13.272867068174127,-0.2775624918829994,10.891462028417179,0.6259274503313899
arm,11.02,21382864772284,21382863453938,1885,1.318346,17.749405618894667,1.1107083655649843,-13.254302378893694,-0.32319765834402664,10.71049591388653,0.6808325129703031
arm,11.03,21382874772284,21382869896414,1886,4.87587,17.278498760173257,0.9274171912601252,-13.051366878708343,-0.27049557820865655,10.496016724904328,0.5896405053508178
arm,11.04,21382884772284,21382881290162,1888,3.482122,17.57326517324421,1.0607130711434418,-12.84336983151705,-0.3230544631140149,10.577249678988727,0.6487545828903009
arm,11.05,21382894772284,21382893312704,1890,1.45958,17.83995317243355,1.0279227300755696,-13.237298323751768,-0.30872475592084125,10.901144118164853,0.6377585424182626
arm,11.06,21382904772284,21382903305405,1892,1.466879,16.660036876229135,0.9446379340452177,-12.843934896088907,-0.3015672672007214,10.372219151956891,0.581364630027228
arm,11.07,21382914772284,21382909237433,1893,5.534851,16.901465405929283,0.9486522373150355,-12.662119142868319,-0.3000173543477536,10.411285743229627,0.5863133003025061
arm,11.08,21382924772284,21382923425320,1895,1.346964,17.236480917231457,0.8438371145971825,-12.720526688182973,-0.2692408257085899,10.621437616728285,0.5345593600892438
arm,11.09,21382934772284,21382927521186,1896,7.251098,16.6263757328128,1.0527898645574882,-12.728309240891182,-0.34937225329706995,10.437105002505335,0.6199407291701585
arm,11.1,21382944772284,21382941472064,1898,3.30022,16.15956358611406,1.0907105127954033,-12.820832079687689,-0.3668231300395291,10.367779859509072,0.6345331090495264
arm,11.11,21382954772284,21382953307115,1900,1.465169,16.403902590311297,0.960169054776848,-12.424837418597274,-0.31853175038338205,10.342854877505104,0.5781059458400708
arm,11.12,21382964772284,21382961308416,1902,3.463868,15.593463155568474,0.6537190683577009,-12.534595008019485,-0.23324684691649308,10.16032657250578,0.4184294154550757
arm,11.13,21382974772284,21382967092106,1903,7.680178,15.199282797992556,0.7967283783054573,-12.216729045734814,-0.27469523163076154,9.910855971729802,0.4863878881622781
arm,11.14,21382984772284,21382978710746,1905,6.061538,15.940604487910125,0.8082415414791336,-12.746218242536422,-0.26194721482812683,10.464066111053414,0.5008654251598833
arm,11.15,21382994772284,21382990664642,1907,4.107642,16.34038886741318,0.9939936167087059,-12.905880298364611,-0.32895127188822887,10.725312992063483,0.5839778649417418
arm,11.16,21383004772284,21383003251371,1909,1.520913,15.014173784534519,0.9117980943207444,-12.660736737562184,-0.3152066953757194,10.202037057780673,0.53281030258064
arm,11.17,21383014772284,21383007994660,1910,6.777624,15.049836515965827,0.9587603944957774,-12.505029691958923,-0.3311393100058484,10.170192671796748,0.5559281503923905
arm,11.18,21383024772284,21383023969502,1912,0.802782,15.390519888371687,0.8901936861276603,-11.99599978824834,-0.29901385494213567,10.124206649303654,0.5318437822844194
arm,11.19,21383034772284,21383031036150,1914,3.736134,14.741396913538635,0.8235337939934365,-12.489924032736077,-0.2844642411917356,10.152436229248186,0.49630359252457085
arm,11.2,21383044772284,21383044149628,1916,0.622656,14.883763003825658,0.899232350452793,-12.429804536790257,-0.3080589931882482,10.223324912534956,0.5332934153171622
arm,11.21,21383054772284,21383053879847,1917,0.892437,15.139830550691398,0.8255915052886046,-12.738973250929616,-0.28696329681106864,10.477859390816219,0.49670742831173553
arm,11.22,21383064772284,21383061338332,1919,3.433952,15.090460498543376,0.8329892291311312,-12.348120064424384,-0.2876408811234714,10.334782936030503,0.5011423221636617
arm,11.23,21383074772284,21383067007319,1920,7.764965,14.498061410181327,0.8650802570240711,-12.102203277228442,-0.30579767428912763,10.039809171620188,0.5076592183494605
arm,11.24,21383084772284,21383078738475,1922,6.033809,14.47001548028257,0.6211183011782839,-12.166775940679026,-0.22473615665204966,10.10223187381569,0.39434637562274716
arm,11.25,21383094772284,21383091010945,1924,3.761339,14.851313545166379,0.7264200595884318,-12.135655556269864,-0.26124604551639174,10.262896974147344,0.4437471299987326
arm,11.26,21383104772284,21383101598528,1926,3.173756,13.65276251952277,0.7618557246439414,-12.004422645976879,-0.2764417506468425,9.82327608559473,0.4530377839893219
arm,11.27,21383114772284,21383113866277,1928,0.906007,13.78446468498675,0.8139997431646746,-11.803097131963964,-0.30234711902025757,9.826257657799392,0.47408695138621176
arm,11.28,21383124772284,21383122275421,1929,2.496863,13.860057682725735,0.7705101576205092,-11.771705240116692,-0.2856253025737991,9.870206719119276,0.45549956637976025
arm,11.29,21383134772284,21383131369050,1931,3.403234,13.629399827354924,0.6484255342630021,-12.299256148799142,-0.2483163354861738,10.067479579060702,0.3955726428027432
arm,11.3,21383144772284,21383143447179,1933,1.325105,13.50736303033164,0.5938704268079594,-12.054090249842504,-0.23802770935378842,9.969901041922421,0.3610959745449252
arm,11.31,21383154772284,21383153545491,1934,1.226793,13.705108629733772,0.5368562103924546,-12.32292418051456,-0.21645183693052564,10.18604030188317,0.3377534236994836
arm,11.32,21383164772284,21383163256449,1936,1.515835,13.861895504272606,0.7576984186547693,-12.005748414355995,-0.2892740853043722,10.150914243303017,0.44101313427832917
arm,11.33,21383174772284,21383167467045,1937,7.305239,12.886097478449893,0.9120796132327113,-11.312708159996628,-0.35229919374994445,9.528266200214857,0.500138923766452
arm,11.34,21383184772284,21383179012631,1939,5.759653,12.36727707227028,0.6503380512489176,-11.298599943290883,-0.27219105110538,9.38692456922306,0.3720924686313444
arm,11.35,21383194772284,21383191140272,1941,3.632012,12.804127674760702,0.6802581670364656,-10.995478691936233,-0.2779495290329402,9.457825127421836,0.3914900928287546
arm,11.36,21383204772284,21383203182919,1943,1.589365,11.523843501853383,0.4970161733354176,-10.97791955282286,-0.22764233317194024,9.035719300800396,0.29337585755886214
arm,11.37,21383214772284,21383207820657,1944,6.951627,11.583782123937363,0.3697278547596887,-10.883263891673156,-0.1896796425909298,9.031273676077372,0.2324514419123383
arm,11.38,21383224772284,21383216798391,1945,7.973893,11.823640600788746,0.5253775711692749,-10.13988473362042,-0.24161500881071457,8.81502046299574,0.3053912990453107
arm,11.39,21383234772284,21383230643912,1948,4.128372,10.877193456758867,0.3656243993862417,-9.880712597167761,-0.21228912254374174,8.426606681134333,0.20825448060455187
arm,11.4,21383244772284,21383237370239,1949,7.402045,10.910339836877084,0.5938097555545404,-9.468523146250188,-0.30579225703102797,8.27488981031023,0.30841313911582563
arm,11.41,21383254772284,21383252038621,1951,2.733663,10.970673807768389,0.755447821699409,-9.888622779785443,-0.3942512893362881,8.533129066646044,0.3648125349033896
arm,11.42,21383264772284,21383264520956,1953,0.251328,11.441065623370832,0.8227716229277847,-9.548329228917407,-0.4202854117532745,8.582980226623308,0.39864920812695437
arm,11.43,21383274772284,21383267117074,1954,7.65521,10.627639580177334,0.6870076131111214,-8.63367154461592,-0.3884436140931611,7.915324241448684,0.31884338285925284
arm,11.44,21383284772284,21383278704868,1956,6.067416,9.793539352355175,0.5281732500910994,-8.64827653356105,-0.3614366210974804,7.649008258932093,0.22443925216863478
arm,11.45,21383294772284,21383293129662,1958,1.642622,10.5064123650728,0.8922149225073923,-8.184862313685999,-0.46473631002094257,7.7376781489768796,0.4086755877102277
arm,11.46,21383304772284,21383303363577,1960,1.408707,9.902216741864956,0.5690903521774584,-8.694359576769251,-0.36970335324109566,7.771029380043451,0.24055256829030428
arm,11.47,21383314772284,21383309227800,1961,5.544484,9.92077326242452,0.734839333965304,-8.37081065516236,-0.41586253691197705,7.636810000023952,0.3255742964216452
arm,11.48,21383324772284,21383324667847,1963,0.104437,9.214993262877483,0.7202601406039741,-7.365205065711162,-0.40316722977668534,6.9801313048219935,0.3138590179697126
arm,11.49,21383334772284,21383333578871,1965,1.193413,9.916811985122884,0.7410894222064344,-8.597580256015776,-0.41372047313766974,7.78725579096165,0.3242915388730668
arm,11.5,21383344772284,21383341864092,1966,2.908192,10.016046497107606,0.8625074164926483,-8.3828875973978,-0.44989965788127134,7.733887319904491,0.38591236339998675
arm,11.51,21383354772284,21383354408385,1968,0.363899,10.087309546158322,0.8166089680332626,-8.789562265614357,-0.43508946411979965,7.955271457870424,0.36079357010925284
arm,11.52,21383364772284,21383361467269,1970,3.305015,10.658080620397303,1.004947370083825,-9.555481064966127,-0.49111666027464074,8.490908893457824,0.4606399778459778
arm,11.53,21383374772284,21383373690592,1972,1.081692,9.492618932748984,0.8543829121115967,-8.741831690264501,-0.4514273455055667,7.718003910404677,0.3781886784656307
arm,11.54,21383384772284,21383378883371,1973,5.888913,9.588208125265137,0.8807455427045202,-9.413479361101963,-0.46001679649746197,8.046590424618278,0.39597313236058196
arm,11.55,21383394772284,21383392756896,1975,2.015388,10.311981252331792,1.043900513412931,-9.973277349929498,-0.5046640246409766,8.55312759661779,0.48379584482749155
arm,11.56,21383404772284,21383403415864,1977,1.35642,10.223618250880735,0.8003765333661714,-10.75430506509022,-0.41547532308089663,8.88023117204164,0.372926157289691
arm,11.57,21383414772284,21383408322924,1978,6.44936,10.624338127380636,0.8441846608988484,-11.402000995218046,-0.42635831431378557,9.311531743023743,0.4023744501296219
arm,11.58,21383424772284,21383417504704,1979,7.26758,10.813176812596721,0.8499785375076531,-11.094917238800846,-0.4261170181999163,9.251501318855604,0.4067405626986704
arm,11.59,21383434772284,21383431750008,1982,3.022276,10.532025573043462,0.8226149080855693,-11.388615952408516,-0.424351145328871,9.314883114164763,0.3833837009165097
arm,11.6,21383444772284,21383443409165,1984,1.363119,10.414571114892999,0.9571826402565063,-10.83387932417783,-0.47223355558541175,9.053962589037873,0.4433073639689
arm,11.61,21383454772284,21383447720400,1985,7.051884,10.349542658010318,0.9386012059720864,-10.676983665894928,-0.46464176254829986,8.984609203159971,0.43128716258411887
arm,11.62,21383464772284,21383461980103,1987,2.792181,10.883945418066649,0.773587890502736,-11.459174489641308,-0.4021002440754483,9.537726293170367,0.3581941865663221
arm,11.63,21383474772284,21383471861524,1989,2.91076,10.217663312808325,0.9736397956839101,-10.541777933203305,-0.469426323179928,8.922097749334737,0.4446457150692315
arm,11.64,21383484772284,21383477157104,1990,7.61518,9.958593037906569,0.8501057055778192,-10.731219126561454,-0.4312876102108337,8.92130040550686,0.38402936340044513
arm,11.65,21383494772284,21383491602964,1991,3.16932,10.244590668379454,0.7888092464359092,-11.204556057365373,-0.40939013734363144,9.237523997588978,0.3586008821805187
arm,11.66,21383504772284,21383499298667,1994,5.473617,10.26484871634406,1.1053345170493922,-11.076766862967979,-0.5117709618623367,9.204309742919314,0.5073061892434654
arm,11.67,21383514772284,21383511719740,1996,3.052544,10.32710856367829,0.958306181667991,-11.831289984098206,-0.47735487078088445,9.56475870004772,0.4307427136124119
arm,11.68,21383524772284,21383519599721,1997,5.172563,10.238399334711124,1.091064382724427,-11.068716361339959,-0.5132322821809036,9.20021080274789,0.49777562653033164
arm,11.69,21383534772284,21383529510073,1999,5.262211,10.06925083625405,1.1247171265041427,-11.693436257502265,-0.5146959581620959,9.43357052974756,0.5207941474032968
arm,11.7,21383544772284,21383544042600,2001,0.729684,10.124586026204222,1.1272527841801343,-11.494784613439899,-0.5104222325874783,9.367711304769553,0.524641064651574
arm,11.71,21383554772284,21383548776083,2002,5.996201,9.694660697101366,1.1522878105720344,-10.829334991311178,-0.5072227066945544,8.926650058714392,0.5423662560435221
arm,11.72,21383564772284,21383561605107,2004,3.167177,10.138410730267681,1.1252578967645968,-11.913253959983907,-0.5089829113237159,9.581342077409998,0.5260800334896923
arm,11.73,21383574772284,21383571766348,2006,3.005936,10.139111320805949,1.2147577767713393,-11.427661366690094,-0.5254676843310134,9.380177505230936,0.5758630444744348
arm,11.74,21383584772284,21383577913583,2007,6.858701,9.783673599845242,1.1417801781397843,-11.78740484531397,-0.5048568872786969,9.416351179360047,0.5380016570439967
arm,11.75,21383594772284,21383592471185,2009,2.301099,10.380044553245469,1.0678033901584159,-12.263279980483725,-0.4819997950084804,9.85100442861913,0.5015060107804479
arm,11.76,21383604772284,21383601489190,2011,3.283094,10.309549300495227,1.399467664166876,-12.25524940552183,-0.5763368919949382,9.852655871803519,0.6698551534716317
arm,11.77,21383614772284,21383607449190,2012,7.323094,10.46918970711391,1.189852799615005,-12.928464552593649,-0.5167208786228272,10.218280104730576,0.5611606347584337
arm,11.78,21383624772284,21383624680128,2014,0.092156,10.528904710175583,1.3915318162657329,-12.277226034659382,-0.5689719963982802,9.965842266715152,0.6656307548645904
arm,11.79,21383634772284,21383630375914,2016,4.39637,10.181577287577285,1.405327543770854,-12.607368628424219,-0.5738434360919834,10.010934204456241,0.6698870516616793
arm,11.8,21383644772284,21383642189451,2018,2.582833,10.428736226122046,1.261408278104548,-13.029824913994288,-0.5314256716590985,10.303561229462943,0.5962056821559679
arm,11.81,21383654772284,21383647246699,2019,7.525585,10.262386703787739,1.31943624936183,-12.519041962931635,-0.5422619817555092,10.026207358543722,0.6289398995592316
arm,11.82,21383664772284,21383662248388,2021,2.523896,10.547159287613567,1.367605371641484,-13.2038347186937,-0.5586004221201716,10.46116560730729,0.6538478743403884
arm,11.83,21383674772284,21383670759337,2023,4.012947,10.24899381146811,1.4206908019886146,-13.142864526129259,-0.5764700327150755,10.349059036581915,0.6778133396871602
arm,11.84,21383684772284,21383683843388,2025,0.928896,10.391512470177343,1.1487482218929403,-13.172874530362607,-0.48722900921480033,10.443201752532724,0.5406900565194246
arm,11.85,21383694772284,21383683843388,2025,10.928896,10.391512470177343,1.1487482218929403,-13.172874530362607,-0.48722900921480033,10.443201752532724,0.5406900565194246
arm,11.86,21383704772284,21383698032089,2026,6.740195,10.711927908167453,1.1971728817986727,-13.171839685038316,-0.4968411810460778,10.56576718173312,0.5678686813188979
arm,11.87,21383714772284,21383710658309,2030,4.113975,9.619405283877688,1.392841215481099,-12.633417366600373,-0.5638363376286879,9.979388743832743,0.6526914063330599
arm,11.88,21383724772284,21383721661232,2031,3.111052,10.032958194697803,1.2620439096019356,-12.629030287936045,-0.5147224675534514,10.135794962876789,0.5930431403075989
arm,11.89,21383734772284,21383731607887,2033,3.164397,9.618731707475275,1.4117468403543254,-11.333503233622292,-0.5509708207698536,9.427987739653261,0.6696619248825094
arm,11.9,21383744772284,21383743284461,2035,1.487823,9.24596820084784,1.2980600730930654,-11.208285846054585,-0.5356483819530156,9.235488944191795,0.5990789071887238
arm,11.91,21383754772284,21383749581702,2036,5.190582,9.197804794682547,1.2586948250044114,-10.707699169433582,-0.5260290987024866,9.000070665403344,0.5796657945236147
arm,11.92,21383764772284,21383763478603,2038,1.293681,9.311504261292015,1.10599631006141,-10.30361553941656,-0.48515068593657734,8.87086370789881,0.5012052731856182
arm,11.93,21383774772284,21383769736868,2040,5.035416,8.613396401192547,1.219660284301473,-9.945962332535581,-0.5284778392886067,8.454230698315076,0.5542170876287306
arm,11.94,21383784772284,21383783504012,2042,1.268272,8.32269223025978,1.3204745377037992,-9.316980801186967,-0.5682276124889568,8.076651271729125,0.6009124842862505
arm,11.95,21383794772284,21383783504012,2042,11.268272,8.32269223025978,1.3204745377037992,-9.316980801186967,-0.5682276124889568,8.076651271729125,0.6009124842862505
arm,11.96,21383804772284,21383804238083,2046,0.534201,7.9040850111334136,1.3138654304682855,-7.8797251850532755,-0.5734052911844095,7.278923125221239,0.5895730569134492
arm,11.97,21383814772284,21383809412674,2047,5.35961,7.926747403723549,1.2331320461173485,-7.900055549167364,-0.5507382521571734,7.2941376147396255,0.5467221664961329
arm,11.98,21383824772284,21383823094829,2049,1.677455,8.73064132079104,1.048211353882108,-7.923558698404515,-0.48597336178188183,7.596533360854144,0.4603713058042605
arm,11.99,21383834772284,21383830592672,2050,4.179612,8.606019903662538,1.1151377679150967,-7.63349694260005,-0.5101322754106371,7.424950300709794,0.4902937338959211
arm,12.0,21383844772284,21383837634577,2052,7.137707,7.303367894230301,1.0840042881280136,-6.753875792928625,-0.5054596993428264,6.540001073545705,0.4690525881523396
arm,12.01,21383854772284,21383849690661,2054,5.081623,6.614764848497854,1.1487079964024822,-5.981110827504896,-0.5347311161806263,5.924929410677052,0.4955188013971024
arm,12.02,21383864772284,21383863376609,2055,1.395675,6.945309853646738,1.0465378313839762,-5.956622383911666,-0.5018162621403077,6.039285997949707,0.4435821142969749
arm,12.03,21383874772284,21383867679503,2057,7.092781,7.7582688017483346,1.073692369459178,-6.124382395647284,-0.5171168568700024,6.402322192544711,0.45710497779629583
arm,12.04,21383884772284,21383878548474,2059,6.22381,6.533428523854657,1.2505757429591506,-5.13958177639546,-0.5918622252147584,5.504799540568827,0.5319418206527627
arm,12.05,21383894772284,21383892705380,2061,2.066904,6.425113467836181,0.7185192196022978,-4.542605717993636,-0.42951507085971824,5.180904040336123,0.2677414011470693
arm,12.06,21383904772284,21383896049577,2062,8.722707,6.986437084498324,0.9229892590589887,-4.229825399808576,-0.4978032462211745,5.241239334996884,0.36851605708037394
arm,12.07,21383914772284,21383913657868,2065,1.114416,6.728369464677493,0.5965296327824404,-4.839761581316455,-0.40989944092147607,5.409480718214184,0.19308891343811044
arm,12.08,21383924772284,21383920756677,2066,4.015607,7.054432572287346,0.7543250282355946,-4.592549579660987,-0.461618898859082,5.408959650507892,0.27377745452263974
arm,12.09,21383934772284,21383931689625,2068,3.082659,6.984384449417506,1.1051335947271794,-3.607611724455335,-0.5814352283760222,4.935645337819091,0.4390186740021829
arm,12.1,21383944772284,21383943046076,2070,1.726208,6.656688076883137,0.48610090780263626,-3.932317933612362,-0.3975060157960626,4.935878777666704,0.125517632215864
arm,12.11,21383954772284,21383953547136,2072,1.225148,6.743686821182764,0.7399999152201169,-2.5153009302508456,-0.4919281935596796,4.317499065199431,0.24685681462925932
arm,12.12,21383964772284,21383963660062,2073,1.112222,6.344411277899378,0.7571634827066203,-2.2637869907462336,-0.5000802813238401,4.0561195140912325,0.25315116674917676
arm,12.13,21383974772284,21383970483775,2075,4.288509,6.061675500864663,0.4996076420007647,-2.3102531313818897,-0.44977335774848637,3.9402271694827404,0.10526402886971095
arm,12.14,21383984772284,21383983552734,2077,1.21955,5.34245410168585,0.4710268156003179,-1.2477363726552357,-0.44495938136843355,3.177717972784606,0.08718020690948138
arm,12.15,21383994772284,21383989448756,2078,5.323528,5.905899905215805,0.20592537339459618,-1.689439755481092,-0.36613750574721593,3.5793680911285546,-0.050307738502626306
arm,12.16,21384004772284,21384004381165,2081,0.391119,6.264573871433033,0.5290164140401912,-1.0484440886814794,-0.4839703894827823,3.3973924059089144,0.10484348603742172
arm,12.17,21384014772284,21384010374424,2082,4.39786,5.295115481077817,0.13542303407551115,-0.27814020297732356,-0.3641451875844337,2.683062380908869,-0.10291480994087707
arm,12.18,21384024772284,21384017140350,2083,7.631934,5.111175003280398,-0.0524330423250587,-0.2507668846753488,-0.31605724203805113,2.582103483616882,-0.20292484212897205
arm,12.19,21384034772284,21384034576617,2086,0.195667,5.404083852143579,0.14681541819014868,0.2833539787024867,-0.3937758931672962,2.4379870343082204,-0.11390368593669524
arm,12.2,21384044772284,21384039205728,2087,5.566556,5.7316980208844175,-0.1765206173908671,-0.3258789731678987,-0.2970130859628429,2.8310625363357933,-0.2810132192566846
arm,12.21,21384054772284,21384051277391,2089,3.494893,6.255966445327245,0.2750985677413578,-0.22281500558667977,-0.45936556462922196,2.952586549795369,-0.0594054812336465
arm,12.22,21384064772284,21384061401445,2090,3.370839,5.6730316537737595,0.5739814864112315,0.35708657212511863,-0.5590659446600315,2.478933598978391,0.08926517333551987
arm,12.23,21384074772284,21384069913545,2092,4.858739,5.74846377896165,0.007506096865380416,-0.24911345946866428,-0.3991842891099776,2.76929276938338,-0.2052123529136412
arm,12.24,21384084772284,21384083370802,2094,1.401482,5.165721345493046,0.29532782195162494,0.7511494715393824,-0.49147420094846933,2.0980804027239865,-0.059581367035971604
arm,12.25,21384094772284,21384092772530,2096,1.999754,5.677876685155947,-0.4001585699814972,-0.060105629190070724,-0.26858609195429256,2.6552682056686736,-0.41152072501154763
arm,12.26,21384104772284,21384103296255,2098,1.476029,5.930957799908963,0.2863050650180104,0.055785288215677936,-0.4961955931367902,2.6753668636955057,-0.0663056169553183
arm,12.27,21384114772284,21384114590063,2100,0.182221,5.257960373340547,-0.18284384922775826,-0.008207806804008838,-0.34954523020290884,2.4496502851677544,-0.3081588801509119
arm,12.28,21384124772284,21384121246898,2101,3.525386,5.653581366505181,-0.2515941590492211,-0.5260313504696119,-0.3371107758788459,2.8223949946693203,-0.34527879691987373
arm,12.29,21384134772284,21384132074065,2103,2.698219,5.460475733510914,0.20393792970682034,0.40787818975911283,-0.47999091312316433,2.3225934551443617,-0.1146858644102973
arm,12.3,21384144772284,21384143977004,2105,0.79528,5.638070365308447,-0.03814370755008515,-0.690607715792761,-0.42003919120196076,2.890081206001743,-0.24524569476351415
arm,12.31,21384154772284,21384148797825,2106,5.974459,6.144848953026605,0.027340274241661605,-1.1652669352290634,-0.44660269578891093,3.290387831673192,-0.21221146291553802
arm,12.32,21384164772284,21384164113295,2108,0.658989,5.70774334635511,0.21135046835244703,0.036453153113206425,-0.4978236151117541,2.6065550439296428,-0.12111879862891352
arm,12.33,21384174772284,21384167694590,2109,7.077694,5.474532895866934,-0.12417794147727589,-0.30722349440405283,-0.3890640310809263,2.6861308476238737,-0.28906818637529336
arm,12.34,21384184772284,21384178418203,2111,6.354081,5.720931606174245,0.0992237825909474,-0.3754644105292481,-0.4646021104854691,2.8002759078631114,-0.1774502624662154
arm,12.35,21384194772284,21384189610877,2113,5.161407,4.742759265500146,0.023968785383592296,0.02386058328330921,-0.4358237140507825,2.2649210123709786,-0.21209849340157697
arm,12.36,21384204772284,21384201460716,2115,3.311568,5.966118367216709,0.3104178194134706,-1.2911213716990566,-0.5381334751121041,3.315181591703635,-0.06895467542292985
arm,12.37,21384214772284,21384207490162,2116,7.282122,5.998289148767582,0.26486927523834264,-0.9812483559230841,-0.5158534063566699,3.1931749286680327,-0.0901887289480059
arm,12.38,21384224772284,21384223197694,2119,1.57459,5.840015036802357,0.1070964571959441,-1.0703397362850573,-0.45985378332513915,3.1864313918865093,-0.169915995717957
arm,12.39,21384234772284,21384230991000,2120,3.781284,6.017383951843128,0.44469812668382985,-0.8706980400834076,-0.5667524697034746,3.1630729888876328,0.0028954937259970566
arm,12.4,21384244772284,21384242618027,2122,2.154257,5.287264707807961,0.3058195162396914,-1.0494862974743862,-0.5210704366860985,2.996325969062834,-0.06504772450771716
arm,12.41,21384254772284,21384247371124,2123,7.40116,5.555867589618355,0.2862464345375835,-1.567159661846295,-0.5201655955778982,3.335844286785607,-0.07715956234281961
arm,12.42,21384264772284,21384258139270,2125,6.633014,5.973965473556924,0.11104746325821173,-1.4993563299012809,-0.4492979935296921,3.4762942792070977,-0.15794647477784726
arm,12.43,21384274772284,21384269569406,2127,5.202878,6.029856298134556,0.1728508930682782,-1.575038363961167,-0.45636322218904185,3.5671539040095923,-0.12428141988174975
arm,12.44,21384284772284,21384280583866,2129,4.188418,6.064982720237427,0.3748529346074337,-1.7638787941333658,-0.5277070489489484,3.6731834429756245,-0.021639920456562857
arm,12.45,21384294772284,21384290751180,2131,4.021104,5.029004766933233,0.26882378684572705,-0.6250577555590985,-0.48003255538216244,2.7919053515641887,-0.07065844151738322
arm,12.46,21384304772284,21384303927720,2133,0.844564,5.73941115294308,0.19223998375220686,-1.5211033901762505,-0.46050426526726285,3.473713441981287,-0.1169964590519086
arm,12.47,21384314772284,21384309423296,2134,5.348988,5.916397202603738,0.38653213811680825,-1.552038607778021,-0.5163763209380641,3.564547969830376,-0.015112572176748874
arm,12.48,21384324772284,21384320262164,2136,4.51012,5.821976482259451,0.2615512251433765,-1.5516884415741194,-0.46615682830653293,3.5504329422288246,-0.07870223144176262
arm,12.49,21384334772284,21384331973182,2138,2.799102,6.378812680764496,0.5080604817145465,-2.1760620626475333,-0.5472158261505122,4.040066942123058,0.044815673279700007
arm,12.5,21384344772284,21384344603839,2140,0.168445,5.3345121382870255,0.5859894665711698,-1.2558394223785858,-0.5625302219687167,3.24712882225264,0.0881086959792328
arm,12.51,21384354772284,21384351347398,2141,3.424886,5.308696536389071,0.37780519582806227,-1.3004652270473998,-0.49702142474971184,3.25709108453442,-0.02153529740450434
arm,12.52,21384364772284,21384355995297,2142,8.776987,5.522794744361427,0.22387380708616797,-1.605164014545927,-0.4448994088313417,3.470882812699563,-0.09632226298024243
arm,12.53,21384374772284,21384368266293,2144,6.505991,5.073350794253611,0.4843895628476189,-1.162935498296679,-0.5254685043742359,3.102304545087382,0.03666638477505016
arm,12.54,21384384772284,21384379402253,2146,5.370031,5.526606702927624,0.5991344241921039,-1.7632611730918377,-0.567231988308035,3.544766609825855,0.09467959593902284
arm,12.55,21384394772284,21384391777857,2148,2.994427,5.763805236996217,0.2659385491052601,-1.5488326246862574,-0.45737054470026606,3.5308862370437346,-0.0786527947725293
arm,12.56,21384404772284,21384404093032,2150,0.679252,6.218651357093114,0.40807700306702,-2.272498525529334,-0.5037486024677872,4.027384283750699,-0.00585760276382897
arm,12.57,21384414772284,21384410605604,2151,4.16668,6.220374952592936,0.41722466238366573,-2.3597781600163876,-0.509183522755493,4.066021431698551,-0.001907585766811875
arm,12.58,21384424772284,21384415828095,2152,8.944189,5.82591731233391,0.45299571360866026,-1.9157903311359121,-0.5193919996142327,3.717233537870804,0.016383243260235866
arm,12.59,21384434772284,21384430125205,2154,4.647079,5.725708545373626,0.3544955352214085,-2.154744026940264,-0.49678159593324184,3.791246193552227,-0.04208446532521894
arm,12.6,21384444772284,21384441120102,2156,3.652182,5.595149591524613,0.5423335734973151,-1.3482972618874114,-0.5474422007208407,3.370348894009563,0.0576156987795874
arm,12.61,21384454772284,21384445670142,2157,9.102142,5.30386409614699,0.6019317143717279,-1.0427213223062897,-0.5647934539169357,3.1297686447941784,0.08647838142858683
arm,12.62,21384464772284,21384457975375,2159,6.796909,5.844674900354981,0.410924923931664,-2.028388358629069,-0.5146396215027831,3.787451892672046,-0.013837333743512644
arm,12.63,21384474772284,21384469308769,2161,5.463515,5.6749623529251245,0.5641041928456042,-1.1435707057963622,-0.5522104855291523,3.3273639819194627,0.06653878929395986
arm,12.64,21384484772284,21384475865099,2162,8.907185,5.64358279396267,0.4451590455843675,-1.7943455392362715,-0.5196299851908864,3.6227038043329114,0.0035079059511177783
arm,12.65,21384494772284,21384487659017,2164,7.113267,6.1346758260008745,0.47609280713845303,-2.2552859600828463,-0.5382658124089745,4.007302471716391,0.01755730487413592
arm,12.66,21384504772284,21384499694809,2166,5.077475,5.501608541855925,0.5015833150067852,-1.5779408553993028,-0.5372888155547626,3.4737260796347487,0.029897982957228675
arm,12.67,21384514772284,21384511594088,2168,3.178196,5.771836162533141,0.606777871107289,-2.1158171243358455,-0.5819765118363122,3.8170624729442673,0.08085009866138322
arm,12.68,21384524772284,21384524302604,2170,0.46968,4.897247926576873,0.5845919725089909,-1.0558607401617213,-0.5762803195993449,3.020470652208309,0.06320031908611187
arm,12.69,21384534772284,21384531960520,2171,2.811764,5.046125905034606,0.13225816687244374,-1.5637191060184574,-0.43164167450267793,3.3145779872684686,-0.16805485016604244
arm,12.7,21384544772284,21384542484990,2173,2.287294,5.502969679985229,0.6557644671565035,-1.4183399511490478,-0.6014091034337299,3.418013504387881,0.1008777755430973
arm,12.71,21384554772284,21384548825428,2174,5.946856,5.183181465008303,0.7490115844628434,-1.1678892345101064,-0.6219990182032585,3.19485829766279,0.15245361947809746
arm,12.72,21384564772284,21384560668751,2176,4.103533,5.7409095237061445,0.42645294920466637,-2.1829775478462197,-0.5318887563294548,3.8712908473151972,-0.021891657752550423
arm,12.73,21384574772284,21384570778067,2178,3.994217,5.66734324511386,0.8587597995463525,-1.5359631329880226,-0.6683001243952402,3.549302737524794,0.20296777805390917
arm,12.74,21384584772284,21384582581966,2180,2.190318,5.265972318918338,0.447582273352334,-2.0129837130957684,-0.5502824590248784,3.622615143277012,-0.01809079359717744
arm,12.75,21384594772284,21384591860544,2182,2.91174,5.307905475025531,0.7530692932032098,-1.318219407928614,-0.6412486243592652,3.300986261364537,0.14506876006065716
arm,12.76,21384604772284,21384603511398,2183,1.260886,5.048055065555973,0.776170744085778,-0.9688429411565712,-0.6455082674890943,3.0511596601003066,0.15469340827408484
arm,12.77,21384614772284,21384609629870,2185,5.142414,5.661156165591026,0.5064800476727109,-2.379326881160827,-0.5713033151180102,3.931601642369181,0.01453499427942618
arm,12.78,21384624772284,21384622545262,2187,2.227022,5.744066172016866,0.8825371544742734,-1.4929617500352232,-0.6880056228758085,3.5607153070119377,0.2081833046553398
arm,12.79,21384634772284,21384627686642,2188,7.085642,5.6564248455024515,0.6733054824528764,-1.7085780612687411,-0.6208171821537768,3.6392810601653705,0.09969539694030304
arm,12.8,21384644772284,21384641154541,2190,3.617743,6.6285326383305945,0.46951924853223304,-2.794772452715352,-0.5658930773656972,4.503420239522833,-0.010561684401450248
arm,12.81,21384654772284,21384654139211,2192,0.633073,5.78249287854141,0.636397682266623,-1.8577102214015688,-0.6031010278243761,3.774960430201285,0.07953094757081287
arm,12.82,21384664772284,21384657682651,2193,7.089633,5.742560350579001,0.45241190760341554,-2.142620035793971,-0.5474131028562171,3.8952733392487957,-0.02070735930183908
arm,12.83,21384674772284,21384671007341,2195,3.764943,6.139234437220862,0.7993344935048545,-1.8953400551529889,-0.657930183268422,3.928677799318869,0.15628394092892264
arm,12.84,21384684772284,21384676347357,2196,8.424927,5.652851446245868,0.6153115056604427,-1.6648973694406746,-0.5929190035466421,3.6540724850789443,0.0607512970750341
arm,12.85,21384694772284,21384687993621,2198,6.778663,6.100258300339512,0.7454866234105888,-2.880032360286971,-0.6524313491176711,4.3950711475933755,0.12419585183158481
arm,12.86,21384704772284,21384700928935,2200,3.843349,5.5058150723149,0.7351578496513376,-2.1253802682309644,-0.6414377704242022,3.842267705522105,0.12311380859067675
arm,12.87,21384714772284,21384711611860,2202,3.160424,5.472214634147475,0.5624452323768242,-2.2868067371399827,-0.5859478604917102,3.915737570865138,0.02978797499266823
arm,12.88,21384724772284,21384719393928,2203,5.378356,5.787856326766823,0.6782199657134567,-2.4832169100300967,-0.6231744693633652,4.123806421460729,0.09181707049002027
arm,12.89,21384734772284,21384729047623,2205,5.724661,5.345701005363111,0.6411293292426414,-2.203402531099779,-0.6053309539606133,3.8441948191658266,0.0736389324808167
arm,12.9,21384744772284,21384741875026,2207,2.897258,5.992049409458534,0.893451188732422,-3.291057069826096,-0.6975603558660151,4.590021921222106,0.19982050195276987
arm,12.91,21384754772284,21384748356828,2208,6.415456,5.745850381122173,0.9495020028178933,-2.9935922800032406,-0.7180230235742974,4.363830355742894,0.22497830785465822
arm,12.92,21384764772284,21384758404045,2210,6.368239,5.630922653351332,0.7920998806735742,-2.9135237328257886,-0.6573325635769453,4.301313254714186,0.14347736801566383
arm,12.93,21384774772284,21384770757531,2212,4.014753,6.403175125988985,0.8899877427112354,-3.2675540299749235,-0.6877598962836227,4.749715011826848,0.19325605340955967
arm,12.94,21384784772284,21384776496505,2213,8.275779,5.914264768670981,1.0816572677598941,-2.5851733329582105,-0.7376206012016866,4.256634397294794,0.2987399637544508
arm,12.95,21384794772284,21384788207425,2215,6.564859,5.85556855190661,0.8640826033414547,-3.091211791898867,-0.6786290616687765,4.470597814249639,0.17894709136019135
arm,12.96,21384804772284,21384795468796,2216,9.303488,5.968345770439296,0.8484003598675566,-2.936468276914005,-0.6711736551165329,4.431602268807256,0.17417111473307617
arm,12.97,21384814772284,21384813112132,2219,1.660152,4.91248226109284,0.760215349187358,-1.8792808153700848,-0.6282066837114698,3.5426131449020284,0.13332150770011353
arm,12.98,21384824772284,21384821763043,2221,3.009241,5.02588670562645,0.9786544786078045,-1.9094288308291714,-0.7041020026637068,3.581807379313722,0.2476483038843973
arm,12.99,21384834772284,21384827581743,2222,7.190541,4.867593749251639,0.8974887745811464,-1.1939025688779066,-0.6737426197735268,3.186951168352061,0.20345870360722523
arm,13.0,21384844772284,21384843470302,2223,1.301982,4.90873647936234,0.7404997918465441,-1.3182172593037653,-0.622621938449947,3.259585746659552,0.1224450400331748
arm,13.01,21384854772284,21384846951300,2225,7.820984,6.152606829176665,0.6646036324427885,-2.5463987912609354,-0.6145840924559478,4.27929030977391,0.07205989246896634
arm,13.02,21384864772284,21384864031198,2228,0.741086,6.232733358619733,0.7600554546369681,-2.7719624509924032,-0.6566629153424917,4.408990697656939,0.1129989729425413
arm,13.03,21384874772284,21384869705330,2229,5.066954,6.438454287689543,0.8290093130260713,-2.8531858176868794,-0.6844794410353902,4.511937053276281,0.14576298676970995
arm,13.04,21384884772284,21384882533713,2231,2.238571,5.813625690592545,0.8900609576347177,-1.992395666507,-0.6919307415870221,3.8790132757035893,0.18073059753164192
arm,13.05,21384894772284,21384891890386,2233,2.881898,5.642984733761097,0.7346964298285598,-2.624827607313383,-0.6550608759191681,4.116838548310547,0.09483294973841891
arm,13.06,21384904772284,21384897435703,2234,7.336581,5.727396078155526,0.7995918448279807,-2.3160087500391215,-0.6735783854500746,3.9971992121941526,0.1293395006062568
arm,13.07,21384914772284,21384909385087,2236,5.387197,5.0555978452385295,0.8582665009439269,-1.6629185553733181,-0.6919601514770807,3.441345582879107,0.1540654801556993
arm,13.08,21384924772284,21384923055212,2238,1.717072,5.250821533785425,0.9905103567682297,-2.263870007622436,-0.7429152770515509,3.7934098129824774,0.22466152412550414
arm,13.09,21384934772284,21384927870397,2239,6.901887,5.103709835933767,0.9494046969253819,-1.7390443123666828,-0.7301069206374835,3.486628174074919,0.1999126548197502
arm,13.1,21384944772284,21384939912878,2240,4.859406,4.862497856909712,0.8862166615028914,-1.5332250348916099,-0.7105684658984295,3.301862769431618,0.1646653309889199
arm,13.11,21384954772284,21384950944142,2242,3.828142,5.543175176591649,0.6284860891787641,-2.7061026265689976,-0.6318889091879286,4.105160883180002,0.03152009341155246
arm,13.12,21384964772284,21384962585864,2245,2.18642,5.73597563649741,0.9133621000991549,-2.3106677190306533,-0.7210136871571894,4.019084142511026,0.17229937704358653
arm,13.13,21384974772284,21384968283829,2246,6.488455,5.918845286951482,0.6800430752521294,-2.919048658973052,-0.6464518638496908,4.378532768642575,0.052869882143630156
arm,13.14,21384984772284,21384980671433,2248,4.100851,5.70657618187078,0.7506094246712064,-2.0289860579378876,-0.6581864265982089,3.8802647439408138,0.09331759617247803
arm,13.15,21384994772284,21384990391285,2250,4.380999,4.840541879534134,0.7812705140727427,-1.972909591488639,-0.6667668773369757,3.5389651273903855,0.11073770113803548
arm,13.16,21385004772284,21384997264572,2251,7.507712,5.3097214200656175,0.7260416824516642,-2.510142478059406,-0.6595369807601177,3.960572420652374,0.07764238512469401
arm,13.17,21385014772284,21385008688560,2253,6.083724,5.466048501933608,0.9295383085833827,-1.5037435857343147,-0.7132987163660406,3.553789871121908,0.18634362221841536
arm,13.18,21385024772284,21385023485476,2255,1.286808,5.396602783945876,0.6505604920935207,-2.1909609796449803,-0.6377091967990964,3.858435914795256,0.032864645331274076
arm,13.19,21385034772284,21385030627585,2257,4.144699,5.948255660877491,0.731467104963213,-1.9626849177019887,-0.662176708912203,3.955698922974322,0.07584151254161257
arm,13.2,21385044772284,21385038694223,2258,6.078061,5.589613969891201,0.7503449970449965,-1.5477352709145642,-0.6665900367170143,3.6348317883890613,0.08240531071571808
arm,13.21,21385054772284,21385049272395,2260,5.499889,6.124555827343471,0.7787842803268183,-2.553824762082416,-0.6888025216755211,4.302030618262955,0.09278952657375814
arm,13.22,21385064772284,21385060549602,2262,4.222682,5.898019441728278,0.7997952151668819,-2.0447931859991644,-0.6907250023013402,3.987889195632192,0.10423756952610139
arm,13.23,21385074772284,21385066834429,2263,7.937855,5.5348482008461515,0.6936403808140552,-1.8591626527240093,-0.6545670206935991,3.769143585967079,0.04563569249467266
arm,13.24,21385084772284,21385080591506,2265,4.180778,6.033030748377887,0.7856998036790682,-2.230444939612837,-0.6848735712693274,4.118743530182334,0.09636207992021015
arm,13.25,21385094772284,21385089836718,2267,4.935566,5.028304401946171,0.8209309314416713,-1.3315379888455976,-0.695882069950731,3.3338451224930234,0.11032184883242266
arm,13.26,21385104772284,21385096628031,2268,8.144253,5.798366573653226,0.6732435951829654,-2.2170530072449184,-0.6580142632163251,4.041940465559183,0.029875531906031674
arm,13.27,21385114772284,21385114451404,2271,0.32088,6.07818049625269,0.7310876765655798,-1.861137065674757,-0.6812684578122675,3.9568204949658696,0.05782687952531408
arm,13.28,21385124772284,21385119587550,2272,5.184734,5.7869988019344625,0.5558386202599136,-2.1219727674181295,-0.6276163195070242,3.959073777587143,-0.03277400295968357
arm,13.29,21385134772284,21385130661742,2274,4.110542,5.991534046340736,0.8751048088616145,-2.108450953537827,-0.750921599455701,3.9947518152230495,0.1314605687329522
arm,13.3,21385144772284,21385143670316,2275,1.101968,5.6177133770665835,0.8463049623355865,-1.2589725381236665,-0.7322270393729741,3.4445295754319774,0.117659846976147
arm,13.31,21385154772284,21385150774593,2277,3.997691,5.644682818405082,0.6679478123405642,-1.6333238465586948,-0.6828423715493908,3.606148327747905,0.018352908003971918
arm,13.32,21385164772284,21385160355980,2279,4.416304,5.315732397709135,0.9240747566127616,-1.0591486628445252,-0.7749546472141343,3.1802193638798655,0.14927925264536596
arm,13.33,21385174772284,21385166364704,2280,8.40758,5.02810033999245,0.6605389863941464,-0.7580928099708849,-0.689815341783635,2.925536120669231,0.006405421863443339
arm,13.34,21385184772284,21385177751090,2282,7.021194,6.181128226693755,0.293943535494666,-1.0181118944171719,-0.5846688978251787,3.441043729751868,-0.2024910658334573
arm,13.35,21385194772284,21385194313016,2285,0.459268,4.897003286762381,0.43531666282602416,0.07836762406749541,-0.6339486967785489,2.4154810097137815,-0.1284106908981331
arm,13.36,21385204772284,21385199452476,2286,5.319808,5.827846291309961,0.24114613906090723,-0.48760759520426494,-0.5926585689167876,3.01144507111977,-0.24409445313785955
arm,13.37,21385214772284,21385214259052,2288,0.513232,6.291168049706287,0.5939762860405773,0.5014858407772725,-0.6982876840287352,2.6882564769524038,-0.05959464231061504
arm,13.38,21385224772284,21385218717853,2289,6.054431,5.819969118235624,0.2893170798308203,0.10825063152378327,-0.6019079672613586,2.698153465920009,-0.22184096145504711
arm,13.39,21385234772284,21385229639420,2291,5.132864,5.902889302616669,0.3769036890211466,0.13200218772488032,-0.6483144100977096,2.6629436745313364,-0.17884557523878836
arm,13.4,21385244772284,21385236357467,2292,8.414817,6.009378558706602,0.5802100643558268,0.8909427313594506,-0.714736538543759,2.3384411420333464,-0.07720668026466841
arm,13.41,21385254772284,21385247458726,2294,7.313558,5.520469985499083,0.06203919022935126,0.3296146367370743,-0.5710174754747218,2.419068843594071,-0.3617780825484432
arm,13.42,21385264772284,21385255782762,2295,8.989522,5.347378108106415,0.11316596774792208,0.6537614159644076,-0.5975436712532205,2.1750998415245077,-0.3362849681367471
arm,13.43,21385274772284,21385270403835,2296,4.368449,5.089687980677252,0.34507571593767256,1.0820488733657176,-0.6811419808579848,1.867838780775384,-0.21766000555637463
arm,13.44,21385284772284,21385281832254,2298,2.94003,5.016801288202049,-0.026522387931664546,1.1438449773062629,-0.5634276441956502,1.8128868106263132,-0.41795178972278235
arm,13.45,21385294772284,21385293828409,2302,0.943875,4.976732246012807,-0.08500902601737176,1.0013152671612708,-0.559661032406563,1.8608703612899564,-0.4597432601913002
arm,13.46,21385304772284,21385298823249,2303,5.949035,4.785770149852733,-0.15900371316593112,1.1868362517340734,-0.5415427755352351,1.6893391805242453,-0.5008331748606015
arm,13.47,21385314772284,21385311613628,2305,3.158656,5.81935009219259,0.29678700146690884,1.246513967542084,-0.6931986425777104,2.045247019716011,-0.2685935649436118
arm,13.48,21385324772284,21385324479978,2307,0.292306,5.2625504460265855,0.07116929593504631,0.931384578477793,-0.6232808346249465,1.9920496191985737,-0.3886426217734106
arm,13.49,21385334772284,21385328837063,2308,5.935221,5.166362048227495,0.08779431812233665,1.0014838493511946,-0.6371359065727008,1.9042654525861384,-0.3829114402161743
arm,13.5,21385344772284,21385335006906,2309,9.765378,5.559924904130035,0.08417872546059045,0.962437914439295,-0.63105895061938,2.0673985483514183,-0.383733995869024
arm,13.51,21385354772284,21385354470079,2311,0.302205,6.3918401729154795,-0.010216273120797818,0.5346254601140449,-0.5841505591242576,2.610588109335979,-0.43598219115187414
arm,13.52,21385364772284,21385360265903,2313,4.506381,5.957697550987076,0.2721884576067509,0.5765391607857612,-0.6741884340779984,2.409216922635497,-0.28235463404126454
arm,13.53,21385374772284,21385369760396,2315,5.011888,5.034789970859574,0.04583049391080872,1.6081808139277145,-0.5824759078744626,1.5703597704960193,-0.3974949923172685
arm,13.54,21385384772284,21385380532693,2316,4.239591,5.551209609479167,0.0681371484173961,1.3880483931329353,-0.5921052480037667,1.8717998537122822,-0.3874173593367205
arm,13.55,21385394772284,21385387632538,2318,7.139746,6.394364984564749,0.11443866058471121,0.49551788102192607,-0.6176666689818637,2.616789552855448,-0.3666373113979006
arm,13.56,21385404772284,21385404183942,2321,0.588342,5.637018233027136,0.08187832778419211,1.196170918694965,-0.5964677613765936,1.9964551363803233,-0.3781716643230478
arm,13.57,21385414772284,21385413542045,2322,1.230239,5.746738281136774,0.21231201867891583,1.1194191895543355,-0.6435486924853379,2.077342837676221,-0.31085219818113263
arm,13.58,21385424772284,21385422404293,2324,2.367991,5.100942858411281,0.16555830263229684,1.2899383071464117,-0.6217564370268491,1.7675488169491702,-0.3305345244352684
arm,13.59,21385434772284,21385433317216,2326,1.455068,4.554441791238218,0.03217996819062428,1.2917778737176495,-0.5890880970344612,1.5390071000099594,-0.40165607684585175
arm,13.6,21385444772284,21385442106193,2327,2.666091,4.850965220643586,0.07685218290361485,1.641764770245281,-0.5976924272135005,1.48115793518687,-0.379965811239298
arm,13.61,21385454772284,21385451706838,2329,3.065446,5.984407532785032,0.015262432199178912,0.7302722140737913,-0.5744093018463461,2.374960760133131,-0.4187022017406712
arm,13.62,21385464772284,21385457414352,2330,7.357932,5.686719230155038,0.009551036781350615,0.7921390774488267,-0.5795505746073163,2.2249194637095275,-0.4257750140778151
arm,13.63,21385474772284,21385469535689,2332,5.236595,4.953286045158862,0.255005710635729,1.4656652765208904,-0.6494042625134993,1.6226764541683063,-0.2843309281337642
arm,13.64,21385484772284,21385483521576,2334,1.250708,5.366734051702173,-0.11181310187918164,1.0411888956675928,-0.5341772005529761,1.9891727552221667,-0.4868038362348072
arm,13.65,21385494772284,21385491380239,2336,3.392045,5.348615152260579,-0.015762712484946734,0.9668209328156775,-0.5672218714404759,2.0165822883210724,-0.43179135313882067
arm,13.66,21385504772284,21385503483389,2338,1.288895,5.510211495721823,0.11529610899490246,0.9060725248067987,-0.6208152915190374,2.1183775548013526,-0.3701209467971007
arm,13.67,21385514772284,21385511519543,2339,3.252741,5.712011037734441,0.09605069757212227,0.8402231099763428,-0.6172322873429168,2.2262222559552725,-0.38060341028344763
arm,13.68,21385524772284,21385521509254,2341,3.26303,4.967986001650476,0.042142974325780055,1.4660988499643053,-0.5900637798751456,1.6410876171524789,-0.4021899788572989
arm,13.69,21385534772284,21385527542584,2342,7.2297,4.4181429107590215,-0.04809902479766503,1.7850248362215755,-0.5551501791650567,1.2753846284860146,-0.4455297690148485
arm,13.7,21385544772284,21385534849015,2343,9.923269,4.671662885715985,-0.04733673602594706,1.5387244795432755,-0.5633366879287792,1.4910621516443117,-0.4496061428292376
arm,13.71,21385554772284,21385551919285,2345,2.852999,5.791084671885783,0.21030754155713943,1.6082888832314477,-0.6505885966840748,1.895128131765897,-0.31865198794117
arm,13.72,21385564772284,21385561399427,2348,3.372857,5.701325082895923,-0.014436848684652177,0.5262983244179162,-0.5846976920633085,2.3926043404279165,-0.43132348609251747
arm,13.73,21385574772284,21385567151142,2349,7.621142,5.4583576562828675,0.01366180867201954,1.108448957660869,-0.584714594781804,2.012886889491504,-0.4103057616850664
arm,13.74,21385584772284,21385580075458,2351,4.696826,5.157369402549852,0.08328270288262639,1.6433480787992671,-0.6040218217512962,1.6459989462079028,-0.37424397802030457
arm,13.75,21385594772284,21385590837886,2353,3.934398,5.126776992411983,0.016202080561230535,1.6204087017842883,-0.5808677449883389,1.637211682870379,-0.4056270882009931
arm,13.76,21385604772284,21385601446263,2355,3.326021,4.755411814743043,-0.07842315772524447,1.789788494952853,-0.5431567892653235,1.4275689451882598,-0.45234177795718
arm,13.77,21385614772284,21385608154704,2356,6.61758,5.13477918639708,-0.17829328620841856,1.3383023513223058,-0.5093117615094713,1.7964779345807014,-0.5046555744047071
arm,13.78,21385624772284,21385619608829,2358,5.163455,5.546894534234551,0.024896365523732256,1.345933572012605,-0.5865480609885014,1.9564655222108234,-0.40241757647758036
arm,13.79,21385634772284,21385631134778,2360,3.637506,4.905560608917855,-0.06891971931313289,1.218461318085623,-0.5539243289932461,1.777864379418965,-0.448717256222997
arm,13.8,21385644772284,21385644290293,2362,0.481991,5.685973916014031,0.0024715267036163418,1.2782292617850979,-0.5824258635923566,2.045476091749928,-0.4188476125319515
arm,13.81,21385654772284,21385648611235,2363,6.161049,5.738768814331002,0.05032818848731442,1.2991997139279514,-0.5932256148915306,2.0682170839265708,-0.3907497899204814
arm,13.82,21385664772284,21385660541302,2365,4.230982,5.760797263908489,-0.18436742413944165,0.9246331341712988,-0.5115388449253625,2.2617914301893753,-0.5201361507450694
arm,13.83,21385674772284,21385671673578,2367,3.098706,5.675189762103086,0.010476306275156678,1.4417920174059269,-0.5685321226370648,1.97877669712782,-0.40882711438863983
arm,13.84,21385684772284,21385684761890,2369,0.010394,4.641733965061649,0.004061227795933937,2.0501732145808087,-0.5651661220504043,1.2890810151754288,-0.4112610348303929
arm,13.85,21385694772284,21385693604174,2371,1.16811,4.635985285969908,-0.06208023509029117,2.3422441671455734,-0.5316783140109781,1.1360922521530845,-0.4391505593752029
arm,13.86,21385704772284,21385699484695,2372,5.287589,4.509085224014547,-0.06864497135259288,2.6770577397660174,-0.5196186303147238,0.929907879317141,-0.43819131572758446
arm,13.87,21385714772284,21385705248861,2373,9.523423,4.976632485437897,-0.08218026849773935,2.161377394257405,-0.5229067248389938,1.3704006821577366,-0.4529803716977628
arm,13.88,21385724772284,21385723080399,2376,1.691885,5.792074277759695,-0.057236718856740476,1.774625856210265,-0.5332530118133432,1.8847781643823653,-0.43965941999604513
arm,13.89,21385734772284,21385728309429,2377,6.462855,4.822444613141532,-0.13051901057880527,2.1435711878800814,-0.5069081621715035,1.332561179280051,-0.47531277550945744
arm,13.9,21385744772284,21385734974419,2378,9.797865,4.803918739292614,-0.16313887301278387,1.9124301411657803,-0.5033011979597286,1.433537246049143,-0.49829178207326347
arm,13.91,21385754772284,21385752462998,2381,2.309286,5.247877184110984,-0.11108787578174756,2.1193239413981892,-0.5210392899773824,1.5107042718326034,-0.470142629908269
arm,13.92,21385764772284,21385764119951,2383,0.652333,6.149733362452972,-0.09803050490887967,0.8001552751698615,-0.5385893365352528,2.51183927186686,-0.4713363478147773
arm,13.93,21385774772284,21385769888548,2384,4.883736,6.551599264118222,0.012897970032170334,0.5234031181344408,-0.5793708846823604,2.804624044147471,-0.4120767963486088
arm,13.94,21385784772284,21385781836419,2386,2.935865,5.318732582815249,-0.04185665214025763,2.292399071901974,-0.5388783980646653,1.4641919434030428,-0.43169842001033487
arm,13.95,21385794772284,21385794344541,2388,0.427743,4.642994085374298,-0.09962212733623231,2.279645644192685,-0.5118863394038854,1.1874013426774948,-0.44888154836023514
arm,13.96,21385804772284,21385799455978,2389,5.316306,4.008208152288144,-0.13222125976636537,2.7597527622862787,-0.49709244153882864,0.7068829108681655,-0.4628518252744348
arm,13.97,21385814772284,21385805767993,2390,9.004291,4.293642160898326,-0.12930025615968088,2.414125920129967,-0.5034418906026582,0.9988944781278779,-0.46506709447974964
arm,13.98,21385824772284,21385824264421,2393,0.507863,5.8917450414096635,0.024645876267809005,1.1921228739140561,-0.576626505555995,2.2353628706541633,-0.39900189858550206
arm,13.99,21385834772284,21385828452726,2394,6.319558,5.503371107047704,0.025284877239410995,1.409070856817259,-0.5724070577270931,1.9828175957123293,-0.39499544757148913
arm,14.0,21385844772284,21385839481530,2396,5.290754,6.10333876200588,-0.2150418978230001,1.1821714887054264,-0.48377732345515,2.323703053988781,-0.5266097028792908
arm,14.01,21385854772284,21385851329687,2398,3.442597,5.339683510028395,-0.07764057042278871,2.1425637343658805,-0.532635146378579,1.5459097765386323,-0.45123164683174327
arm,14.02,21385864772284,21385863151437,2400,1.620847,5.355775392466125,-0.07532515177997287,1.5816642416345486,-0.5358826068172966,1.832743092819284,-0.44410332690877174
arm,14.03,21385874772284,21385869394857,2401,5.377427,6.015101105303496,-0.07309579803625649,0.9929448762926181,-0.5431722772935457,2.3849793471764342,-0.4487546555791426
arm,14.04,21385884772284,21385883509456,2403,1.262828,5.453334530970819,0.03214107396278733,1.6426936498445943,-0.5739747236220651,1.8537165389872865,-0.3879711868650183
arm,14.05,21385894772284,21385891788133,2405,2.984151,5.32121681934817,-0.0792648455842286,1.6730947594680312,-0.5228557257471258,1.779750005734128,-0.4421187710857279
arm,14.06,21385904772284,21385903132424,2407,1.63986,4.900540007722791,-0.06565018840747738,2.393128001726674,-0.5162997993551335,1.2686043576111696,-0.43211702461785134
arm,14.07,21385914772284,21385909925682,2408,4.846602,5.227996667167144,-0.1292081800597472,2.256401592903281,-0.49354426678329366,1.4701567362659924,-0.4658693271551141
arm,14.08,21385924772284,21385924743295,2410,0.028989,5.64795023343277,-0.12380631079859442,1.755000952484541,-0.5138221180114816,1.8836933873209174,-0.47304798232228656
arm,14.09,21385934772284,21385934125699,2412,0.646585,5.5409223045988485,-0.1158669567458015,1.5935045158775316,-0.5146622877199808,1.9297645143140805,-0.467112469281447
arm,14.1,21385944772284,21385940667543,2413,4.104741,6.306357258230964,-0.21821504172877415,0.932459549541778,-0.4878976280608934,2.558383984414928,-0.532136964131592
arm,14.11,21385954772284,21385951803234,2415,2.96905,5.871080910831859,-0.15638879066390854,1.4188904821729076,-0.5086259139656067,2.1468082917784415,-0.4944085359616182
arm,14.12,21385964772284,21385963181950,2417,1.590334,4.889477727575531,-0.07411694886227364,2.2980184966721326,-0.5285389154766061,1.3278952348161412,-0.44569413690880194
arm,14.13,21385974772284,21385970208050,2418,4.564234,5.0344759716726895,-0.07457111019069655,2.1851355619430213,-0.5272205816162715,1.4405130919363816,-0.4436957750655532
arm,14.14,21385984772284,21385984278520,2420,0.493764,4.910347443683541,-0.0501651101003017,2.5476902147302973,-0.5352035353536366,1.22282293501308,-0.42857639994425084
arm,14.15,21385994772284,21385994439185,2422,0.333099,4.833043800947101,-0.07991422365591062,2.3009559074066264,-0.5196973145171956,1.3146042756889773,-0.43840610007098096
arm,14.16,21386004772284,21385999734756,2423,5.037528,4.923184155413733,-0.11707625576096081,2.10335259100219,-0.5073534045281863,1.4479356944834458,-0.4594240357044093
arm,14.17,21386014772284,21386005911687,2424,8.860597,5.243531507370019,-0.11374270779323528,2.0082840081779927,-0.5099169524193093,1.627790527530538,-0.4610515543283349
arm,14.18,21386024772284,21386024716614,2427,0.05567,6.376828282121252,-0.08357331236732143,1.3853160397597097,-0.5279586835283822,2.391604485617889,-0.4523495823025589
arm,14.19,21386034772284,21386029549169,2428,5.223115,6.011069162259999,-0.09681114559213469,1.5206564328286805,-0.5181893377147391,2.1810287193476143,-0.4540765255213155
arm,14.2,21386044772284,21386043120341,2430,1.651943,6.059527492251457,-0.13230496524291538,1.5851369355345106,-0.5007941201063147,2.1747826404360313,-0.47017002899645643
arm,14.21,21386054772284,21386048657530,2431,6.114754,6.084296220300507,-0.10980871060777561,1.628233473961908,-0.5087095860302147,2.1653774017289438,-0.4575086640228528
arm,14.22,21386064772284,21386063101976,2433,1.670308,5.26454974408598,-0.12279967956961403,1.9967843102947247,-0.5027425032241604,1.6622374219770508,-0.4629005746818105
arm,14.23,21386074772284,21386071141198,2435,3.631086,4.903125334460607,-0.12050872023652015,2.1255273282159743,-0.4958462883871107,1.451902885765431,-0.4546806914228333
arm,14.24,21386084772284,21386079568600,2436,5.203684,5.212711117028738,-0.12259820794730192,2.0741379718718065,-0.497563967113239,1.604828545821051,-0.46054041386942624
arm,14.25,21386094772284,21386094456043,2439,0.316241,6.076401588918755,-0.11943665997061542,1.7602760829738895,-0.5004043551226053,2.1159876641036184,-0.463996719032589
arm,14.26,21386104772284,21386098749002,2440,6.023282,5.709958959972111,-0.1620926116364009,1.6746448814280215,-0.4875073328988124,2.0090400541032754,-0.48452233249628945
arm,14.27,21386114772284,21386110795942,2442,3.976342,5.741269753980074,-0.13820528893841968,1.9483594103097837,-0.4954132075910533,1.8895864252133416,-0.47257488772595696
arm,14.28,21386124772284,21386124119206,2444,0.653078,6.136788345718988,-0.13771632909622847,1.9025191765886722,-0.4966007633238393,2.0769491799822513,-0.4749407336075897
arm,14.29,21386134772284,21386134698302,2446,0.073982,5.835473165822063,-0.10542656170292007,1.8714613514404335,-0.5044514069573967,1.9711074175802388,-0.4532303426808229
arm,14.3,21386144772284,21386139592407,2447,5.179877,5.507488344078089,-0.07045301108684744,2.1796335132595415,-0.5146209187069514,1.6863921151374266,-0.433395268109835
arm,14.31,21386154772284,21386147782184,2448,6.9901,5.308074808825646,-0.05324576846655526,2.4190463959288357,-0.5164170127077204,1.4890881805652179,-0.4224508703607954
arm,14.32,21386164772284,21386161477558,2451,3.294726,5.358839281181286,-0.10589107864622892,2.3625623156555884,-0.4946143328407853,1.537966322578296,-0.4497529571632567
arm,14.33,21386174772284,21386167189310,2452,7.582974,5.30363240038105,-0.06890451355984781,2.317167132912306,-0.5116161316007514,1.5378481804938169,-0.43225014325886374
arm,14.34,21386184772284,21386184209694,2454,0.56259,5.563997892664354,-0.20757061220995232,1.994329325215123,-0.46253038804800745,1.800884920749194,-0.5103530150423703
arm,14.35,21386194772284,21386190834847,2456,3.937437,5.867188704224631,-0.09423154927077035,1.9123054973013525,-0.4991961209272182,1.9683758874061696,-0.4483247378689719
arm,14.36,21386204772284,21386203251107,2458,1.521177,6.011530363328114,-0.14283262571091823,1.5227092901137824,-0.4874956334126644,2.217935429857462,-0.4788921021958726
arm,14.37,21386214772284,21386210840794,2459,3.93149,5.974000103202899,-0.0963894755191937,1.437745486324386,-0.5065500761501147,2.240942182771561,-0.4544981058427087
arm,14.38,21386224772284,21386222566775,2461,2.205509,5.752155752038768,-0.10126446972240481,1.7123952946864656,-0.4998058632925328,2.0172282207790073,-0.4544996833402971
arm,14.39,21386234772284,21386231928084,2463,2.8442,5.855390306957125,-0.10466280111021198,1.598338513422559,-0.5010125271414574,2.11290860715466,-0.4595741505734514
arm,14.4,21386244772284,21386244217293,2465,0.554991,5.920015323373475,-0.09303954137939667,1.5234178740899051,-0.5067743388436252,2.1766420897922893,-0.4543209603842205
arm,14.41,21386254772284,21386249694797,2466,5.077487,5.875505294405394,-0.0926950681391324,1.5151078608196296,-0.506554178189994,2.1646919731408065,-0.45247966286501196
arm,14.42,21386264772284,21386260541385,2468,4.230899,5.827069668487105,-0.09151268616516894,1.76252406147563,-0.4945021439792411,2.022695875291065,-0.4416726015059168
arm,14.43,21386274772284,21386267109463,2469,7.662821,5.775693798248938,-0.12587942472867145,1.8326033644260222,-0.4811071753125639,1.9672078194969012,-0.46097772929407077
arm,14.44,21386284772284,21386278605993,2471,6.166291,5.501354831468592,-0.13775467544970174,1.9323398652279025,-0.47766579337054743,1.8041969353936755,-0.46426906723304767
arm,14.45,21386294772284,21386289353455,2473,5.418829,5.226255874193827,-0.14216827510180263,1.95181498674562,-0.48721669219687896,1.6686180976232705,-0.4707453168987303
arm,14.46,21386304772284,21386299531953,2475,5.240331,5.128824534742963,-0.15269031011308323,1.917110270157106,-0.4823734087403066,1.6444735882026156,-0.47267103678531813
arm,14.47,21386314772284,21386311457789,2477,3.314495,5.051496948564281,-0.24070136876075404,2.0318286341508625,-0.45364407763844544,1.5505659783285148,-0.5240424738124018
arm,14.48,21386324772284,21386324084513,2479,0.687771,4.838302759289702,-0.14344011948369728,2.1194362569593013,-0.48762929693992435,1.4218183490150444,-0.4669237519533067
arm,14.49,21386334772284,21386334754656,2481,0.017628,4.94502431335516,-0.176455768180377,1.8929827615581236,-0.4813040704263337,1.5710549441413322,-0.48717867871226456
arm,14.5,21386344772284,21386341812655,2482,2.959629,4.9989646560154215,-0.18373615635837343,1.8361805188189664,-0.4784834624601543,1.6193633745248315,-0.4897690527744595
arm,14.51,21386354772284,21386351079490,2483,3.692794,5.049474492571874,-0.21454240722722454,1.8505470112804479,-0.4692707821226846,1.6349733951141403,-0.5093178877437181
arm,14.52,21386364772284,21386364196277,2486,0.576007,5.166774063322511,-0.1388468388847099,1.745047331284549,-0.497687835202508,1.7407646974122177,-0.468405411684025
arm,14.53,21386374772284,21386370430508,2487,4.341776,5.210693548464522,-0.12734943195751855,1.7055860455724638,-0.5025268699578427,1.7805371152647655,-0.46193259078252275
arm,14.54,21386384772284,21386375681428,2488,9.090856,5.297995719293983,-0.13039589430474088,1.6725364543489734,-0.4985321672410688,1.832472412722533,-0.46089287600452683
arm,14.55,21386394772284,21386387325911,2490,7.446373,5.393939403664781,-0.12306341259517095,1.6481017645538871,-0.5010115626012485,1.8786869910051602,-0.45802515996264054
arm,14.56,21386404772284,21386399010175,2492,5.762109,5.426461470363439,-0.23153069181771047,1.5322104491161346,-0.46194419668732617,1.9449103167094208,-0.514448881641373
arm,14.57,21386414772284,21386414699919,2494,0.072365,5.473762546768807,-0.09413711467269292,1.4560421267385555,-0.511193003513824,1.9994545289305055,-0.4380176401555118
arm,14.58,21386424772284,21386424629035,2496,0.143249,5.426664543070636,-0.14064695885310438,1.5332019354898674,-0.49783417141175457,1.9417339815970962,-0.4664615377810163
arm,14.59,21386434772284,21386434763957,2498,0.008327,5.286916711895167,-0.1733704965298995,1.5453825990979024,-0.4866315740437943,1.8803816294570126,-0.48109228539791216
arm,14.6,21386444772284,21386444348347,2499,0.423937,5.296686804134529,-0.15514932195891953,1.5632939803732007,-0.49573613794624666,1.8742433203510986,-0.4736088257676147
